broker,pair,trade_date,effective_date,sp_days,long_swap_jpy,short_swap_jpy,unit,swap_currency,status,source,fetched_at
ainet_loop,AUD/CHF,2026-08-03,2026-08-04,1,130.0,-200.0,10000,JPY,confirmed,https://inet-sec.co.jp/study/fx-guide/swap-point/swap_zengetu.pdf,2026-09-30T14:29:16+09:00
ainet_loop,AUD/CHF,2026-08-04,2026-08-05,1,130.0,-200.0,10000,JPY,confirmed,https://inet-sec.co.jp/study/fx-guide/swap-point/swap_zengetu.pdf,2026-09-30T14:29:16+09:00
ainet_loop,AUD/CHF,2026-08-05,2026-08-06,3,390.0,-600.0,10000,JPY,confirmed,https://inet-sec.co.jp/study/fx-guide/swap-point/swap_zengetu.pdf,2026-09-30T14:29:16+09:00
ainet_loop,AUD/CHF,2026-08-06,2026-08-07,1,135.0,-210.0,10000,JPY,confirmed,https://inet-sec.co.jp/study/fx-guide/swap-point/swap_zengetu.pdf,2026-09-30T14:29:16+09:00
ainet_loop,AUD/CHF,2026-08-07,2026-08-10,1,135.0,-210.0,10000,JPY,confirmed,https://inet-sec.co.jp/study/fx-guide/swap-point/swap_zengetu.pdf,2026-09-30T14:29:16+09:00
ainet_loop,AUD/CHF,2026-08-10,2026-08-11,1,135.0,-210.0,10000,JPY,confirmed,https://inet-sec.co.jp/study/fx-guide/swap-point/swap_zengetu.pdf,2026-09-30T14:29:16+09:00
ainet_loop,AUD/CHF,2026-08-11,2026-08-12,1,135.0,-210.0,10000,JPY,confirmed,https://inet-sec.co.jp/study/fx-guide/swap-point/swap_zengetu.pdf,2026-09-30T14:29:16+09:00
ainet_loop,AUD/CHF,2026-08-12,2026-08-13,3,405.0,-630.0,10000,JPY,confirmed,https://inet-sec.co.jp/study/fx-guide/swap-point/swap_zengetu.pdf,2026-09-30T14:29:16+09:00
ainet_loop,AUD/CHF,2026-08-13,2026-08-14,1,135.0,-195.0,10000,JPY,confirmed,https://inet-sec.co.jp/study/fx-guide/swap-point/swap_zengetu.pdf,2026-09-30T14:29:16+09:00
ainet_loop,AUD/CHF,2026-08-14,2026-08-17,1,135.0,-195.0,10000,JPY,confirmed,https://inet-sec.co.jp/study/fx-guide/swap-point/swap_zengetu.pdf,2026-09-30T14:29:16+09:00
ainet_loop,AUD/CHF,2026-08-17,2026-08-18,1,135.0,-195.0,10000,JPY,confirmed,https://inet-sec.co.jp/study/fx-guide/swap-point/swap_zengetu.pdf,2026-09-30T14:29:16+09:00
ainet_loop,AUD/CHF,2026-08-18,2026-08-19,1,135.0,-195.0,10000,JPY,confirmed,https://inet-sec.co.jp/study/fx-guide/swap-point/swap_zengetu.pdf,2026-09-30T14:29:16+09:00
ainet_loop,AUD/CHF,2026-08-19,2026-08-20,3,405.0,-585.0,10000,JPY,confirmed,https://inet-sec.co.jp/study/fx-guide/swap-point/swap_zengetu.pdf,2026-09-30T14:29:16+09:00
ainet_loop,AUD/CHF,2026-08-20,2026-08-21,1,135.0,-200.0,10000,JPY,confirmed,https://inet-sec.co.jp/study/fx-guide/swap-point/swap_zengetu.pdf,2026-09-30T14:29:16+09:00
ainet_loop,AUD/CHF,2026-08-21,2026-08-24,1,135.0,-200.0,10000,JPY,confirmed,https://inet-sec.co.jp/study/fx-guide/swap-point/swap_zengetu.pdf,2026-09-30T14:29:16+09:00
ainet_loop,AUD/CHF,2026-08-24,2026-08-25,1,135.0,-200.0,10000,JPY,confirmed,https://inet-sec.co.jp/study/fx-guide/swap-point/swap_zengetu.pdf,2026-09-30T14:29:16+09:00
ainet_loop,AUD/CHF,2026-08-25,2026-08-26,1,135.0,-200.0,10000,JPY,confirmed,https://inet-sec.co.jp/study/fx-guide/swap-point/swap_zengetu.pdf,2026-09-30T14:29:16+09:00
ainet_loop,AUD/CHF,2026-08-26,2026-08-27,3,405.0,-600.0,10000,JPY,confirmed,https://inet-sec.co.jp/study/fx-guide/swap-point/swap_zengetu.pdf,2026-09-30T14:29:16+09:00
ainet_loop,AUD/CHF,2026-08-27,2026-08-28,1,130.0,-195.0,10000,JPY,confirmed,https://inet-sec.co.jp/study/fx-guide/swap-point/swap_zengetu.pdf,2026-09-30T14:29:16+09:00
ainet_loop,AUD/CHF,2026-08-28,2026-08-31,1,130.0,-195.0,10000,JPY,confirmed,https://inet-sec.co.jp/study/fx-guide/swap-point/swap_zengetu.pdf,2026-09-30T14:29:16+09:00
ainet_loop,AUD/CHF,2026-08-31,2026-09-01,1,130.0,-195.0,10000,JPY,confirmed,https://inet-sec.co.jp/study/fx-guide/swap-point/swap_zengetu.pdf,2026-09-30T14:29:16+09:00
ainet_loop,AUD/CHF,2026-09-01,2026-09-02,1,130.0,-195.0,10000,JPY,confirmed,https://inet-sec.co.jp/study/fx-guide/swap-point/swap_zengetu.pdf,2026-10-10T14:48:31+09:00
ainet_loop,AUD/CHF,2026-09-02,2026-09-03,4,520.0,-780.0,10000,JPY,confirmed,https://inet-sec.co.jp/study/fx-guide/swap-point/swap_zengetu.pdf,2026-10-10T14:48:31+09:00
ainet_loop,AUD/CHF,2026-09-03,2026-09-04,0,0.0,0.0,10000,JPY,confirmed,https://inet-sec.co.jp/study/fx-guide/swap-point/swap_zengetu.pdf,2026-10-10T14:48:31+09:00
ainet_loop,AUD/CHF,2026-09-04,2026-09-07,1,115.0,-165.0,10000,JPY,confirmed,https://inet-sec.co.jp/study/fx-guide/swap-point/swap_zengetu.pdf,2026-10-10T14:48:31+09:00
ainet_loop,AUD/CHF,2026-09-07,2026-09-08,1,115.0,-165.0,10000,JPY,confirmed,https://inet-sec.co.jp/study/fx-guide/swap-point/swap_zengetu.pdf,2026-10-10T14:48:31+09:00
ainet_loop,AUD/CHF,2026-09-08,2026-09-09,1,115.0,-165.0,10000,JPY,confirmed,https://inet-sec.co.jp/study/fx-guide/swap-point/swap_zengetu.pdf,2026-10-10T14:48:31+09:00
ainet_loop,AUD/CHF,2026-09-09,2026-09-10,3,345.0,-495.0,10000,JPY,confirmed,https://inet-sec.co.jp/study/fx-guide/swap-point/swap_zengetu.pdf,2026-10-10T14:48:31+09:00
ainet_loop,AUD/CHF,2026-09-10,2026-09-11,1,135.0,-205.0,10000,JPY,confirmed,https://inet-sec.co.jp/study/fx-guide/swap-point/swap_zengetu.pdf,2026-10-10T14:48:31+09:00
ainet_loop,AUD/CHF,2026-09-11,2026-09-14,1,135.0,-205.0,10000,JPY,confirmed,https://inet-sec.co.jp/study/fx-guide/swap-point/swap_zengetu.pdf,2026-10-10T14:48:31+09:00
ainet_loop,AUD/CHF,2026-09-14,2026-09-15,1,135.0,-205.0,10000,JPY,confirmed,https://inet-sec.co.jp/study/fx-guide/swap-point/swap_zengetu.pdf,2026-10-10T14:48:31+09:00
ainet_loop,AUD/CHF,2026-09-15,2026-09-16,1,135.0,-205.0,10000,JPY,confirmed,https://inet-sec.co.jp/study/fx-guide/swap-point/swap_zengetu.pdf,2026-10-10T14:48:31+09:00
ainet_loop,AUD/CHF,2026-09-16,2026-09-17,3,405.0,-615.0,10000,JPY,confirmed,https://inet-sec.co.jp/study/fx-guide/swap-point/swap_zengetu.pdf,2026-10-10T14:48:31+09:00
ainet_loop,AUD/CHF,2026-09-17,2026-09-18,1,135.0,-205.0,10000,JPY,confirmed,https://inet-sec.co.jp/study/fx-guide/swap-point/swap_zengetu.pdf,2026-10-10T14:48:31+09:00
ainet_loop,AUD/CHF,2026-09-18,2026-09-21,1,135.0,-205.0,10000,JPY,confirmed,https://inet-sec.co.jp/study/fx-guide/swap-point/swap_zengetu.pdf,2026-10-10T14:48:31+09:00
ainet_loop,AUD/CHF,2026-09-21,2026-09-22,1,135.0,-205.0,10000,JPY,confirmed,https://inet-sec.co.jp/study/fx-guide/swap-point/swap_zengetu.pdf,2026-10-10T14:48:31+09:00
ainet_loop,AUD/CHF,2026-09-22,2026-09-23,1,135.0,-205.0,10000,JPY,confirmed,https://inet-sec.co.jp/study/fx-guide/swap-point/swap_zengetu.pdf,2026-10-10T14:48:31+09:00
ainet_loop,AUD/CHF,2026-09-23,2026-09-24,3,405.0,-615.0,10000,JPY,confirmed,https://inet-sec.co.jp/study/fx-guide/swap-point/swap_zengetu.pdf,2026-10-10T14:48:31+09:00
ainet_loop,AUD/CHF,2026-09-24,2026-09-25,1,135.0,-205.0,10000,JPY,confirmed,https://inet-sec.co.jp/study/fx-guide/swap-point/swap_zengetu.pdf,2026-10-10T14:48:31+09:00
ainet_loop,AUD/CHF,2026-09-25,2026-09-28,1,135.0,-205.0,10000,JPY,confirmed,https://inet-sec.co.jp/study/fx-guide/swap-point/swap_zengetu.pdf,2026-10-10T14:48:31+09:00
ainet_loop,AUD/CHF,2026-09-28,2026-09-29,1,135.0,-205.0,10000,JPY,confirmed,https://inet-sec.co.jp/study/fx-guide/swap-point/swap_zengetu.pdf,2026-10-10T14:48:31+09:00
ainet_loop,AUD/CHF,2026-09-29,2026-09-30,1,135.0,-205.0,10000,JPY,confirmed,https://inet-sec.co.jp/study/fx-guide/swap-point/swap_zengetu.pdf,2026-10-10T14:48:31+09:00
ainet_loop,AUD/CHF,2026-09-30,2026-10-01,4,540.0,-820.0,10000,JPY,confirmed,https://inet-sec.co.jp/study/fx-guide/swap-point/swap_zengetu.pdf,2026-10-10T14:48:31+09:00
ainet_loop,AUD/CHF,2026-10-01,2026-10-02,1,140.0,-210.0,10000,JPY,confirmed,https://inet-sec.co.jp/study/fx-guide/swap-point/swap_tougetu.pdf,2026-10-10T14:48:33+09:00
ainet_loop,AUD/CHF,2026-10-02,2026-10-05,0,0.0,0.0,10000,JPY,confirmed,https://inet-sec.co.jp/study/fx-guide/swap-point/swap_tougetu.pdf,2026-10-10T14:48:33+09:00
ainet_loop,AUD/CHF,2026-10-05,2026-10-06,1,140.0,-210.0,10000,JPY,confirmed,https://inet-sec.co.jp/study/fx-guide/swap-point/swap_tougetu.pdf,2026-10-10T14:48:33+09:00
ainet_loop,AUD/CHF,2026-10-06,2026-10-07,1,140.0,-210.0,10000,JPY,confirmed,https://inet-sec.co.jp/study/fx-guide/swap-point/swap_tougetu.pdf,2026-10-10T14:48:33+09:00
ainet_loop,AUD/CHF,2026-10-07,2026-10-08,4,560.0,-840.0,10000,JPY,confirmed,https://inet-sec.co.jp/study/fx-guide/swap-point/swap_tougetu.pdf,2026-10-10T14:48:33+09:00
ainet_loop,AUD/CHF,2026-10-08,2026-10-09,0,0.0,0.0,10000,JPY,confirmed,https://inet-sec.co.jp/study/fx-guide/swap-point/swap_tougetu.pdf,2026-10-10T14:48:33+09:00
ainet_loop,AUD/CHF,2026-10-09,2026-10-12,1,140.0,-215.0,10000,JPY,scheduled,https://inet-sec.co.jp/study/fx-guide/swap-point/swap_tougetu.pdf,2026-10-10T14:48:33+09:00
ainet_loop,AUD/CHF,2026-10-12,2026-10-13,1,140.0,-215.0,10000,JPY,scheduled,https://inet-sec.co.jp/study/fx-guide/swap-point/swap_tougetu.pdf,2026-10-10T14:48:33+09:00
ainet_loop,AUD/CHF,2026-10-13,2026-10-14,1,,,10000,JPY,scheduled,https://inet-sec.co.jp/study/fx-guide/swap-point/swap_tougetu.pdf,2026-10-10T14:48:33+09:00
ainet_loop,AUD/CHF,2026-10-14,2026-10-15,3,,,10000,JPY,scheduled,https://inet-sec.co.jp/study/fx-guide/swap-point/swap_tougetu.pdf,2026-10-10T14:48:33+09:00
ainet_loop,AUD/CHF,2026-10-15,2026-10-16,1,,,10000,JPY,scheduled,https://inet-sec.co.jp/study/fx-guide/swap-point/swap_tougetu.pdf,2026-10-10T14:48:33+09:00
ainet_loop,AUD/CHF,2026-10-16,2026-10-19,1,,,10000,JPY,scheduled,https://inet-sec.co.jp/study/fx-guide/swap-point/swap_tougetu.pdf,2026-10-10T14:48:33+09:00
ainet_loop,AUD/CHF,2026-10-19,2026-10-20,1,,,10000,JPY,scheduled,https://inet-sec.co.jp/study/fx-guide/swap-point/swap_tougetu.pdf,2026-10-10T14:48:33+09:00
ainet_loop,AUD/CHF,2026-10-20,2026-10-21,1,,,10000,JPY,scheduled,https://inet-sec.co.jp/study/fx-guide/swap-point/swap_tougetu.pdf,2026-10-10T14:48:33+09:00
ainet_loop,AUD/CHF,2026-10-21,2026-10-22,3,,,10000,JPY,scheduled,https://inet-sec.co.jp/study/fx-guide/swap-point/swap_tougetu.pdf,2026-10-10T14:48:33+09:00
ainet_loop,AUD/CHF,2026-10-22,2026-10-23,1,,,10000,JPY,scheduled,https://inet-sec.co.jp/study/fx-guide/swap-point/swap_tougetu.pdf,2026-10-10T14:48:33+09:00
ainet_loop,AUD/CHF,2026-10-23,2026-10-26,1,,,10000,JPY,scheduled,https://inet-sec.co.jp/study/fx-guide/swap-point/swap_tougetu.pdf,2026-10-10T14:48:33+09:00
ainet_loop,AUD/CHF,2026-10-26,2026-10-27,1,,,10000,JPY,scheduled,https://inet-sec.co.jp/study/fx-guide/swap-point/swap_tougetu.pdf,2026-10-10T14:48:33+09:00
ainet_loop,AUD/CHF,2026-10-27,2026-10-28,1,,,10000,JPY,scheduled,https://inet-sec.co.jp/study/fx-guide/swap-point/swap_tougetu.pdf,2026-10-10T14:48:33+09:00
ainet_loop,AUD/CHF,2026-10-28,2026-10-29,3,,,10000,JPY,scheduled,https://inet-sec.co.jp/study/fx-guide/swap-point/swap_tougetu.pdf,2026-10-10T14:48:33+09:00
ainet_loop,AUD/CHF,2026-10-29,2026-10-30,1,,,10000,JPY,scheduled,https://inet-sec.co.jp/study/fx-guide/swap-point/swap_tougetu.pdf,2026-10-10T14:48:33+09:00
ainet_loop,AUD/CHF,2026-10-30,2026-11-02,1,,,10000,JPY,scheduled,https://inet-sec.co.jp/study/fx-guide/swap-point/swap_tougetu.pdf,2026-10-10T14:48:33+09:00
ainet_loop,AUD/JPY,2026-08-03,2026-08-04,1,110.0,-125.0,10000,JPY,confirmed,https://inet-sec.co.jp/study/fx-guide/swap-point/swap_zengetu.pdf,2026-09-30T14:29:16+09:00
ainet_loop,AUD/JPY,2026-08-04,2026-08-05,1,110.0,-125.0,10000,JPY,confirmed,https://inet-sec.co.jp/study/fx-guide/swap-point/swap_zengetu.pdf,2026-09-30T14:29:16+09:00
ainet_loop,AUD/JPY,2026-08-05,2026-08-06,3,330.0,-375.0,10000,JPY,confirmed,https://inet-sec.co.jp/study/fx-guide/swap-point/swap_zengetu.pdf,2026-09-30T14:29:16+09:00
ainet_loop,AUD/JPY,2026-08-06,2026-08-07,2,180.0,-260.0,10000,JPY,confirmed,https://inet-sec.co.jp/study/fx-guide/swap-point/swap_zengetu.pdf,2026-09-30T14:29:16+09:00
ainet_loop,AUD/JPY,2026-08-07,2026-08-10,1,90.0,-130.0,10000,JPY,confirmed,https://inet-sec.co.jp/study/fx-guide/swap-point/swap_zengetu.pdf,2026-09-30T14:29:16+09:00
ainet_loop,AUD/JPY,2026-08-10,2026-08-11,0,0.0,0.0,10000,JPY,confirmed,https://inet-sec.co.jp/study/fx-guide/swap-point/swap_zengetu.pdf,2026-09-30T14:29:16+09:00
ainet_loop,AUD/JPY,2026-08-11,2026-08-12,1,90.0,-130.0,10000,JPY,confirmed,https://inet-sec.co.jp/study/fx-guide/swap-point/swap_zengetu.pdf,2026-09-30T14:29:16+09:00
ainet_loop,AUD/JPY,2026-08-12,2026-08-13,3,270.0,-390.0,10000,JPY,confirmed,https://inet-sec.co.jp/study/fx-guide/swap-point/swap_zengetu.pdf,2026-09-30T14:29:16+09:00
ainet_loop,AUD/JPY,2026-08-13,2026-08-14,1,90.0,-110.0,10000,JPY,confirmed,https://inet-sec.co.jp/study/fx-guide/swap-point/swap_zengetu.pdf,2026-09-30T14:29:16+09:00
ainet_loop,AUD/JPY,2026-08-14,2026-08-17,1,90.0,-110.0,10000,JPY,confirmed,https://inet-sec.co.jp/study/fx-guide/swap-point/swap_zengetu.pdf,2026-09-30T14:29:16+09:00
ainet_loop,AUD/JPY,2026-08-17,2026-08-18,1,90.0,-110.0,10000,JPY,confirmed,https://inet-sec.co.jp/study/fx-guide/swap-point/swap_zengetu.pdf,2026-09-30T14:29:16+09:00
ainet_loop,AUD/JPY,2026-08-18,2026-08-19,1,90.0,-110.0,10000,JPY,confirmed,https://inet-sec.co.jp/study/fx-guide/swap-point/swap_zengetu.pdf,2026-09-30T14:29:16+09:00
ainet_loop,AUD/JPY,2026-08-19,2026-08-20,3,270.0,-330.0,10000,JPY,confirmed,https://inet-sec.co.jp/study/fx-guide/swap-point/swap_zengetu.pdf,2026-09-30T14:29:16+09:00
ainet_loop,AUD/JPY,2026-08-20,2026-08-21,1,80.0,-100.0,10000,JPY,confirmed,https://inet-sec.co.jp/study/fx-guide/swap-point/swap_zengetu.pdf,2026-09-30T14:29:16+09:00
ainet_loop,AUD/JPY,2026-08-21,2026-08-24,1,80.0,-100.0,10000,JPY,confirmed,https://inet-sec.co.jp/study/fx-guide/swap-point/swap_zengetu.pdf,2026-09-30T14:29:16+09:00
ainet_loop,AUD/JPY,2026-08-24,2026-08-25,1,80.0,-100.0,10000,JPY,confirmed,https://inet-sec.co.jp/study/fx-guide/swap-point/swap_zengetu.pdf,2026-09-30T14:29:16+09:00
ainet_loop,AUD/JPY,2026-08-25,2026-08-26,1,80.0,-100.0,10000,JPY,confirmed,https://inet-sec.co.jp/study/fx-guide/swap-point/swap_zengetu.pdf,2026-09-30T14:29:16+09:00
ainet_loop,AUD/JPY,2026-08-26,2026-08-27,3,240.0,-300.0,10000,JPY,confirmed,https://inet-sec.co.jp/study/fx-guide/swap-point/swap_zengetu.pdf,2026-09-30T14:29:16+09:00
ainet_loop,AUD/JPY,2026-08-27,2026-08-28,1,100.0,-120.0,10000,JPY,confirmed,https://inet-sec.co.jp/study/fx-guide/swap-point/swap_zengetu.pdf,2026-09-30T14:29:16+09:00
ainet_loop,AUD/JPY,2026-08-28,2026-08-31,1,100.0,-120.0,10000,JPY,confirmed,https://inet-sec.co.jp/study/fx-guide/swap-point/swap_zengetu.pdf,2026-09-30T14:29:16+09:00
ainet_loop,AUD/JPY,2026-08-31,2026-09-01,1,100.0,-120.0,10000,JPY,confirmed,https://inet-sec.co.jp/study/fx-guide/swap-point/swap_zengetu.pdf,2026-09-30T14:29:16+09:00
ainet_loop,AUD/JPY,2026-09-01,2026-09-02,1,100.0,-120.0,10000,JPY,confirmed,https://inet-sec.co.jp/study/fx-guide/swap-point/swap_zengetu.pdf,2026-10-10T14:48:31+09:00
ainet_loop,AUD/JPY,2026-09-02,2026-09-03,4,400.0,-480.0,10000,JPY,confirmed,https://inet-sec.co.jp/study/fx-guide/swap-point/swap_zengetu.pdf,2026-10-10T14:48:31+09:00
ainet_loop,AUD/JPY,2026-09-03,2026-09-04,0,0.0,0.0,10000,JPY,confirmed,https://inet-sec.co.jp/study/fx-guide/swap-point/swap_zengetu.pdf,2026-10-10T14:48:31+09:00
ainet_loop,AUD/JPY,2026-09-04,2026-09-07,1,100.0,-110.0,10000,JPY,confirmed,https://inet-sec.co.jp/study/fx-guide/swap-point/swap_zengetu.pdf,2026-10-10T14:48:31+09:00
ainet_loop,AUD/JPY,2026-09-07,2026-09-08,1,100.0,-110.0,10000,JPY,confirmed,https://inet-sec.co.jp/study/fx-guide/swap-point/swap_zengetu.pdf,2026-10-10T14:48:31+09:00
ainet_loop,AUD/JPY,2026-09-08,2026-09-09,1,100.0,-110.0,10000,JPY,confirmed,https://inet-sec.co.jp/study/fx-guide/swap-point/swap_zengetu.pdf,2026-10-10T14:48:31+09:00
ainet_loop,AUD/JPY,2026-09-09,2026-09-10,3,300.0,-330.0,10000,JPY,confirmed,https://inet-sec.co.jp/study/fx-guide/swap-point/swap_zengetu.pdf,2026-10-10T14:48:31+09:00
ainet_loop,AUD/JPY,2026-09-10,2026-09-11,1,110.0,-125.0,10000,JPY,confirmed,https://inet-sec.co.jp/study/fx-guide/swap-point/swap_zengetu.pdf,2026-10-10T14:48:31+09:00
ainet_loop,AUD/JPY,2026-09-11,2026-09-14,1,110.0,-125.0,10000,JPY,confirmed,https://inet-sec.co.jp/study/fx-guide/swap-point/swap_zengetu.pdf,2026-10-10T14:48:31+09:00
ainet_loop,AUD/JPY,2026-09-14,2026-09-15,1,110.0,-125.0,10000,JPY,confirmed,https://inet-sec.co.jp/study/fx-guide/swap-point/swap_zengetu.pdf,2026-10-10T14:48:31+09:00
ainet_loop,AUD/JPY,2026-09-15,2026-09-16,1,110.0,-125.0,10000,JPY,confirmed,https://inet-sec.co.jp/study/fx-guide/swap-point/swap_zengetu.pdf,2026-10-10T14:48:31+09:00
ainet_loop,AUD/JPY,2026-09-16,2026-09-17,6,660.0,-750.0,10000,JPY,confirmed,https://inet-sec.co.jp/study/fx-guide/swap-point/swap_zengetu.pdf,2026-10-10T14:48:31+09:00
ainet_loop,AUD/JPY,2026-09-17,2026-09-18,1,105.0,-125.0,10000,JPY,confirmed,https://inet-sec.co.jp/study/fx-guide/swap-point/swap_zengetu.pdf,2026-10-10T14:48:31+09:00
ainet_loop,AUD/JPY,2026-09-18,2026-09-21,0,0.0,0.0,10000,JPY,confirmed,https://inet-sec.co.jp/study/fx-guide/swap-point/swap_zengetu.pdf,2026-10-10T14:48:31+09:00
ainet_loop,AUD/JPY,2026-09-21,2026-09-22,0,0.0,0.0,10000,JPY,confirmed,https://inet-sec.co.jp/study/fx-guide/swap-point/swap_zengetu.pdf,2026-10-10T14:48:31+09:00
ainet_loop,AUD/JPY,2026-09-22,2026-09-23,0,0.0,0.0,10000,JPY,confirmed,https://inet-sec.co.jp/study/fx-guide/swap-point/swap_zengetu.pdf,2026-10-10T14:48:31+09:00
ainet_loop,AUD/JPY,2026-09-23,2026-09-24,3,315.0,-375.0,10000,JPY,confirmed,https://inet-sec.co.jp/study/fx-guide/swap-point/swap_zengetu.pdf,2026-10-10T14:48:31+09:00
ainet_loop,AUD/JPY,2026-09-24,2026-09-25,1,110.0,-125.0,10000,JPY,confirmed,https://inet-sec.co.jp/study/fx-guide/swap-point/swap_zengetu.pdf,2026-10-10T14:48:31+09:00
ainet_loop,AUD/JPY,2026-09-25,2026-09-28,1,110.0,-125.0,10000,JPY,confirmed,https://inet-sec.co.jp/study/fx-guide/swap-point/swap_zengetu.pdf,2026-10-10T14:48:31+09:00
ainet_loop,AUD/JPY,2026-09-28,2026-09-29,1,110.0,-125.0,10000,JPY,confirmed,https://inet-sec.co.jp/study/fx-guide/swap-point/swap_zengetu.pdf,2026-10-10T14:48:31+09:00
ainet_loop,AUD/JPY,2026-09-29,2026-09-30,1,110.0,-125.0,10000,JPY,confirmed,https://inet-sec.co.jp/study/fx-guide/swap-point/swap_zengetu.pdf,2026-10-10T14:48:31+09:00
ainet_loop,AUD/JPY,2026-09-30,2026-10-01,4,440.0,-500.0,10000,JPY,confirmed,https://inet-sec.co.jp/study/fx-guide/swap-point/swap_zengetu.pdf,2026-10-10T14:48:31+09:00
ainet_loop,AUD/JPY,2026-10-01,2026-10-02,1,105.0,-120.0,10000,JPY,confirmed,https://inet-sec.co.jp/study/fx-guide/swap-point/swap_tougetu.pdf,2026-10-10T14:48:33+09:00
ainet_loop,AUD/JPY,2026-10-02,2026-10-05,0,0.0,0.0,10000,JPY,confirmed,https://inet-sec.co.jp/study/fx-guide/swap-point/swap_tougetu.pdf,2026-10-10T14:48:33+09:00
ainet_loop,AUD/JPY,2026-10-05,2026-10-06,1,105.0,-120.0,10000,JPY,confirmed,https://inet-sec.co.jp/study/fx-guide/swap-point/swap_tougetu.pdf,2026-10-10T14:48:33+09:00
ainet_loop,AUD/JPY,2026-10-06,2026-10-07,1,105.0,-120.0,10000,JPY,confirmed,https://inet-sec.co.jp/study/fx-guide/swap-point/swap_tougetu.pdf,2026-10-10T14:48:33+09:00
ainet_loop,AUD/JPY,2026-10-07,2026-10-08,4,420.0,-480.0,10000,JPY,confirmed,https://inet-sec.co.jp/study/fx-guide/swap-point/swap_tougetu.pdf,2026-10-10T14:48:33+09:00
ainet_loop,AUD/JPY,2026-10-08,2026-10-09,1,70.0,-105.0,10000,JPY,confirmed,https://inet-sec.co.jp/study/fx-guide/swap-point/swap_tougetu.pdf,2026-10-10T14:48:33+09:00
ainet_loop,AUD/JPY,2026-10-09,2026-10-12,0,0.0,0.0,10000,JPY,scheduled,https://inet-sec.co.jp/study/fx-guide/swap-point/swap_tougetu.pdf,2026-10-10T14:48:33+09:00
ainet_loop,AUD/JPY,2026-10-12,2026-10-13,1,70.0,-105.0,10000,JPY,scheduled,https://inet-sec.co.jp/study/fx-guide/swap-point/swap_tougetu.pdf,2026-10-10T14:48:33+09:00
ainet_loop,AUD/JPY,2026-10-13,2026-10-14,1,,,10000,JPY,scheduled,https://inet-sec.co.jp/study/fx-guide/swap-point/swap_tougetu.pdf,2026-10-10T14:48:33+09:00
ainet_loop,AUD/JPY,2026-10-14,2026-10-15,3,,,10000,JPY,scheduled,https://inet-sec.co.jp/study/fx-guide/swap-point/swap_tougetu.pdf,2026-10-10T14:48:33+09:00
ainet_loop,AUD/JPY,2026-10-15,2026-10-16,1,,,10000,JPY,scheduled,https://inet-sec.co.jp/study/fx-guide/swap-point/swap_tougetu.pdf,2026-10-10T14:48:33+09:00
ainet_loop,AUD/JPY,2026-10-16,2026-10-19,1,,,10000,JPY,scheduled,https://inet-sec.co.jp/study/fx-guide/swap-point/swap_tougetu.pdf,2026-10-10T14:48:33+09:00
ainet_loop,AUD/JPY,2026-10-19,2026-10-20,1,,,10000,JPY,scheduled,https://inet-sec.co.jp/study/fx-guide/swap-point/swap_tougetu.pdf,2026-10-10T14:48:33+09:00
ainet_loop,AUD/JPY,2026-10-20,2026-10-21,1,,,10000,JPY,scheduled,https://inet-sec.co.jp/study/fx-guide/swap-point/swap_tougetu.pdf,2026-10-10T14:48:33+09:00
ainet_loop,AUD/JPY,2026-10-21,2026-10-22,3,,,10000,JPY,scheduled,https://inet-sec.co.jp/study/fx-guide/swap-point/swap_tougetu.pdf,2026-10-10T14:48:33+09:00
ainet_loop,AUD/JPY,2026-10-22,2026-10-23,1,,,10000,JPY,scheduled,https://inet-sec.co.jp/study/fx-guide/swap-point/swap_tougetu.pdf,2026-10-10T14:48:33+09:00
ainet_loop,AUD/JPY,2026-10-23,2026-10-26,1,,,10000,JPY,scheduled,https://inet-sec.co.jp/study/fx-guide/swap-point/swap_tougetu.pdf,2026-10-10T14:48:33+09:00
ainet_loop,AUD/JPY,2026-10-26,2026-10-27,1,,,10000,JPY,scheduled,https://inet-sec.co.jp/study/fx-guide/swap-point/swap_tougetu.pdf,2026-10-10T14:48:33+09:00
ainet_loop,AUD/JPY,2026-10-27,2026-10-28,1,,,10000,JPY,scheduled,https://inet-sec.co.jp/study/fx-guide/swap-point/swap_tougetu.pdf,2026-10-10T14:48:33+09:00
ainet_loop,AUD/JPY,2026-10-28,2026-10-29,3,,,10000,JPY,scheduled,https://inet-sec.co.jp/study/fx-guide/swap-point/swap_tougetu.pdf,2026-10-10T14:48:33+09:00
ainet_loop,AUD/JPY,2026-10-29,2026-10-30,2,,,10000,JPY,scheduled,https://inet-sec.co.jp/study/fx-guide/swap-point/swap_tougetu.pdf,2026-10-10T14:48:33+09:00
ainet_loop,AUD/JPY,2026-10-30,2026-11-02,1,,,10000,JPY,scheduled,https://inet-sec.co.jp/study/fx-guide/swap-point/swap_tougetu.pdf,2026-10-10T14:48:33+09:00
ainet_loop,AUD/NZD,2026-08-03,2026-08-04,1,70.0,-74.0,10000,JPY,confirmed,https://inet-sec.co.jp/study/fx-guide/swap-point/swap_zengetu.pdf,2026-09-30T14:29:16+09:00
ainet_loop,AUD/NZD,2026-08-04,2026-08-05,1,70.0,-74.0,10000,JPY,confirmed,https://inet-sec.co.jp/study/fx-guide/swap-point/swap_zengetu.pdf,2026-09-30T14:29:16+09:00
ainet_loop,AUD/NZD,2026-08-05,2026-08-06,3,210.0,-222.0,10000,JPY,confirmed,https://inet-sec.co.jp/study/fx-guide/swap-point/swap_zengetu.pdf,2026-09-30T14:29:16+09:00
ainet_loop,AUD/NZD,2026-08-06,2026-08-07,1,71.0,-75.0,10000,JPY,confirmed,https://inet-sec.co.jp/study/fx-guide/swap-point/swap_zengetu.pdf,2026-09-30T14:29:16+09:00
ainet_loop,AUD/NZD,2026-08-07,2026-08-10,1,71.0,-75.0,10000,JPY,confirmed,https://inet-sec.co.jp/study/fx-guide/swap-point/swap_zengetu.pdf,2026-09-30T14:29:16+09:00
ainet_loop,AUD/NZD,2026-08-10,2026-08-11,1,71.0,-75.0,10000,JPY,confirmed,https://inet-sec.co.jp/study/fx-guide/swap-point/swap_zengetu.pdf,2026-09-30T14:29:16+09:00
ainet_loop,AUD/NZD,2026-08-11,2026-08-12,1,71.0,-75.0,10000,JPY,confirmed,https://inet-sec.co.jp/study/fx-guide/swap-point/swap_zengetu.pdf,2026-09-30T14:29:16+09:00
ainet_loop,AUD/NZD,2026-08-12,2026-08-13,3,213.0,-225.0,10000,JPY,confirmed,https://inet-sec.co.jp/study/fx-guide/swap-point/swap_zengetu.pdf,2026-09-30T14:29:16+09:00
ainet_loop,AUD/NZD,2026-08-13,2026-08-14,1,71.0,-75.0,10000,JPY,confirmed,https://inet-sec.co.jp/study/fx-guide/swap-point/swap_zengetu.pdf,2026-09-30T14:29:16+09:00
ainet_loop,AUD/NZD,2026-08-14,2026-08-17,1,71.0,-75.0,10000,JPY,confirmed,https://inet-sec.co.jp/study/fx-guide/swap-point/swap_zengetu.pdf,2026-09-30T14:29:16+09:00
ainet_loop,AUD/NZD,2026-08-17,2026-08-18,1,71.0,-75.0,10000,JPY,confirmed,https://inet-sec.co.jp/study/fx-guide/swap-point/swap_zengetu.pdf,2026-09-30T14:29:16+09:00
ainet_loop,AUD/NZD,2026-08-18,2026-08-19,1,71.0,-75.0,10000,JPY,confirmed,https://inet-sec.co.jp/study/fx-guide/swap-point/swap_zengetu.pdf,2026-09-30T14:29:16+09:00
ainet_loop,AUD/NZD,2026-08-19,2026-08-20,3,213.0,-225.0,10000,JPY,confirmed,https://inet-sec.co.jp/study/fx-guide/swap-point/swap_zengetu.pdf,2026-09-30T14:29:16+09:00
ainet_loop,AUD/NZD,2026-08-20,2026-08-21,1,71.0,-75.0,10000,JPY,confirmed,https://inet-sec.co.jp/study/fx-guide/swap-point/swap_zengetu.pdf,2026-09-30T14:29:16+09:00
ainet_loop,AUD/NZD,2026-08-21,2026-08-24,1,71.0,-75.0,10000,JPY,confirmed,https://inet-sec.co.jp/study/fx-guide/swap-point/swap_zengetu.pdf,2026-09-30T14:29:16+09:00
ainet_loop,AUD/NZD,2026-08-24,2026-08-25,1,71.0,-75.0,10000,JPY,confirmed,https://inet-sec.co.jp/study/fx-guide/swap-point/swap_zengetu.pdf,2026-09-30T14:29:16+09:00
ainet_loop,AUD/NZD,2026-08-25,2026-08-26,1,71.0,-75.0,10000,JPY,confirmed,https://inet-sec.co.jp/study/fx-guide/swap-point/swap_zengetu.pdf,2026-09-30T14:29:16+09:00
ainet_loop,AUD/NZD,2026-08-26,2026-08-27,3,213.0,-225.0,10000,JPY,confirmed,https://inet-sec.co.jp/study/fx-guide/swap-point/swap_zengetu.pdf,2026-09-30T14:29:16+09:00
ainet_loop,AUD/NZD,2026-08-27,2026-08-28,1,69.0,-73.0,10000,JPY,confirmed,https://inet-sec.co.jp/study/fx-guide/swap-point/swap_zengetu.pdf,2026-09-30T14:29:16+09:00
ainet_loop,AUD/NZD,2026-08-28,2026-08-31,1,69.0,-73.0,10000,JPY,confirmed,https://inet-sec.co.jp/study/fx-guide/swap-point/swap_zengetu.pdf,2026-09-30T14:29:16+09:00
ainet_loop,AUD/NZD,2026-08-31,2026-09-01,1,69.0,-73.0,10000,JPY,confirmed,https://inet-sec.co.jp/study/fx-guide/swap-point/swap_zengetu.pdf,2026-09-30T14:29:16+09:00
ainet_loop,AUD/NZD,2026-09-01,2026-09-02,1,69.0,-73.0,10000,JPY,confirmed,https://inet-sec.co.jp/study/fx-guide/swap-point/swap_zengetu.pdf,2026-10-10T14:48:31+09:00
ainet_loop,AUD/NZD,2026-09-02,2026-09-03,4,276.0,-292.0,10000,JPY,confirmed,https://inet-sec.co.jp/study/fx-guide/swap-point/swap_zengetu.pdf,2026-10-10T14:48:31+09:00
ainet_loop,AUD/NZD,2026-09-03,2026-09-04,0,0.0,0.0,10000,JPY,confirmed,https://inet-sec.co.jp/study/fx-guide/swap-point/swap_zengetu.pdf,2026-10-10T14:48:31+09:00
ainet_loop,AUD/NZD,2026-09-04,2026-09-07,1,70.0,-74.0,10000,JPY,confirmed,https://inet-sec.co.jp/study/fx-guide/swap-point/swap_zengetu.pdf,2026-10-10T14:48:31+09:00
ainet_loop,AUD/NZD,2026-09-07,2026-09-08,1,70.0,-74.0,10000,JPY,confirmed,https://inet-sec.co.jp/study/fx-guide/swap-point/swap_zengetu.pdf,2026-10-10T14:48:31+09:00
ainet_loop,AUD/NZD,2026-09-08,2026-09-09,1,70.0,-74.0,10000,JPY,confirmed,https://inet-sec.co.jp/study/fx-guide/swap-point/swap_zengetu.pdf,2026-10-10T14:48:31+09:00
ainet_loop,AUD/NZD,2026-09-09,2026-09-10,3,210.0,-222.0,10000,JPY,confirmed,https://inet-sec.co.jp/study/fx-guide/swap-point/swap_zengetu.pdf,2026-10-10T14:48:31+09:00
ainet_loop,AUD/NZD,2026-09-10,2026-09-11,1,65.0,-69.0,10000,JPY,confirmed,https://inet-sec.co.jp/study/fx-guide/swap-point/swap_zengetu.pdf,2026-10-10T14:48:31+09:00
ainet_loop,AUD/NZD,2026-09-11,2026-09-14,1,65.0,-69.0,10000,JPY,confirmed,https://inet-sec.co.jp/study/fx-guide/swap-point/swap_zengetu.pdf,2026-10-10T14:48:31+09:00
ainet_loop,AUD/NZD,2026-09-14,2026-09-15,1,65.0,-69.0,10000,JPY,confirmed,https://inet-sec.co.jp/study/fx-guide/swap-point/swap_zengetu.pdf,2026-10-10T14:48:31+09:00
ainet_loop,AUD/NZD,2026-09-15,2026-09-16,1,65.0,-69.0,10000,JPY,confirmed,https://inet-sec.co.jp/study/fx-guide/swap-point/swap_zengetu.pdf,2026-10-10T14:48:31+09:00
ainet_loop,AUD/NZD,2026-09-16,2026-09-17,3,195.0,-207.0,10000,JPY,confirmed,https://inet-sec.co.jp/study/fx-guide/swap-point/swap_zengetu.pdf,2026-10-10T14:48:31+09:00
ainet_loop,AUD/NZD,2026-09-17,2026-09-18,1,60.0,-64.0,10000,JPY,confirmed,https://inet-sec.co.jp/study/fx-guide/swap-point/swap_zengetu.pdf,2026-10-10T14:48:31+09:00
ainet_loop,AUD/NZD,2026-09-18,2026-09-21,1,60.0,-64.0,10000,JPY,confirmed,https://inet-sec.co.jp/study/fx-guide/swap-point/swap_zengetu.pdf,2026-10-10T14:48:31+09:00
ainet_loop,AUD/NZD,2026-09-21,2026-09-22,1,60.0,-64.0,10000,JPY,confirmed,https://inet-sec.co.jp/study/fx-guide/swap-point/swap_zengetu.pdf,2026-10-10T14:48:31+09:00
ainet_loop,AUD/NZD,2026-09-22,2026-09-23,1,60.0,-64.0,10000,JPY,confirmed,https://inet-sec.co.jp/study/fx-guide/swap-point/swap_zengetu.pdf,2026-10-10T14:48:31+09:00
ainet_loop,AUD/NZD,2026-09-23,2026-09-24,3,180.0,-192.0,10000,JPY,confirmed,https://inet-sec.co.jp/study/fx-guide/swap-point/swap_zengetu.pdf,2026-10-10T14:48:31+09:00
ainet_loop,AUD/NZD,2026-09-24,2026-09-25,1,60.0,-64.0,10000,JPY,confirmed,https://inet-sec.co.jp/study/fx-guide/swap-point/swap_zengetu.pdf,2026-10-10T14:48:31+09:00
ainet_loop,AUD/NZD,2026-09-25,2026-09-28,1,60.0,-64.0,10000,JPY,confirmed,https://inet-sec.co.jp/study/fx-guide/swap-point/swap_zengetu.pdf,2026-10-10T14:48:31+09:00
ainet_loop,AUD/NZD,2026-09-28,2026-09-29,1,60.0,-64.0,10000,JPY,confirmed,https://inet-sec.co.jp/study/fx-guide/swap-point/swap_zengetu.pdf,2026-10-10T14:48:31+09:00
ainet_loop,AUD/NZD,2026-09-29,2026-09-30,1,60.0,-64.0,10000,JPY,confirmed,https://inet-sec.co.jp/study/fx-guide/swap-point/swap_zengetu.pdf,2026-10-10T14:48:31+09:00
ainet_loop,AUD/NZD,2026-09-30,2026-10-01,4,240.0,-256.0,10000,JPY,confirmed,https://inet-sec.co.jp/study/fx-guide/swap-point/swap_zengetu.pdf,2026-10-10T14:48:31+09:00
ainet_loop,AUD/NZD,2026-10-01,2026-10-02,1,65.0,-69.0,10000,JPY,confirmed,https://inet-sec.co.jp/study/fx-guide/swap-point/swap_tougetu.pdf,2026-10-10T14:48:33+09:00
ainet_loop,AUD/NZD,2026-10-02,2026-10-05,0,0.0,0.0,10000,JPY,confirmed,https://inet-sec.co.jp/study/fx-guide/swap-point/swap_tougetu.pdf,2026-10-10T14:48:33+09:00
ainet_loop,AUD/NZD,2026-10-05,2026-10-06,1,65.0,-69.0,10000,JPY,confirmed,https://inet-sec.co.jp/study/fx-guide/swap-point/swap_tougetu.pdf,2026-10-10T14:48:33+09:00
ainet_loop,AUD/NZD,2026-10-06,2026-10-07,1,65.0,-69.0,10000,JPY,confirmed,https://inet-sec.co.jp/study/fx-guide/swap-point/swap_tougetu.pdf,2026-10-10T14:48:33+09:00
ainet_loop,AUD/NZD,2026-10-07,2026-10-08,4,260.0,-276.0,10000,JPY,confirmed,https://inet-sec.co.jp/study/fx-guide/swap-point/swap_tougetu.pdf,2026-10-10T14:48:33+09:00
ainet_loop,AUD/NZD,2026-10-08,2026-10-09,0,0.0,0.0,10000,JPY,confirmed,https://inet-sec.co.jp/study/fx-guide/swap-point/swap_tougetu.pdf,2026-10-10T14:48:33+09:00
ainet_loop,AUD/NZD,2026-10-09,2026-10-12,1,67.0,-71.0,10000,JPY,scheduled,https://inet-sec.co.jp/study/fx-guide/swap-point/swap_tougetu.pdf,2026-10-10T14:48:33+09:00
ainet_loop,AUD/NZD,2026-10-12,2026-10-13,1,67.0,-71.0,10000,JPY,scheduled,https://inet-sec.co.jp/study/fx-guide/swap-point/swap_tougetu.pdf,2026-10-10T14:48:33+09:00
ainet_loop,AUD/NZD,2026-10-13,2026-10-14,1,,,10000,JPY,scheduled,https://inet-sec.co.jp/study/fx-guide/swap-point/swap_tougetu.pdf,2026-10-10T14:48:33+09:00
ainet_loop,AUD/NZD,2026-10-14,2026-10-15,3,,,10000,JPY,scheduled,https://inet-sec.co.jp/study/fx-guide/swap-point/swap_tougetu.pdf,2026-10-10T14:48:33+09:00
ainet_loop,AUD/NZD,2026-10-15,2026-10-16,1,,,10000,JPY,scheduled,https://inet-sec.co.jp/study/fx-guide/swap-point/swap_tougetu.pdf,2026-10-10T14:48:33+09:00
ainet_loop,AUD/NZD,2026-10-16,2026-10-19,1,,,10000,JPY,scheduled,https://inet-sec.co.jp/study/fx-guide/swap-point/swap_tougetu.pdf,2026-10-10T14:48:33+09:00
ainet_loop,AUD/NZD,2026-10-19,2026-10-20,1,,,10000,JPY,scheduled,https://inet-sec.co.jp/study/fx-guide/swap-point/swap_tougetu.pdf,2026-10-10T14:48:33+09:00
ainet_loop,AUD/NZD,2026-10-20,2026-10-21,1,,,10000,JPY,scheduled,https://inet-sec.co.jp/study/fx-guide/swap-point/swap_tougetu.pdf,2026-10-10T14:48:33+09:00
ainet_loop,AUD/NZD,2026-10-21,2026-10-22,4,,,10000,JPY,scheduled,https://inet-sec.co.jp/study/fx-guide/swap-point/swap_tougetu.pdf,2026-10-10T14:48:33+09:00
ainet_loop,AUD/NZD,2026-10-22,2026-10-23,1,,,10000,JPY,scheduled,https://inet-sec.co.jp/study/fx-guide/swap-point/swap_tougetu.pdf,2026-10-10T14:48:33+09:00
ainet_loop,AUD/NZD,2026-10-23,2026-10-26,0,,,10000,JPY,scheduled,https://inet-sec.co.jp/study/fx-guide/swap-point/swap_tougetu.pdf,2026-10-10T14:48:33+09:00
ainet_loop,AUD/NZD,2026-10-26,2026-10-27,1,,,10000,JPY,scheduled,https://inet-sec.co.jp/study/fx-guide/swap-point/swap_tougetu.pdf,2026-10-10T14:48:33+09:00
ainet_loop,AUD/NZD,2026-10-27,2026-10-28,1,,,10000,JPY,scheduled,https://inet-sec.co.jp/study/fx-guide/swap-point/swap_tougetu.pdf,2026-10-10T14:48:33+09:00
ainet_loop,AUD/NZD,2026-10-28,2026-10-29,3,,,10000,JPY,scheduled,https://inet-sec.co.jp/study/fx-guide/swap-point/swap_tougetu.pdf,2026-10-10T14:48:33+09:00
ainet_loop,AUD/NZD,2026-10-29,2026-10-30,1,,,10000,JPY,scheduled,https://inet-sec.co.jp/study/fx-guide/swap-point/swap_tougetu.pdf,2026-10-10T14:48:33+09:00
ainet_loop,AUD/NZD,2026-10-30,2026-11-02,1,,,10000,JPY,scheduled,https://inet-sec.co.jp/study/fx-guide/swap-point/swap_tougetu.pdf,2026-10-10T14:48:33+09:00
ainet_loop,AUD/USD,2026-08-03,2026-08-04,1,0.0,-40.0,10000,JPY,confirmed,https://inet-sec.co.jp/study/fx-guide/swap-point/swap_zengetu.pdf,2026-09-30T14:29:16+09:00
ainet_loop,AUD/USD,2026-08-04,2026-08-05,1,0.0,-40.0,10000,JPY,confirmed,https://inet-sec.co.jp/study/fx-guide/swap-point/swap_zengetu.pdf,2026-09-30T14:29:16+09:00
ainet_loop,AUD/USD,2026-08-05,2026-08-06,3,0.0,-120.0,10000,JPY,confirmed,https://inet-sec.co.jp/study/fx-guide/swap-point/swap_zengetu.pdf,2026-09-30T14:29:16+09:00
ainet_loop,AUD/USD,2026-08-06,2026-08-07,1,0.0,-40.0,10000,JPY,confirmed,https://inet-sec.co.jp/study/fx-guide/swap-point/swap_zengetu.pdf,2026-09-30T14:29:16+09:00
ainet_loop,AUD/USD,2026-08-07,2026-08-10,1,0.0,-40.0,10000,JPY,confirmed,https://inet-sec.co.jp/study/fx-guide/swap-point/swap_zengetu.pdf,2026-09-30T14:29:16+09:00
ainet_loop,AUD/USD,2026-08-10,2026-08-11,1,0.0,-40.0,10000,JPY,confirmed,https://inet-sec.co.jp/study/fx-guide/swap-point/swap_zengetu.pdf,2026-09-30T14:29:16+09:00
ainet_loop,AUD/USD,2026-08-11,2026-08-12,1,0.0,-40.0,10000,JPY,confirmed,https://inet-sec.co.jp/study/fx-guide/swap-point/swap_zengetu.pdf,2026-09-30T14:29:16+09:00
ainet_loop,AUD/USD,2026-08-12,2026-08-13,3,0.0,-120.0,10000,JPY,confirmed,https://inet-sec.co.jp/study/fx-guide/swap-point/swap_zengetu.pdf,2026-09-30T14:29:16+09:00
ainet_loop,AUD/USD,2026-08-13,2026-08-14,1,0.0,-40.0,10000,JPY,confirmed,https://inet-sec.co.jp/study/fx-guide/swap-point/swap_zengetu.pdf,2026-09-30T14:29:16+09:00
ainet_loop,AUD/USD,2026-08-14,2026-08-17,1,0.0,-40.0,10000,JPY,confirmed,https://inet-sec.co.jp/study/fx-guide/swap-point/swap_zengetu.pdf,2026-09-30T14:29:16+09:00
ainet_loop,AUD/USD,2026-08-17,2026-08-18,1,0.0,-40.0,10000,JPY,confirmed,https://inet-sec.co.jp/study/fx-guide/swap-point/swap_zengetu.pdf,2026-09-30T14:29:16+09:00
ainet_loop,AUD/USD,2026-08-18,2026-08-19,1,0.0,-40.0,10000,JPY,confirmed,https://inet-sec.co.jp/study/fx-guide/swap-point/swap_zengetu.pdf,2026-09-30T14:29:16+09:00
ainet_loop,AUD/USD,2026-08-19,2026-08-20,3,0.0,-120.0,10000,JPY,confirmed,https://inet-sec.co.jp/study/fx-guide/swap-point/swap_zengetu.pdf,2026-09-30T14:29:16+09:00
ainet_loop,AUD/USD,2026-08-20,2026-08-21,1,0.0,-20.0,10000,JPY,confirmed,https://inet-sec.co.jp/study/fx-guide/swap-point/swap_zengetu.pdf,2026-09-30T14:29:16+09:00
ainet_loop,AUD/USD,2026-08-21,2026-08-24,1,0.0,-20.0,10000,JPY,confirmed,https://inet-sec.co.jp/study/fx-guide/swap-point/swap_zengetu.pdf,2026-09-30T14:29:16+09:00
ainet_loop,AUD/USD,2026-08-24,2026-08-25,1,0.0,-20.0,10000,JPY,confirmed,https://inet-sec.co.jp/study/fx-guide/swap-point/swap_zengetu.pdf,2026-09-30T14:29:16+09:00
ainet_loop,AUD/USD,2026-08-25,2026-08-26,1,0.0,-20.0,10000,JPY,confirmed,https://inet-sec.co.jp/study/fx-guide/swap-point/swap_zengetu.pdf,2026-09-30T14:29:16+09:00
ainet_loop,AUD/USD,2026-08-26,2026-08-27,3,0.0,-60.0,10000,JPY,confirmed,https://inet-sec.co.jp/study/fx-guide/swap-point/swap_zengetu.pdf,2026-09-30T14:29:16+09:00
ainet_loop,AUD/USD,2026-08-27,2026-08-28,1,0.0,-30.0,10000,JPY,confirmed,https://inet-sec.co.jp/study/fx-guide/swap-point/swap_zengetu.pdf,2026-09-30T14:29:16+09:00
ainet_loop,AUD/USD,2026-08-28,2026-08-31,1,0.0,-30.0,10000,JPY,confirmed,https://inet-sec.co.jp/study/fx-guide/swap-point/swap_zengetu.pdf,2026-09-30T14:29:16+09:00
ainet_loop,AUD/USD,2026-08-31,2026-09-01,1,0.0,-30.0,10000,JPY,confirmed,https://inet-sec.co.jp/study/fx-guide/swap-point/swap_zengetu.pdf,2026-09-30T14:29:16+09:00
ainet_loop,AUD/USD,2026-09-01,2026-09-02,1,0.0,-30.0,10000,JPY,confirmed,https://inet-sec.co.jp/study/fx-guide/swap-point/swap_zengetu.pdf,2026-10-10T14:48:31+09:00
ainet_loop,AUD/USD,2026-09-02,2026-09-03,4,0.0,-120.0,10000,JPY,confirmed,https://inet-sec.co.jp/study/fx-guide/swap-point/swap_zengetu.pdf,2026-10-10T14:48:31+09:00
ainet_loop,AUD/USD,2026-09-03,2026-09-04,0,0.0,0.0,10000,JPY,confirmed,https://inet-sec.co.jp/study/fx-guide/swap-point/swap_zengetu.pdf,2026-10-10T14:48:31+09:00
ainet_loop,AUD/USD,2026-09-04,2026-09-07,1,10.0,-25.0,10000,JPY,confirmed,https://inet-sec.co.jp/study/fx-guide/swap-point/swap_zengetu.pdf,2026-10-10T14:48:31+09:00
ainet_loop,AUD/USD,2026-09-07,2026-09-08,1,10.0,-25.0,10000,JPY,confirmed,https://inet-sec.co.jp/study/fx-guide/swap-point/swap_zengetu.pdf,2026-10-10T14:48:31+09:00
ainet_loop,AUD/USD,2026-09-08,2026-09-09,1,10.0,-25.0,10000,JPY,confirmed,https://inet-sec.co.jp/study/fx-guide/swap-point/swap_zengetu.pdf,2026-10-10T14:48:31+09:00
ainet_loop,AUD/USD,2026-09-09,2026-09-10,3,30.0,-75.0,10000,JPY,confirmed,https://inet-sec.co.jp/study/fx-guide/swap-point/swap_zengetu.pdf,2026-10-10T14:48:31+09:00
ainet_loop,AUD/USD,2026-09-10,2026-09-11,1,0.0,-40.0,10000,JPY,confirmed,https://inet-sec.co.jp/study/fx-guide/swap-point/swap_zengetu.pdf,2026-10-10T14:48:31+09:00
ainet_loop,AUD/USD,2026-09-11,2026-09-14,1,0.0,-40.0,10000,JPY,confirmed,https://inet-sec.co.jp/study/fx-guide/swap-point/swap_zengetu.pdf,2026-10-10T14:48:31+09:00
ainet_loop,AUD/USD,2026-09-14,2026-09-15,1,0.0,-40.0,10000,JPY,confirmed,https://inet-sec.co.jp/study/fx-guide/swap-point/swap_zengetu.pdf,2026-10-10T14:48:31+09:00
ainet_loop,AUD/USD,2026-09-15,2026-09-16,1,0.0,-40.0,10000,JPY,confirmed,https://inet-sec.co.jp/study/fx-guide/swap-point/swap_zengetu.pdf,2026-10-10T14:48:31+09:00
ainet_loop,AUD/USD,2026-09-16,2026-09-17,3,0.0,-120.0,10000,JPY,confirmed,https://inet-sec.co.jp/study/fx-guide/swap-point/swap_zengetu.pdf,2026-10-10T14:48:31+09:00
ainet_loop,AUD/USD,2026-09-17,2026-09-18,1,0.0,-30.0,10000,JPY,confirmed,https://inet-sec.co.jp/study/fx-guide/swap-point/swap_zengetu.pdf,2026-10-10T14:48:31+09:00
ainet_loop,AUD/USD,2026-09-18,2026-09-21,1,0.0,-30.0,10000,JPY,confirmed,https://inet-sec.co.jp/study/fx-guide/swap-point/swap_zengetu.pdf,2026-10-10T14:48:31+09:00
ainet_loop,AUD/USD,2026-09-21,2026-09-22,1,0.0,-30.0,10000,JPY,confirmed,https://inet-sec.co.jp/study/fx-guide/swap-point/swap_zengetu.pdf,2026-10-10T14:48:31+09:00
ainet_loop,AUD/USD,2026-09-22,2026-09-23,1,0.0,-30.0,10000,JPY,confirmed,https://inet-sec.co.jp/study/fx-guide/swap-point/swap_zengetu.pdf,2026-10-10T14:48:31+09:00
ainet_loop,AUD/USD,2026-09-23,2026-09-24,3,0.0,-90.0,10000,JPY,confirmed,https://inet-sec.co.jp/study/fx-guide/swap-point/swap_zengetu.pdf,2026-10-10T14:48:31+09:00
ainet_loop,AUD/USD,2026-09-24,2026-09-25,1,0.0,-20.0,10000,JPY,confirmed,https://inet-sec.co.jp/study/fx-guide/swap-point/swap_zengetu.pdf,2026-10-10T14:48:31+09:00
ainet_loop,AUD/USD,2026-09-25,2026-09-28,1,0.0,-20.0,10000,JPY,confirmed,https://inet-sec.co.jp/study/fx-guide/swap-point/swap_zengetu.pdf,2026-10-10T14:48:31+09:00
ainet_loop,AUD/USD,2026-09-28,2026-09-29,1,0.0,-20.0,10000,JPY,confirmed,https://inet-sec.co.jp/study/fx-guide/swap-point/swap_zengetu.pdf,2026-10-10T14:48:31+09:00
ainet_loop,AUD/USD,2026-09-29,2026-09-30,1,0.0,-20.0,10000,JPY,confirmed,https://inet-sec.co.jp/study/fx-guide/swap-point/swap_zengetu.pdf,2026-10-10T14:48:31+09:00
ainet_loop,AUD/USD,2026-09-30,2026-10-01,4,0.0,-80.0,10000,JPY,confirmed,https://inet-sec.co.jp/study/fx-guide/swap-point/swap_zengetu.pdf,2026-10-10T14:48:31+09:00
ainet_loop,AUD/USD,2026-10-01,2026-10-02,1,0.0,-40.0,10000,JPY,confirmed,https://inet-sec.co.jp/study/fx-guide/swap-point/swap_tougetu.pdf,2026-10-10T14:48:33+09:00
ainet_loop,AUD/USD,2026-10-02,2026-10-05,0,0.0,0.0,10000,JPY,confirmed,https://inet-sec.co.jp/study/fx-guide/swap-point/swap_tougetu.pdf,2026-10-10T14:48:33+09:00
ainet_loop,AUD/USD,2026-10-05,2026-10-06,1,0.0,-40.0,10000,JPY,confirmed,https://inet-sec.co.jp/study/fx-guide/swap-point/swap_tougetu.pdf,2026-10-10T14:48:33+09:00
ainet_loop,AUD/USD,2026-10-06,2026-10-07,1,0.0,-40.0,10000,JPY,confirmed,https://inet-sec.co.jp/study/fx-guide/swap-point/swap_tougetu.pdf,2026-10-10T14:48:33+09:00
ainet_loop,AUD/USD,2026-10-07,2026-10-08,4,0.0,-160.0,10000,JPY,confirmed,https://inet-sec.co.jp/study/fx-guide/swap-point/swap_tougetu.pdf,2026-10-10T14:48:33+09:00
ainet_loop,AUD/USD,2026-10-08,2026-10-09,0,0.0,0.0,10000,JPY,confirmed,https://inet-sec.co.jp/study/fx-guide/swap-point/swap_tougetu.pdf,2026-10-10T14:48:33+09:00
ainet_loop,AUD/USD,2026-10-09,2026-10-12,1,0.0,-40.0,10000,JPY,scheduled,https://inet-sec.co.jp/study/fx-guide/swap-point/swap_tougetu.pdf,2026-10-10T14:48:33+09:00
ainet_loop,AUD/USD,2026-10-12,2026-10-13,1,0.0,-40.0,10000,JPY,scheduled,https://inet-sec.co.jp/study/fx-guide/swap-point/swap_tougetu.pdf,2026-10-10T14:48:33+09:00
ainet_loop,AUD/USD,2026-10-13,2026-10-14,1,,,10000,JPY,scheduled,https://inet-sec.co.jp/study/fx-guide/swap-point/swap_tougetu.pdf,2026-10-10T14:48:33+09:00
ainet_loop,AUD/USD,2026-10-14,2026-10-15,3,,,10000,JPY,scheduled,https://inet-sec.co.jp/study/fx-guide/swap-point/swap_tougetu.pdf,2026-10-10T14:48:33+09:00
ainet_loop,AUD/USD,2026-10-15,2026-10-16,1,,,10000,JPY,scheduled,https://inet-sec.co.jp/study/fx-guide/swap-point/swap_tougetu.pdf,2026-10-10T14:48:33+09:00
ainet_loop,AUD/USD,2026-10-16,2026-10-19,1,,,10000,JPY,scheduled,https://inet-sec.co.jp/study/fx-guide/swap-point/swap_tougetu.pdf,2026-10-10T14:48:33+09:00
ainet_loop,AUD/USD,2026-10-19,2026-10-20,1,,,10000,JPY,scheduled,https://inet-sec.co.jp/study/fx-guide/swap-point/swap_tougetu.pdf,2026-10-10T14:48:33+09:00
ainet_loop,AUD/USD,2026-10-20,2026-10-21,1,,,10000,JPY,scheduled,https://inet-sec.co.jp/study/fx-guide/swap-point/swap_tougetu.pdf,2026-10-10T14:48:33+09:00
ainet_loop,AUD/USD,2026-10-21,2026-10-22,3,,,10000,JPY,scheduled,https://inet-sec.co.jp/study/fx-guide/swap-point/swap_tougetu.pdf,2026-10-10T14:48:33+09:00
ainet_loop,AUD/USD,2026-10-22,2026-10-23,1,,,10000,JPY,scheduled,https://inet-sec.co.jp/study/fx-guide/swap-point/swap_tougetu.pdf,2026-10-10T14:48:33+09:00
ainet_loop,AUD/USD,2026-10-23,2026-10-26,1,,,10000,JPY,scheduled,https://inet-sec.co.jp/study/fx-guide/swap-point/swap_tougetu.pdf,2026-10-10T14:48:33+09:00
ainet_loop,AUD/USD,2026-10-26,2026-10-27,1,,,10000,JPY,scheduled,https://inet-sec.co.jp/study/fx-guide/swap-point/swap_tougetu.pdf,2026-10-10T14:48:33+09:00
ainet_loop,AUD/USD,2026-10-27,2026-10-28,1,,,10000,JPY,scheduled,https://inet-sec.co.jp/study/fx-guide/swap-point/swap_tougetu.pdf,2026-10-10T14:48:33+09:00
ainet_loop,AUD/USD,2026-10-28,2026-10-29,3,,,10000,JPY,scheduled,https://inet-sec.co.jp/study/fx-guide/swap-point/swap_tougetu.pdf,2026-10-10T14:48:33+09:00
ainet_loop,AUD/USD,2026-10-29,2026-10-30,1,,,10000,JPY,scheduled,https://inet-sec.co.jp/study/fx-guide/swap-point/swap_tougetu.pdf,2026-10-10T14:48:33+09:00
ainet_loop,AUD/USD,2026-10-30,2026-11-02,1,,,10000,JPY,scheduled,https://inet-sec.co.jp/study/fx-guide/swap-point/swap_tougetu.pdf,2026-10-10T14:48:33+09:00
ainet_loop,CAD/JPY,2026-08-03,2026-08-04,1,40.0,-70.0,10000,JPY,confirmed,https://inet-sec.co.jp/study/fx-guide/swap-point/swap_zengetu.pdf,2026-09-30T14:29:16+09:00
ainet_loop,CAD/JPY,2026-08-04,2026-08-05,1,40.0,-70.0,10000,JPY,confirmed,https://inet-sec.co.jp/study/fx-guide/swap-point/swap_zengetu.pdf,2026-09-30T14:29:16+09:00
ainet_loop,CAD/JPY,2026-08-05,2026-08-06,3,120.0,-210.0,10000,JPY,confirmed,https://inet-sec.co.jp/study/fx-guide/swap-point/swap_zengetu.pdf,2026-09-30T14:29:16+09:00
ainet_loop,CAD/JPY,2026-08-06,2026-08-07,2,70.0,-120.0,10000,JPY,confirmed,https://inet-sec.co.jp/study/fx-guide/swap-point/swap_zengetu.pdf,2026-09-30T14:29:16+09:00
ainet_loop,CAD/JPY,2026-08-07,2026-08-10,1,35.0,-60.0,10000,JPY,confirmed,https://inet-sec.co.jp/study/fx-guide/swap-point/swap_zengetu.pdf,2026-09-30T14:29:16+09:00
ainet_loop,CAD/JPY,2026-08-10,2026-08-11,0,0.0,0.0,10000,JPY,confirmed,https://inet-sec.co.jp/study/fx-guide/swap-point/swap_zengetu.pdf,2026-09-30T14:29:16+09:00
ainet_loop,CAD/JPY,2026-08-11,2026-08-12,1,35.0,-60.0,10000,JPY,confirmed,https://inet-sec.co.jp/study/fx-guide/swap-point/swap_zengetu.pdf,2026-09-30T14:29:16+09:00
ainet_loop,CAD/JPY,2026-08-12,2026-08-13,3,105.0,-180.0,10000,JPY,confirmed,https://inet-sec.co.jp/study/fx-guide/swap-point/swap_zengetu.pdf,2026-09-30T14:29:16+09:00
ainet_loop,CAD/JPY,2026-08-13,2026-08-14,1,40.0,-70.0,10000,JPY,confirmed,https://inet-sec.co.jp/study/fx-guide/swap-point/swap_zengetu.pdf,2026-09-30T14:29:16+09:00
ainet_loop,CAD/JPY,2026-08-14,2026-08-17,1,40.0,-70.0,10000,JPY,confirmed,https://inet-sec.co.jp/study/fx-guide/swap-point/swap_zengetu.pdf,2026-09-30T14:29:16+09:00
ainet_loop,CAD/JPY,2026-08-17,2026-08-18,1,40.0,-70.0,10000,JPY,confirmed,https://inet-sec.co.jp/study/fx-guide/swap-point/swap_zengetu.pdf,2026-09-30T14:29:16+09:00
ainet_loop,CAD/JPY,2026-08-18,2026-08-19,1,40.0,-70.0,10000,JPY,confirmed,https://inet-sec.co.jp/study/fx-guide/swap-point/swap_zengetu.pdf,2026-09-30T14:29:16+09:00
ainet_loop,CAD/JPY,2026-08-19,2026-08-20,3,120.0,-210.0,10000,JPY,confirmed,https://inet-sec.co.jp/study/fx-guide/swap-point/swap_zengetu.pdf,2026-09-30T14:29:16+09:00
ainet_loop,CAD/JPY,2026-08-20,2026-08-21,1,40.0,-65.0,10000,JPY,confirmed,https://inet-sec.co.jp/study/fx-guide/swap-point/swap_zengetu.pdf,2026-09-30T14:29:16+09:00
ainet_loop,CAD/JPY,2026-08-21,2026-08-24,1,40.0,-65.0,10000,JPY,confirmed,https://inet-sec.co.jp/study/fx-guide/swap-point/swap_zengetu.pdf,2026-09-30T14:29:16+09:00
ainet_loop,CAD/JPY,2026-08-24,2026-08-25,1,40.0,-65.0,10000,JPY,confirmed,https://inet-sec.co.jp/study/fx-guide/swap-point/swap_zengetu.pdf,2026-09-30T14:29:16+09:00
ainet_loop,CAD/JPY,2026-08-25,2026-08-26,1,40.0,-65.0,10000,JPY,confirmed,https://inet-sec.co.jp/study/fx-guide/swap-point/swap_zengetu.pdf,2026-09-30T14:29:16+09:00
ainet_loop,CAD/JPY,2026-08-26,2026-08-27,3,120.0,-195.0,10000,JPY,confirmed,https://inet-sec.co.jp/study/fx-guide/swap-point/swap_zengetu.pdf,2026-09-30T14:29:16+09:00
ainet_loop,CAD/JPY,2026-08-27,2026-08-28,1,40.0,-65.0,10000,JPY,confirmed,https://inet-sec.co.jp/study/fx-guide/swap-point/swap_zengetu.pdf,2026-09-30T14:29:16+09:00
ainet_loop,CAD/JPY,2026-08-28,2026-08-31,1,40.0,-65.0,10000,JPY,confirmed,https://inet-sec.co.jp/study/fx-guide/swap-point/swap_zengetu.pdf,2026-09-30T14:29:16+09:00
ainet_loop,CAD/JPY,2026-08-31,2026-09-01,1,40.0,-65.0,10000,JPY,confirmed,https://inet-sec.co.jp/study/fx-guide/swap-point/swap_zengetu.pdf,2026-09-30T14:29:16+09:00
ainet_loop,CAD/JPY,2026-09-01,2026-09-02,1,40.0,-65.0,10000,JPY,confirmed,https://inet-sec.co.jp/study/fx-guide/swap-point/swap_zengetu.pdf,2026-10-10T14:48:31+09:00
ainet_loop,CAD/JPY,2026-09-02,2026-09-03,4,160.0,-260.0,10000,JPY,confirmed,https://inet-sec.co.jp/study/fx-guide/swap-point/swap_zengetu.pdf,2026-10-10T14:48:31+09:00
ainet_loop,CAD/JPY,2026-09-03,2026-09-04,0,0.0,0.0,10000,JPY,confirmed,https://inet-sec.co.jp/study/fx-guide/swap-point/swap_zengetu.pdf,2026-10-10T14:48:31+09:00
ainet_loop,CAD/JPY,2026-09-04,2026-09-07,1,25.0,-45.0,10000,JPY,confirmed,https://inet-sec.co.jp/study/fx-guide/swap-point/swap_zengetu.pdf,2026-10-10T14:48:31+09:00
ainet_loop,CAD/JPY,2026-09-07,2026-09-08,1,25.0,-45.0,10000,JPY,confirmed,https://inet-sec.co.jp/study/fx-guide/swap-point/swap_zengetu.pdf,2026-10-10T14:48:31+09:00
ainet_loop,CAD/JPY,2026-09-08,2026-09-09,1,25.0,-45.0,10000,JPY,confirmed,https://inet-sec.co.jp/study/fx-guide/swap-point/swap_zengetu.pdf,2026-10-10T14:48:31+09:00
ainet_loop,CAD/JPY,2026-09-09,2026-09-10,3,75.0,-135.0,10000,JPY,confirmed,https://inet-sec.co.jp/study/fx-guide/swap-point/swap_zengetu.pdf,2026-10-10T14:48:31+09:00
ainet_loop,CAD/JPY,2026-09-10,2026-09-11,1,40.0,-65.0,10000,JPY,confirmed,https://inet-sec.co.jp/study/fx-guide/swap-point/swap_zengetu.pdf,2026-10-10T14:48:31+09:00
ainet_loop,CAD/JPY,2026-09-11,2026-09-14,1,40.0,-65.0,10000,JPY,confirmed,https://inet-sec.co.jp/study/fx-guide/swap-point/swap_zengetu.pdf,2026-10-10T14:48:31+09:00
ainet_loop,CAD/JPY,2026-09-14,2026-09-15,1,40.0,-65.0,10000,JPY,confirmed,https://inet-sec.co.jp/study/fx-guide/swap-point/swap_zengetu.pdf,2026-10-10T14:48:31+09:00
ainet_loop,CAD/JPY,2026-09-15,2026-09-16,1,40.0,-65.0,10000,JPY,confirmed,https://inet-sec.co.jp/study/fx-guide/swap-point/swap_zengetu.pdf,2026-10-10T14:48:31+09:00
ainet_loop,CAD/JPY,2026-09-16,2026-09-17,6,240.0,-390.0,10000,JPY,confirmed,https://inet-sec.co.jp/study/fx-guide/swap-point/swap_zengetu.pdf,2026-10-10T14:48:31+09:00
ainet_loop,CAD/JPY,2026-09-17,2026-09-18,1,40.0,-65.0,10000,JPY,confirmed,https://inet-sec.co.jp/study/fx-guide/swap-point/swap_zengetu.pdf,2026-10-10T14:48:31+09:00
ainet_loop,CAD/JPY,2026-09-18,2026-09-21,0,0.0,0.0,10000,JPY,confirmed,https://inet-sec.co.jp/study/fx-guide/swap-point/swap_zengetu.pdf,2026-10-10T14:48:31+09:00
ainet_loop,CAD/JPY,2026-09-21,2026-09-22,0,0.0,0.0,10000,JPY,confirmed,https://inet-sec.co.jp/study/fx-guide/swap-point/swap_zengetu.pdf,2026-10-10T14:48:31+09:00
ainet_loop,CAD/JPY,2026-09-22,2026-09-23,0,0.0,0.0,10000,JPY,confirmed,https://inet-sec.co.jp/study/fx-guide/swap-point/swap_zengetu.pdf,2026-10-10T14:48:31+09:00
ainet_loop,CAD/JPY,2026-09-23,2026-09-24,3,120.0,-195.0,10000,JPY,confirmed,https://inet-sec.co.jp/study/fx-guide/swap-point/swap_zengetu.pdf,2026-10-10T14:48:31+09:00
ainet_loop,CAD/JPY,2026-09-24,2026-09-25,1,35.0,-60.0,10000,JPY,confirmed,https://inet-sec.co.jp/study/fx-guide/swap-point/swap_zengetu.pdf,2026-10-10T14:48:31+09:00
ainet_loop,CAD/JPY,2026-09-25,2026-09-28,2,70.0,-120.0,10000,JPY,confirmed,https://inet-sec.co.jp/study/fx-guide/swap-point/swap_zengetu.pdf,2026-10-10T14:48:31+09:00
ainet_loop,CAD/JPY,2026-09-28,2026-09-29,0,0.0,0.0,10000,JPY,confirmed,https://inet-sec.co.jp/study/fx-guide/swap-point/swap_zengetu.pdf,2026-10-10T14:48:31+09:00
ainet_loop,CAD/JPY,2026-09-29,2026-09-30,1,35.0,-60.0,10000,JPY,confirmed,https://inet-sec.co.jp/study/fx-guide/swap-point/swap_zengetu.pdf,2026-10-10T14:48:31+09:00
ainet_loop,CAD/JPY,2026-09-30,2026-10-01,3,105.0,-180.0,10000,JPY,confirmed,https://inet-sec.co.jp/study/fx-guide/swap-point/swap_zengetu.pdf,2026-10-10T14:48:31+09:00
ainet_loop,CAD/JPY,2026-10-01,2026-10-02,1,45.0,-75.0,10000,JPY,confirmed,https://inet-sec.co.jp/study/fx-guide/swap-point/swap_tougetu.pdf,2026-10-10T14:48:33+09:00
ainet_loop,CAD/JPY,2026-10-02,2026-10-05,1,45.0,-75.0,10000,JPY,confirmed,https://inet-sec.co.jp/study/fx-guide/swap-point/swap_tougetu.pdf,2026-10-10T14:48:33+09:00
ainet_loop,CAD/JPY,2026-10-05,2026-10-06,1,45.0,-75.0,10000,JPY,confirmed,https://inet-sec.co.jp/study/fx-guide/swap-point/swap_tougetu.pdf,2026-10-10T14:48:33+09:00
ainet_loop,CAD/JPY,2026-10-06,2026-10-07,1,45.0,-75.0,10000,JPY,confirmed,https://inet-sec.co.jp/study/fx-guide/swap-point/swap_tougetu.pdf,2026-10-10T14:48:33+09:00
ainet_loop,CAD/JPY,2026-10-07,2026-10-08,4,180.0,-300.0,10000,JPY,confirmed,https://inet-sec.co.jp/study/fx-guide/swap-point/swap_tougetu.pdf,2026-10-10T14:48:33+09:00
ainet_loop,CAD/JPY,2026-10-08,2026-10-09,1,30.0,-55.0,10000,JPY,confirmed,https://inet-sec.co.jp/study/fx-guide/swap-point/swap_tougetu.pdf,2026-10-10T14:48:33+09:00
ainet_loop,CAD/JPY,2026-10-09,2026-10-12,0,0.0,0.0,10000,JPY,scheduled,https://inet-sec.co.jp/study/fx-guide/swap-point/swap_tougetu.pdf,2026-10-10T14:48:33+09:00
ainet_loop,CAD/JPY,2026-10-12,2026-10-13,1,30.0,-55.0,10000,JPY,scheduled,https://inet-sec.co.jp/study/fx-guide/swap-point/swap_tougetu.pdf,2026-10-10T14:48:33+09:00
ainet_loop,CAD/JPY,2026-10-13,2026-10-14,1,,,10000,JPY,scheduled,https://inet-sec.co.jp/study/fx-guide/swap-point/swap_tougetu.pdf,2026-10-10T14:48:33+09:00
ainet_loop,CAD/JPY,2026-10-14,2026-10-15,3,,,10000,JPY,scheduled,https://inet-sec.co.jp/study/fx-guide/swap-point/swap_tougetu.pdf,2026-10-10T14:48:33+09:00
ainet_loop,CAD/JPY,2026-10-15,2026-10-16,1,,,10000,JPY,scheduled,https://inet-sec.co.jp/study/fx-guide/swap-point/swap_tougetu.pdf,2026-10-10T14:48:33+09:00
ainet_loop,CAD/JPY,2026-10-16,2026-10-19,1,,,10000,JPY,scheduled,https://inet-sec.co.jp/study/fx-guide/swap-point/swap_tougetu.pdf,2026-10-10T14:48:33+09:00
ainet_loop,CAD/JPY,2026-10-19,2026-10-20,1,,,10000,JPY,scheduled,https://inet-sec.co.jp/study/fx-guide/swap-point/swap_tougetu.pdf,2026-10-10T14:48:33+09:00
ainet_loop,CAD/JPY,2026-10-20,2026-10-21,1,,,10000,JPY,scheduled,https://inet-sec.co.jp/study/fx-guide/swap-point/swap_tougetu.pdf,2026-10-10T14:48:33+09:00
ainet_loop,CAD/JPY,2026-10-21,2026-10-22,3,,,10000,JPY,scheduled,https://inet-sec.co.jp/study/fx-guide/swap-point/swap_tougetu.pdf,2026-10-10T14:48:33+09:00
ainet_loop,CAD/JPY,2026-10-22,2026-10-23,1,,,10000,JPY,scheduled,https://inet-sec.co.jp/study/fx-guide/swap-point/swap_tougetu.pdf,2026-10-10T14:48:33+09:00
ainet_loop,CAD/JPY,2026-10-23,2026-10-26,1,,,10000,JPY,scheduled,https://inet-sec.co.jp/study/fx-guide/swap-point/swap_tougetu.pdf,2026-10-10T14:48:33+09:00
ainet_loop,CAD/JPY,2026-10-26,2026-10-27,1,,,10000,JPY,scheduled,https://inet-sec.co.jp/study/fx-guide/swap-point/swap_tougetu.pdf,2026-10-10T14:48:33+09:00
ainet_loop,CAD/JPY,2026-10-27,2026-10-28,1,,,10000,JPY,scheduled,https://inet-sec.co.jp/study/fx-guide/swap-point/swap_tougetu.pdf,2026-10-10T14:48:33+09:00
ainet_loop,CAD/JPY,2026-10-28,2026-10-29,3,,,10000,JPY,scheduled,https://inet-sec.co.jp/study/fx-guide/swap-point/swap_tougetu.pdf,2026-10-10T14:48:33+09:00
ainet_loop,CAD/JPY,2026-10-29,2026-10-30,2,,,10000,JPY,scheduled,https://inet-sec.co.jp/study/fx-guide/swap-point/swap_tougetu.pdf,2026-10-10T14:48:33+09:00
ainet_loop,CAD/JPY,2026-10-30,2026-11-02,1,,,10000,JPY,scheduled,https://inet-sec.co.jp/study/fx-guide/swap-point/swap_tougetu.pdf,2026-10-10T14:48:33+09:00
ainet_loop,CHF/JPY,2026-08-03,2026-08-04,1,-60.0,35.0,10000,JPY,confirmed,https://inet-sec.co.jp/study/fx-guide/swap-point/swap_zengetu.pdf,2026-09-30T14:29:16+09:00
ainet_loop,CHF/JPY,2026-08-04,2026-08-05,1,-60.0,35.0,10000,JPY,confirmed,https://inet-sec.co.jp/study/fx-guide/swap-point/swap_zengetu.pdf,2026-09-30T14:29:16+09:00
ainet_loop,CHF/JPY,2026-08-05,2026-08-06,3,-180.0,105.0,10000,JPY,confirmed,https://inet-sec.co.jp/study/fx-guide/swap-point/swap_zengetu.pdf,2026-09-30T14:29:16+09:00
ainet_loop,CHF/JPY,2026-08-06,2026-08-07,2,-120.0,70.0,10000,JPY,confirmed,https://inet-sec.co.jp/study/fx-guide/swap-point/swap_zengetu.pdf,2026-09-30T14:29:16+09:00
ainet_loop,CHF/JPY,2026-08-07,2026-08-10,1,-60.0,35.0,10000,JPY,confirmed,https://inet-sec.co.jp/study/fx-guide/swap-point/swap_zengetu.pdf,2026-09-30T14:29:16+09:00
ainet_loop,CHF/JPY,2026-08-10,2026-08-11,0,0.0,0.0,10000,JPY,confirmed,https://inet-sec.co.jp/study/fx-guide/swap-point/swap_zengetu.pdf,2026-09-30T14:29:16+09:00
ainet_loop,CHF/JPY,2026-08-11,2026-08-12,1,-60.0,35.0,10000,JPY,confirmed,https://inet-sec.co.jp/study/fx-guide/swap-point/swap_zengetu.pdf,2026-09-30T14:29:16+09:00
ainet_loop,CHF/JPY,2026-08-12,2026-08-13,3,-180.0,105.0,10000,JPY,confirmed,https://inet-sec.co.jp/study/fx-guide/swap-point/swap_zengetu.pdf,2026-09-30T14:29:16+09:00
ainet_loop,CHF/JPY,2026-08-13,2026-08-14,1,-70.0,35.0,10000,JPY,confirmed,https://inet-sec.co.jp/study/fx-guide/swap-point/swap_zengetu.pdf,2026-09-30T14:29:16+09:00
ainet_loop,CHF/JPY,2026-08-14,2026-08-17,1,-70.0,35.0,10000,JPY,confirmed,https://inet-sec.co.jp/study/fx-guide/swap-point/swap_zengetu.pdf,2026-09-30T14:29:16+09:00
ainet_loop,CHF/JPY,2026-08-17,2026-08-18,1,-70.0,35.0,10000,JPY,confirmed,https://inet-sec.co.jp/study/fx-guide/swap-point/swap_zengetu.pdf,2026-09-30T14:29:16+09:00
ainet_loop,CHF/JPY,2026-08-18,2026-08-19,1,-70.0,35.0,10000,JPY,confirmed,https://inet-sec.co.jp/study/fx-guide/swap-point/swap_zengetu.pdf,2026-09-30T14:29:16+09:00
ainet_loop,CHF/JPY,2026-08-19,2026-08-20,3,-210.0,105.0,10000,JPY,confirmed,https://inet-sec.co.jp/study/fx-guide/swap-point/swap_zengetu.pdf,2026-09-30T14:29:16+09:00
ainet_loop,CHF/JPY,2026-08-20,2026-08-21,1,-85.0,40.0,10000,JPY,confirmed,https://inet-sec.co.jp/study/fx-guide/swap-point/swap_zengetu.pdf,2026-09-30T14:29:16+09:00
ainet_loop,CHF/JPY,2026-08-21,2026-08-24,1,-85.0,40.0,10000,JPY,confirmed,https://inet-sec.co.jp/study/fx-guide/swap-point/swap_zengetu.pdf,2026-09-30T14:29:16+09:00
ainet_loop,CHF/JPY,2026-08-24,2026-08-25,1,-85.0,40.0,10000,JPY,confirmed,https://inet-sec.co.jp/study/fx-guide/swap-point/swap_zengetu.pdf,2026-09-30T14:29:16+09:00
ainet_loop,CHF/JPY,2026-08-25,2026-08-26,1,-85.0,40.0,10000,JPY,confirmed,https://inet-sec.co.jp/study/fx-guide/swap-point/swap_zengetu.pdf,2026-09-30T14:29:16+09:00
ainet_loop,CHF/JPY,2026-08-26,2026-08-27,3,-255.0,120.0,10000,JPY,confirmed,https://inet-sec.co.jp/study/fx-guide/swap-point/swap_zengetu.pdf,2026-09-30T14:29:16+09:00
ainet_loop,CHF/JPY,2026-08-27,2026-08-28,1,-60.0,35.0,10000,JPY,confirmed,https://inet-sec.co.jp/study/fx-guide/swap-point/swap_zengetu.pdf,2026-09-30T14:29:16+09:00
ainet_loop,CHF/JPY,2026-08-28,2026-08-31,1,-60.0,35.0,10000,JPY,confirmed,https://inet-sec.co.jp/study/fx-guide/swap-point/swap_zengetu.pdf,2026-09-30T14:29:16+09:00
ainet_loop,CHF/JPY,2026-08-31,2026-09-01,1,-60.0,35.0,10000,JPY,confirmed,https://inet-sec.co.jp/study/fx-guide/swap-point/swap_zengetu.pdf,2026-09-30T14:29:16+09:00
ainet_loop,CHF/JPY,2026-09-01,2026-09-02,1,-60.0,35.0,10000,JPY,confirmed,https://inet-sec.co.jp/study/fx-guide/swap-point/swap_zengetu.pdf,2026-10-10T14:48:31+09:00
ainet_loop,CHF/JPY,2026-09-02,2026-09-03,4,-240.0,140.0,10000,JPY,confirmed,https://inet-sec.co.jp/study/fx-guide/swap-point/swap_zengetu.pdf,2026-10-10T14:48:31+09:00
ainet_loop,CHF/JPY,2026-09-03,2026-09-04,0,0.0,0.0,10000,JPY,confirmed,https://inet-sec.co.jp/study/fx-guide/swap-point/swap_zengetu.pdf,2026-10-10T14:48:31+09:00
ainet_loop,CHF/JPY,2026-09-04,2026-09-07,1,-85.0,55.0,10000,JPY,confirmed,https://inet-sec.co.jp/study/fx-guide/swap-point/swap_zengetu.pdf,2026-10-10T14:48:31+09:00
ainet_loop,CHF/JPY,2026-09-07,2026-09-08,1,-85.0,55.0,10000,JPY,confirmed,https://inet-sec.co.jp/study/fx-guide/swap-point/swap_zengetu.pdf,2026-10-10T14:48:31+09:00
ainet_loop,CHF/JPY,2026-09-08,2026-09-09,1,-85.0,55.0,10000,JPY,confirmed,https://inet-sec.co.jp/study/fx-guide/swap-point/swap_zengetu.pdf,2026-10-10T14:48:31+09:00
ainet_loop,CHF/JPY,2026-09-09,2026-09-10,3,-255.0,165.0,10000,JPY,confirmed,https://inet-sec.co.jp/study/fx-guide/swap-point/swap_zengetu.pdf,2026-10-10T14:48:31+09:00
ainet_loop,CHF/JPY,2026-09-10,2026-09-11,1,-60.0,35.0,10000,JPY,confirmed,https://inet-sec.co.jp/study/fx-guide/swap-point/swap_zengetu.pdf,2026-10-10T14:48:31+09:00
ainet_loop,CHF/JPY,2026-09-11,2026-09-14,1,-60.0,35.0,10000,JPY,confirmed,https://inet-sec.co.jp/study/fx-guide/swap-point/swap_zengetu.pdf,2026-10-10T14:48:31+09:00
ainet_loop,CHF/JPY,2026-09-14,2026-09-15,1,-60.0,35.0,10000,JPY,confirmed,https://inet-sec.co.jp/study/fx-guide/swap-point/swap_zengetu.pdf,2026-10-10T14:48:31+09:00
ainet_loop,CHF/JPY,2026-09-15,2026-09-16,1,-60.0,35.0,10000,JPY,confirmed,https://inet-sec.co.jp/study/fx-guide/swap-point/swap_zengetu.pdf,2026-10-10T14:48:31+09:00
ainet_loop,CHF/JPY,2026-09-16,2026-09-17,6,-360.0,210.0,10000,JPY,confirmed,https://inet-sec.co.jp/study/fx-guide/swap-point/swap_zengetu.pdf,2026-10-10T14:48:31+09:00
ainet_loop,CHF/JPY,2026-09-17,2026-09-18,1,-55.0,35.0,10000,JPY,confirmed,https://inet-sec.co.jp/study/fx-guide/swap-point/swap_zengetu.pdf,2026-10-10T14:48:31+09:00
ainet_loop,CHF/JPY,2026-09-18,2026-09-21,0,0.0,0.0,10000,JPY,confirmed,https://inet-sec.co.jp/study/fx-guide/swap-point/swap_zengetu.pdf,2026-10-10T14:48:31+09:00
ainet_loop,CHF/JPY,2026-09-21,2026-09-22,0,0.0,0.0,10000,JPY,confirmed,https://inet-sec.co.jp/study/fx-guide/swap-point/swap_zengetu.pdf,2026-10-10T14:48:31+09:00
ainet_loop,CHF/JPY,2026-09-22,2026-09-23,0,0.0,0.0,10000,JPY,confirmed,https://inet-sec.co.jp/study/fx-guide/swap-point/swap_zengetu.pdf,2026-10-10T14:48:31+09:00
ainet_loop,CHF/JPY,2026-09-23,2026-09-24,3,-165.0,105.0,10000,JPY,confirmed,https://inet-sec.co.jp/study/fx-guide/swap-point/swap_zengetu.pdf,2026-10-10T14:48:31+09:00
ainet_loop,CHF/JPY,2026-09-24,2026-09-25,1,-70.0,45.0,10000,JPY,confirmed,https://inet-sec.co.jp/study/fx-guide/swap-point/swap_zengetu.pdf,2026-10-10T14:48:31+09:00
ainet_loop,CHF/JPY,2026-09-25,2026-09-28,1,-70.0,45.0,10000,JPY,confirmed,https://inet-sec.co.jp/study/fx-guide/swap-point/swap_zengetu.pdf,2026-10-10T14:48:31+09:00
ainet_loop,CHF/JPY,2026-09-28,2026-09-29,1,-70.0,45.0,10000,JPY,confirmed,https://inet-sec.co.jp/study/fx-guide/swap-point/swap_zengetu.pdf,2026-10-10T14:48:31+09:00
ainet_loop,CHF/JPY,2026-09-29,2026-09-30,1,-70.0,45.0,10000,JPY,confirmed,https://inet-sec.co.jp/study/fx-guide/swap-point/swap_zengetu.pdf,2026-10-10T14:48:31+09:00
ainet_loop,CHF/JPY,2026-09-30,2026-10-01,3,-210.0,135.0,10000,JPY,confirmed,https://inet-sec.co.jp/study/fx-guide/swap-point/swap_zengetu.pdf,2026-10-10T14:48:31+09:00
ainet_loop,CHF/JPY,2026-10-01,2026-10-02,1,-80.0,50.0,10000,JPY,confirmed,https://inet-sec.co.jp/study/fx-guide/swap-point/swap_tougetu.pdf,2026-10-10T14:48:33+09:00
ainet_loop,CHF/JPY,2026-10-02,2026-10-05,1,-80.0,50.0,10000,JPY,confirmed,https://inet-sec.co.jp/study/fx-guide/swap-point/swap_tougetu.pdf,2026-10-10T14:48:33+09:00
ainet_loop,CHF/JPY,2026-10-05,2026-10-06,1,-80.0,50.0,10000,JPY,confirmed,https://inet-sec.co.jp/study/fx-guide/swap-point/swap_tougetu.pdf,2026-10-10T14:48:33+09:00
ainet_loop,CHF/JPY,2026-10-06,2026-10-07,1,-80.0,50.0,10000,JPY,confirmed,https://inet-sec.co.jp/study/fx-guide/swap-point/swap_tougetu.pdf,2026-10-10T14:48:33+09:00
ainet_loop,CHF/JPY,2026-10-07,2026-10-08,4,-320.0,200.0,10000,JPY,confirmed,https://inet-sec.co.jp/study/fx-guide/swap-point/swap_tougetu.pdf,2026-10-10T14:48:33+09:00
ainet_loop,CHF/JPY,2026-10-08,2026-10-09,1,-110.0,60.0,10000,JPY,confirmed,https://inet-sec.co.jp/study/fx-guide/swap-point/swap_tougetu.pdf,2026-10-10T14:48:33+09:00
ainet_loop,CHF/JPY,2026-10-09,2026-10-12,0,0.0,0.0,10000,JPY,scheduled,https://inet-sec.co.jp/study/fx-guide/swap-point/swap_tougetu.pdf,2026-10-10T14:48:33+09:00
ainet_loop,CHF/JPY,2026-10-12,2026-10-13,1,-110.0,60.0,10000,JPY,scheduled,https://inet-sec.co.jp/study/fx-guide/swap-point/swap_tougetu.pdf,2026-10-10T14:48:33+09:00
ainet_loop,CHF/JPY,2026-10-13,2026-10-14,1,,,10000,JPY,scheduled,https://inet-sec.co.jp/study/fx-guide/swap-point/swap_tougetu.pdf,2026-10-10T14:48:33+09:00
ainet_loop,CHF/JPY,2026-10-14,2026-10-15,3,,,10000,JPY,scheduled,https://inet-sec.co.jp/study/fx-guide/swap-point/swap_tougetu.pdf,2026-10-10T14:48:33+09:00
ainet_loop,CHF/JPY,2026-10-15,2026-10-16,1,,,10000,JPY,scheduled,https://inet-sec.co.jp/study/fx-guide/swap-point/swap_tougetu.pdf,2026-10-10T14:48:33+09:00
ainet_loop,CHF/JPY,2026-10-16,2026-10-19,1,,,10000,JPY,scheduled,https://inet-sec.co.jp/study/fx-guide/swap-point/swap_tougetu.pdf,2026-10-10T14:48:33+09:00
ainet_loop,CHF/JPY,2026-10-19,2026-10-20,1,,,10000,JPY,scheduled,https://inet-sec.co.jp/study/fx-guide/swap-point/swap_tougetu.pdf,2026-10-10T14:48:33+09:00
ainet_loop,CHF/JPY,2026-10-20,2026-10-21,1,,,10000,JPY,scheduled,https://inet-sec.co.jp/study/fx-guide/swap-point/swap_tougetu.pdf,2026-10-10T14:48:33+09:00
ainet_loop,CHF/JPY,2026-10-21,2026-10-22,3,,,10000,JPY,scheduled,https://inet-sec.co.jp/study/fx-guide/swap-point/swap_tougetu.pdf,2026-10-10T14:48:33+09:00
ainet_loop,CHF/JPY,2026-10-22,2026-10-23,1,,,10000,JPY,scheduled,https://inet-sec.co.jp/study/fx-guide/swap-point/swap_tougetu.pdf,2026-10-10T14:48:33+09:00
ainet_loop,CHF/JPY,2026-10-23,2026-10-26,1,,,10000,JPY,scheduled,https://inet-sec.co.jp/study/fx-guide/swap-point/swap_tougetu.pdf,2026-10-10T14:48:33+09:00
ainet_loop,CHF/JPY,2026-10-26,2026-10-27,1,,,10000,JPY,scheduled,https://inet-sec.co.jp/study/fx-guide/swap-point/swap_tougetu.pdf,2026-10-10T14:48:33+09:00
ainet_loop,CHF/JPY,2026-10-27,2026-10-28,1,,,10000,JPY,scheduled,https://inet-sec.co.jp/study/fx-guide/swap-point/swap_tougetu.pdf,2026-10-10T14:48:33+09:00
ainet_loop,CHF/JPY,2026-10-28,2026-10-29,3,,,10000,JPY,scheduled,https://inet-sec.co.jp/study/fx-guide/swap-point/swap_tougetu.pdf,2026-10-10T14:48:33+09:00
ainet_loop,CHF/JPY,2026-10-29,2026-10-30,2,,,10000,JPY,scheduled,https://inet-sec.co.jp/study/fx-guide/swap-point/swap_tougetu.pdf,2026-10-10T14:48:33+09:00
ainet_loop,CHF/JPY,2026-10-30,2026-11-02,1,,,10000,JPY,scheduled,https://inet-sec.co.jp/study/fx-guide/swap-point/swap_tougetu.pdf,2026-10-10T14:48:33+09:00
ainet_loop,EUR/AUD,2026-08-03,2026-08-04,1,-145.0,100.0,10000,JPY,confirmed,https://inet-sec.co.jp/study/fx-guide/swap-point/swap_zengetu.pdf,2026-09-30T14:29:16+09:00
ainet_loop,EUR/AUD,2026-08-04,2026-08-05,1,-145.0,100.0,10000,JPY,confirmed,https://inet-sec.co.jp/study/fx-guide/swap-point/swap_zengetu.pdf,2026-09-30T14:29:16+09:00
ainet_loop,EUR/AUD,2026-08-05,2026-08-06,3,-435.0,300.0,10000,JPY,confirmed,https://inet-sec.co.jp/study/fx-guide/swap-point/swap_zengetu.pdf,2026-09-30T14:29:16+09:00
ainet_loop,EUR/AUD,2026-08-06,2026-08-07,1,-145.0,105.0,10000,JPY,confirmed,https://inet-sec.co.jp/study/fx-guide/swap-point/swap_zengetu.pdf,2026-09-30T14:29:16+09:00
ainet_loop,EUR/AUD,2026-08-07,2026-08-10,1,-145.0,105.0,10000,JPY,confirmed,https://inet-sec.co.jp/study/fx-guide/swap-point/swap_zengetu.pdf,2026-09-30T14:29:16+09:00
ainet_loop,EUR/AUD,2026-08-10,2026-08-11,1,-145.0,105.0,10000,JPY,confirmed,https://inet-sec.co.jp/study/fx-guide/swap-point/swap_zengetu.pdf,2026-09-30T14:29:16+09:00
ainet_loop,EUR/AUD,2026-08-11,2026-08-12,1,-145.0,105.0,10000,JPY,confirmed,https://inet-sec.co.jp/study/fx-guide/swap-point/swap_zengetu.pdf,2026-09-30T14:29:16+09:00
ainet_loop,EUR/AUD,2026-08-12,2026-08-13,3,-435.0,315.0,10000,JPY,confirmed,https://inet-sec.co.jp/study/fx-guide/swap-point/swap_zengetu.pdf,2026-09-30T14:29:16+09:00
ainet_loop,EUR/AUD,2026-08-13,2026-08-14,1,-135.0,95.0,10000,JPY,confirmed,https://inet-sec.co.jp/study/fx-guide/swap-point/swap_zengetu.pdf,2026-09-30T14:29:16+09:00
ainet_loop,EUR/AUD,2026-08-14,2026-08-17,1,-135.0,95.0,10000,JPY,confirmed,https://inet-sec.co.jp/study/fx-guide/swap-point/swap_zengetu.pdf,2026-09-30T14:29:16+09:00
ainet_loop,EUR/AUD,2026-08-17,2026-08-18,1,-135.0,95.0,10000,JPY,confirmed,https://inet-sec.co.jp/study/fx-guide/swap-point/swap_zengetu.pdf,2026-09-30T14:29:16+09:00
ainet_loop,EUR/AUD,2026-08-18,2026-08-19,1,-135.0,95.0,10000,JPY,confirmed,https://inet-sec.co.jp/study/fx-guide/swap-point/swap_zengetu.pdf,2026-09-30T14:29:16+09:00
ainet_loop,EUR/AUD,2026-08-19,2026-08-20,3,-405.0,285.0,10000,JPY,confirmed,https://inet-sec.co.jp/study/fx-guide/swap-point/swap_zengetu.pdf,2026-09-30T14:29:16+09:00
ainet_loop,EUR/AUD,2026-08-20,2026-08-21,1,-140.0,90.0,10000,JPY,confirmed,https://inet-sec.co.jp/study/fx-guide/swap-point/swap_zengetu.pdf,2026-09-30T14:29:16+09:00
ainet_loop,EUR/AUD,2026-08-21,2026-08-24,1,-140.0,90.0,10000,JPY,confirmed,https://inet-sec.co.jp/study/fx-guide/swap-point/swap_zengetu.pdf,2026-09-30T14:29:16+09:00
ainet_loop,EUR/AUD,2026-08-24,2026-08-25,1,-140.0,90.0,10000,JPY,confirmed,https://inet-sec.co.jp/study/fx-guide/swap-point/swap_zengetu.pdf,2026-09-30T14:29:16+09:00
ainet_loop,EUR/AUD,2026-08-25,2026-08-26,1,-140.0,90.0,10000,JPY,confirmed,https://inet-sec.co.jp/study/fx-guide/swap-point/swap_zengetu.pdf,2026-09-30T14:29:16+09:00
ainet_loop,EUR/AUD,2026-08-26,2026-08-27,3,-420.0,270.0,10000,JPY,confirmed,https://inet-sec.co.jp/study/fx-guide/swap-point/swap_zengetu.pdf,2026-09-30T14:29:16+09:00
ainet_loop,EUR/AUD,2026-08-27,2026-08-28,1,-150.0,85.0,10000,JPY,confirmed,https://inet-sec.co.jp/study/fx-guide/swap-point/swap_zengetu.pdf,2026-09-30T14:29:16+09:00
ainet_loop,EUR/AUD,2026-08-28,2026-08-31,1,-150.0,85.0,10000,JPY,confirmed,https://inet-sec.co.jp/study/fx-guide/swap-point/swap_zengetu.pdf,2026-09-30T14:29:16+09:00
ainet_loop,EUR/AUD,2026-08-31,2026-09-01,1,-150.0,85.0,10000,JPY,confirmed,https://inet-sec.co.jp/study/fx-guide/swap-point/swap_zengetu.pdf,2026-09-30T14:29:16+09:00
ainet_loop,EUR/AUD,2026-09-01,2026-09-02,1,-150.0,85.0,10000,JPY,confirmed,https://inet-sec.co.jp/study/fx-guide/swap-point/swap_zengetu.pdf,2026-10-10T14:48:31+09:00
ainet_loop,EUR/AUD,2026-09-02,2026-09-03,4,-600.0,340.0,10000,JPY,confirmed,https://inet-sec.co.jp/study/fx-guide/swap-point/swap_zengetu.pdf,2026-10-10T14:48:31+09:00
ainet_loop,EUR/AUD,2026-09-03,2026-09-04,0,0.0,0.0,10000,JPY,confirmed,https://inet-sec.co.jp/study/fx-guide/swap-point/swap_zengetu.pdf,2026-10-10T14:48:31+09:00
ainet_loop,EUR/AUD,2026-09-04,2026-09-07,1,-130.0,90.0,10000,JPY,confirmed,https://inet-sec.co.jp/study/fx-guide/swap-point/swap_zengetu.pdf,2026-10-10T14:48:31+09:00
ainet_loop,EUR/AUD,2026-09-07,2026-09-08,1,-130.0,90.0,10000,JPY,confirmed,https://inet-sec.co.jp/study/fx-guide/swap-point/swap_zengetu.pdf,2026-10-10T14:48:31+09:00
ainet_loop,EUR/AUD,2026-09-08,2026-09-09,1,-130.0,90.0,10000,JPY,confirmed,https://inet-sec.co.jp/study/fx-guide/swap-point/swap_zengetu.pdf,2026-10-10T14:48:31+09:00
ainet_loop,EUR/AUD,2026-09-09,2026-09-10,3,-390.0,270.0,10000,JPY,confirmed,https://inet-sec.co.jp/study/fx-guide/swap-point/swap_zengetu.pdf,2026-10-10T14:48:31+09:00
ainet_loop,EUR/AUD,2026-09-10,2026-09-11,1,-155.0,85.0,10000,JPY,confirmed,https://inet-sec.co.jp/study/fx-guide/swap-point/swap_zengetu.pdf,2026-10-10T14:48:31+09:00
ainet_loop,EUR/AUD,2026-09-11,2026-09-14,1,-155.0,85.0,10000,JPY,confirmed,https://inet-sec.co.jp/study/fx-guide/swap-point/swap_zengetu.pdf,2026-10-10T14:48:31+09:00
ainet_loop,EUR/AUD,2026-09-14,2026-09-15,1,-155.0,85.0,10000,JPY,confirmed,https://inet-sec.co.jp/study/fx-guide/swap-point/swap_zengetu.pdf,2026-10-10T14:48:31+09:00
ainet_loop,EUR/AUD,2026-09-15,2026-09-16,1,-155.0,85.0,10000,JPY,confirmed,https://inet-sec.co.jp/study/fx-guide/swap-point/swap_zengetu.pdf,2026-10-10T14:48:31+09:00
ainet_loop,EUR/AUD,2026-09-16,2026-09-17,3,-465.0,255.0,10000,JPY,confirmed,https://inet-sec.co.jp/study/fx-guide/swap-point/swap_zengetu.pdf,2026-10-10T14:48:31+09:00
ainet_loop,EUR/AUD,2026-09-17,2026-09-18,1,-160.0,90.0,10000,JPY,confirmed,https://inet-sec.co.jp/study/fx-guide/swap-point/swap_zengetu.pdf,2026-10-10T14:48:31+09:00
ainet_loop,EUR/AUD,2026-09-18,2026-09-21,1,-160.0,90.0,10000,JPY,confirmed,https://inet-sec.co.jp/study/fx-guide/swap-point/swap_zengetu.pdf,2026-10-10T14:48:31+09:00
ainet_loop,EUR/AUD,2026-09-21,2026-09-22,1,-160.0,90.0,10000,JPY,confirmed,https://inet-sec.co.jp/study/fx-guide/swap-point/swap_zengetu.pdf,2026-10-10T14:48:31+09:00
ainet_loop,EUR/AUD,2026-09-22,2026-09-23,1,-160.0,90.0,10000,JPY,confirmed,https://inet-sec.co.jp/study/fx-guide/swap-point/swap_zengetu.pdf,2026-10-10T14:48:31+09:00
ainet_loop,EUR/AUD,2026-09-23,2026-09-24,3,-480.0,270.0,10000,JPY,confirmed,https://inet-sec.co.jp/study/fx-guide/swap-point/swap_zengetu.pdf,2026-10-10T14:48:31+09:00
ainet_loop,EUR/AUD,2026-09-24,2026-09-25,1,-145.0,75.0,10000,JPY,confirmed,https://inet-sec.co.jp/study/fx-guide/swap-point/swap_zengetu.pdf,2026-10-10T14:48:31+09:00
ainet_loop,EUR/AUD,2026-09-25,2026-09-28,1,-145.0,75.0,10000,JPY,confirmed,https://inet-sec.co.jp/study/fx-guide/swap-point/swap_zengetu.pdf,2026-10-10T14:48:31+09:00
ainet_loop,EUR/AUD,2026-09-28,2026-09-29,1,-145.0,75.0,10000,JPY,confirmed,https://inet-sec.co.jp/study/fx-guide/swap-point/swap_zengetu.pdf,2026-10-10T14:48:31+09:00
ainet_loop,EUR/AUD,2026-09-29,2026-09-30,1,-145.0,75.0,10000,JPY,confirmed,https://inet-sec.co.jp/study/fx-guide/swap-point/swap_zengetu.pdf,2026-10-10T14:48:31+09:00
ainet_loop,EUR/AUD,2026-09-30,2026-10-01,4,-580.0,300.0,10000,JPY,confirmed,https://inet-sec.co.jp/study/fx-guide/swap-point/swap_zengetu.pdf,2026-10-10T14:48:31+09:00
ainet_loop,EUR/AUD,2026-10-01,2026-10-02,1,-155.0,80.0,10000,JPY,confirmed,https://inet-sec.co.jp/study/fx-guide/swap-point/swap_tougetu.pdf,2026-10-10T14:48:33+09:00
ainet_loop,EUR/AUD,2026-10-02,2026-10-05,0,0.0,0.0,10000,JPY,confirmed,https://inet-sec.co.jp/study/fx-guide/swap-point/swap_tougetu.pdf,2026-10-10T14:48:33+09:00
ainet_loop,EUR/AUD,2026-10-05,2026-10-06,1,-155.0,80.0,10000,JPY,confirmed,https://inet-sec.co.jp/study/fx-guide/swap-point/swap_tougetu.pdf,2026-10-10T14:48:33+09:00
ainet_loop,EUR/AUD,2026-10-06,2026-10-07,1,-155.0,80.0,10000,JPY,confirmed,https://inet-sec.co.jp/study/fx-guide/swap-point/swap_tougetu.pdf,2026-10-10T14:48:33+09:00
ainet_loop,EUR/AUD,2026-10-07,2026-10-08,4,-620.0,320.0,10000,JPY,confirmed,https://inet-sec.co.jp/study/fx-guide/swap-point/swap_tougetu.pdf,2026-10-10T14:48:33+09:00
ainet_loop,EUR/AUD,2026-10-08,2026-10-09,0,0.0,0.0,10000,JPY,confirmed,https://inet-sec.co.jp/study/fx-guide/swap-point/swap_tougetu.pdf,2026-10-10T14:48:33+09:00
ainet_loop,EUR/AUD,2026-10-09,2026-10-12,1,-170.0,90.0,10000,JPY,scheduled,https://inet-sec.co.jp/study/fx-guide/swap-point/swap_tougetu.pdf,2026-10-10T14:48:33+09:00
ainet_loop,EUR/AUD,2026-10-12,2026-10-13,1,-170.0,90.0,10000,JPY,scheduled,https://inet-sec.co.jp/study/fx-guide/swap-point/swap_tougetu.pdf,2026-10-10T14:48:33+09:00
ainet_loop,EUR/AUD,2026-10-13,2026-10-14,1,,,10000,JPY,scheduled,https://inet-sec.co.jp/study/fx-guide/swap-point/swap_tougetu.pdf,2026-10-10T14:48:33+09:00
ainet_loop,EUR/AUD,2026-10-14,2026-10-15,3,,,10000,JPY,scheduled,https://inet-sec.co.jp/study/fx-guide/swap-point/swap_tougetu.pdf,2026-10-10T14:48:33+09:00
ainet_loop,EUR/AUD,2026-10-15,2026-10-16,1,,,10000,JPY,scheduled,https://inet-sec.co.jp/study/fx-guide/swap-point/swap_tougetu.pdf,2026-10-10T14:48:33+09:00
ainet_loop,EUR/AUD,2026-10-16,2026-10-19,1,,,10000,JPY,scheduled,https://inet-sec.co.jp/study/fx-guide/swap-point/swap_tougetu.pdf,2026-10-10T14:48:33+09:00
ainet_loop,EUR/AUD,2026-10-19,2026-10-20,1,,,10000,JPY,scheduled,https://inet-sec.co.jp/study/fx-guide/swap-point/swap_tougetu.pdf,2026-10-10T14:48:33+09:00
ainet_loop,EUR/AUD,2026-10-20,2026-10-21,1,,,10000,JPY,scheduled,https://inet-sec.co.jp/study/fx-guide/swap-point/swap_tougetu.pdf,2026-10-10T14:48:33+09:00
ainet_loop,EUR/AUD,2026-10-21,2026-10-22,3,,,10000,JPY,scheduled,https://inet-sec.co.jp/study/fx-guide/swap-point/swap_tougetu.pdf,2026-10-10T14:48:33+09:00
ainet_loop,EUR/AUD,2026-10-22,2026-10-23,1,,,10000,JPY,scheduled,https://inet-sec.co.jp/study/fx-guide/swap-point/swap_tougetu.pdf,2026-10-10T14:48:33+09:00
ainet_loop,EUR/AUD,2026-10-23,2026-10-26,1,,,10000,JPY,scheduled,https://inet-sec.co.jp/study/fx-guide/swap-point/swap_tougetu.pdf,2026-10-10T14:48:33+09:00
ainet_loop,EUR/AUD,2026-10-26,2026-10-27,1,,,10000,JPY,scheduled,https://inet-sec.co.jp/study/fx-guide/swap-point/swap_tougetu.pdf,2026-10-10T14:48:33+09:00
ainet_loop,EUR/AUD,2026-10-27,2026-10-28,1,,,10000,JPY,scheduled,https://inet-sec.co.jp/study/fx-guide/swap-point/swap_tougetu.pdf,2026-10-10T14:48:33+09:00
ainet_loop,EUR/AUD,2026-10-28,2026-10-29,3,,,10000,JPY,scheduled,https://inet-sec.co.jp/study/fx-guide/swap-point/swap_tougetu.pdf,2026-10-10T14:48:33+09:00
ainet_loop,EUR/AUD,2026-10-29,2026-10-30,1,,,10000,JPY,scheduled,https://inet-sec.co.jp/study/fx-guide/swap-point/swap_tougetu.pdf,2026-10-10T14:48:33+09:00
ainet_loop,EUR/AUD,2026-10-30,2026-11-02,1,,,10000,JPY,scheduled,https://inet-sec.co.jp/study/fx-guide/swap-point/swap_tougetu.pdf,2026-10-10T14:48:33+09:00
ainet_loop,EUR/CAD,2026-08-03,2026-08-04,1,10.0,-30.0,10000,JPY,confirmed,https://inet-sec.co.jp/study/fx-guide/swap-point/swap_zengetu.pdf,2026-09-30T14:29:16+09:00
ainet_loop,EUR/CAD,2026-08-04,2026-08-05,1,10.0,-30.0,10000,JPY,confirmed,https://inet-sec.co.jp/study/fx-guide/swap-point/swap_zengetu.pdf,2026-09-30T14:29:16+09:00
ainet_loop,EUR/CAD,2026-08-05,2026-08-06,3,30.0,-90.0,10000,JPY,confirmed,https://inet-sec.co.jp/study/fx-guide/swap-point/swap_zengetu.pdf,2026-09-30T14:29:16+09:00
ainet_loop,EUR/CAD,2026-08-06,2026-08-07,1,10.0,-20.0,10000,JPY,confirmed,https://inet-sec.co.jp/study/fx-guide/swap-point/swap_zengetu.pdf,2026-09-30T14:29:16+09:00
ainet_loop,EUR/CAD,2026-08-07,2026-08-10,1,10.0,-20.0,10000,JPY,confirmed,https://inet-sec.co.jp/study/fx-guide/swap-point/swap_zengetu.pdf,2026-09-30T14:29:16+09:00
ainet_loop,EUR/CAD,2026-08-10,2026-08-11,1,10.0,-20.0,10000,JPY,confirmed,https://inet-sec.co.jp/study/fx-guide/swap-point/swap_zengetu.pdf,2026-09-30T14:29:16+09:00
ainet_loop,EUR/CAD,2026-08-11,2026-08-12,1,10.0,-20.0,10000,JPY,confirmed,https://inet-sec.co.jp/study/fx-guide/swap-point/swap_zengetu.pdf,2026-09-30T14:29:16+09:00
ainet_loop,EUR/CAD,2026-08-12,2026-08-13,3,30.0,-60.0,10000,JPY,confirmed,https://inet-sec.co.jp/study/fx-guide/swap-point/swap_zengetu.pdf,2026-09-30T14:29:16+09:00
ainet_loop,EUR/CAD,2026-08-13,2026-08-14,1,0.0,-20.0,10000,JPY,confirmed,https://inet-sec.co.jp/study/fx-guide/swap-point/swap_zengetu.pdf,2026-09-30T14:29:16+09:00
ainet_loop,EUR/CAD,2026-08-14,2026-08-17,1,0.0,-20.0,10000,JPY,confirmed,https://inet-sec.co.jp/study/fx-guide/swap-point/swap_zengetu.pdf,2026-09-30T14:29:16+09:00
ainet_loop,EUR/CAD,2026-08-17,2026-08-18,1,0.0,-20.0,10000,JPY,confirmed,https://inet-sec.co.jp/study/fx-guide/swap-point/swap_zengetu.pdf,2026-09-30T14:29:16+09:00
ainet_loop,EUR/CAD,2026-08-18,2026-08-19,1,0.0,-20.0,10000,JPY,confirmed,https://inet-sec.co.jp/study/fx-guide/swap-point/swap_zengetu.pdf,2026-09-30T14:29:16+09:00
ainet_loop,EUR/CAD,2026-08-19,2026-08-20,3,0.0,-60.0,10000,JPY,confirmed,https://inet-sec.co.jp/study/fx-guide/swap-point/swap_zengetu.pdf,2026-09-30T14:29:16+09:00
ainet_loop,EUR/CAD,2026-08-20,2026-08-21,1,0.0,-25.0,10000,JPY,confirmed,https://inet-sec.co.jp/study/fx-guide/swap-point/swap_zengetu.pdf,2026-09-30T14:29:16+09:00
ainet_loop,EUR/CAD,2026-08-21,2026-08-24,1,0.0,-25.0,10000,JPY,confirmed,https://inet-sec.co.jp/study/fx-guide/swap-point/swap_zengetu.pdf,2026-09-30T14:29:16+09:00
ainet_loop,EUR/CAD,2026-08-24,2026-08-25,1,0.0,-25.0,10000,JPY,confirmed,https://inet-sec.co.jp/study/fx-guide/swap-point/swap_zengetu.pdf,2026-09-30T14:29:16+09:00
ainet_loop,EUR/CAD,2026-08-25,2026-08-26,1,0.0,-25.0,10000,JPY,confirmed,https://inet-sec.co.jp/study/fx-guide/swap-point/swap_zengetu.pdf,2026-09-30T14:29:16+09:00
ainet_loop,EUR/CAD,2026-08-26,2026-08-27,3,0.0,-75.0,10000,JPY,confirmed,https://inet-sec.co.jp/study/fx-guide/swap-point/swap_zengetu.pdf,2026-09-30T14:29:16+09:00
ainet_loop,EUR/CAD,2026-08-27,2026-08-28,1,10.0,-25.0,10000,JPY,confirmed,https://inet-sec.co.jp/study/fx-guide/swap-point/swap_zengetu.pdf,2026-09-30T14:29:16+09:00
ainet_loop,EUR/CAD,2026-08-28,2026-08-31,1,10.0,-25.0,10000,JPY,confirmed,https://inet-sec.co.jp/study/fx-guide/swap-point/swap_zengetu.pdf,2026-09-30T14:29:16+09:00
ainet_loop,EUR/CAD,2026-08-31,2026-09-01,1,10.0,-25.0,10000,JPY,confirmed,https://inet-sec.co.jp/study/fx-guide/swap-point/swap_zengetu.pdf,2026-09-30T14:29:16+09:00
ainet_loop,EUR/CAD,2026-09-01,2026-09-02,1,10.0,-25.0,10000,JPY,confirmed,https://inet-sec.co.jp/study/fx-guide/swap-point/swap_zengetu.pdf,2026-10-10T14:48:31+09:00
ainet_loop,EUR/CAD,2026-09-02,2026-09-03,4,40.0,-100.0,10000,JPY,confirmed,https://inet-sec.co.jp/study/fx-guide/swap-point/swap_zengetu.pdf,2026-10-10T14:48:31+09:00
ainet_loop,EUR/CAD,2026-09-03,2026-09-04,0,0.0,0.0,10000,JPY,confirmed,https://inet-sec.co.jp/study/fx-guide/swap-point/swap_zengetu.pdf,2026-10-10T14:48:31+09:00
ainet_loop,EUR/CAD,2026-09-04,2026-09-07,1,0.0,-10.0,10000,JPY,confirmed,https://inet-sec.co.jp/study/fx-guide/swap-point/swap_zengetu.pdf,2026-10-10T14:48:31+09:00
ainet_loop,EUR/CAD,2026-09-07,2026-09-08,1,0.0,-10.0,10000,JPY,confirmed,https://inet-sec.co.jp/study/fx-guide/swap-point/swap_zengetu.pdf,2026-10-10T14:48:31+09:00
ainet_loop,EUR/CAD,2026-09-08,2026-09-09,1,0.0,-10.0,10000,JPY,confirmed,https://inet-sec.co.jp/study/fx-guide/swap-point/swap_zengetu.pdf,2026-10-10T14:48:31+09:00
ainet_loop,EUR/CAD,2026-09-09,2026-09-10,3,0.0,-30.0,10000,JPY,confirmed,https://inet-sec.co.jp/study/fx-guide/swap-point/swap_zengetu.pdf,2026-10-10T14:48:31+09:00
ainet_loop,EUR/CAD,2026-09-10,2026-09-11,1,10.0,-30.0,10000,JPY,confirmed,https://inet-sec.co.jp/study/fx-guide/swap-point/swap_zengetu.pdf,2026-10-10T14:48:31+09:00
ainet_loop,EUR/CAD,2026-09-11,2026-09-14,1,10.0,-30.0,10000,JPY,confirmed,https://inet-sec.co.jp/study/fx-guide/swap-point/swap_zengetu.pdf,2026-10-10T14:48:31+09:00
ainet_loop,EUR/CAD,2026-09-14,2026-09-15,1,10.0,-30.0,10000,JPY,confirmed,https://inet-sec.co.jp/study/fx-guide/swap-point/swap_zengetu.pdf,2026-10-10T14:48:31+09:00
ainet_loop,EUR/CAD,2026-09-15,2026-09-16,1,10.0,-30.0,10000,JPY,confirmed,https://inet-sec.co.jp/study/fx-guide/swap-point/swap_zengetu.pdf,2026-10-10T14:48:31+09:00
ainet_loop,EUR/CAD,2026-09-16,2026-09-17,3,30.0,-90.0,10000,JPY,confirmed,https://inet-sec.co.jp/study/fx-guide/swap-point/swap_zengetu.pdf,2026-10-10T14:48:31+09:00
ainet_loop,EUR/CAD,2026-09-17,2026-09-18,1,10.0,-30.0,10000,JPY,confirmed,https://inet-sec.co.jp/study/fx-guide/swap-point/swap_zengetu.pdf,2026-10-10T14:48:31+09:00
ainet_loop,EUR/CAD,2026-09-18,2026-09-21,1,10.0,-30.0,10000,JPY,confirmed,https://inet-sec.co.jp/study/fx-guide/swap-point/swap_zengetu.pdf,2026-10-10T14:48:31+09:00
ainet_loop,EUR/CAD,2026-09-21,2026-09-22,1,10.0,-30.0,10000,JPY,confirmed,https://inet-sec.co.jp/study/fx-guide/swap-point/swap_zengetu.pdf,2026-10-10T14:48:31+09:00
ainet_loop,EUR/CAD,2026-09-22,2026-09-23,1,10.0,-30.0,10000,JPY,confirmed,https://inet-sec.co.jp/study/fx-guide/swap-point/swap_zengetu.pdf,2026-10-10T14:48:31+09:00
ainet_loop,EUR/CAD,2026-09-23,2026-09-24,3,30.0,-90.0,10000,JPY,confirmed,https://inet-sec.co.jp/study/fx-guide/swap-point/swap_zengetu.pdf,2026-10-10T14:48:31+09:00
ainet_loop,EUR/CAD,2026-09-24,2026-09-25,1,25.0,-50.0,10000,JPY,confirmed,https://inet-sec.co.jp/study/fx-guide/swap-point/swap_zengetu.pdf,2026-10-10T14:48:31+09:00
ainet_loop,EUR/CAD,2026-09-25,2026-09-28,2,50.0,-100.0,10000,JPY,confirmed,https://inet-sec.co.jp/study/fx-guide/swap-point/swap_zengetu.pdf,2026-10-10T14:48:31+09:00
ainet_loop,EUR/CAD,2026-09-28,2026-09-29,0,0.0,0.0,10000,JPY,confirmed,https://inet-sec.co.jp/study/fx-guide/swap-point/swap_zengetu.pdf,2026-10-10T14:48:31+09:00
ainet_loop,EUR/CAD,2026-09-29,2026-09-30,1,25.0,-50.0,10000,JPY,confirmed,https://inet-sec.co.jp/study/fx-guide/swap-point/swap_zengetu.pdf,2026-10-10T14:48:31+09:00
ainet_loop,EUR/CAD,2026-09-30,2026-10-01,3,75.0,-150.0,10000,JPY,confirmed,https://inet-sec.co.jp/study/fx-guide/swap-point/swap_zengetu.pdf,2026-10-10T14:48:31+09:00
ainet_loop,EUR/CAD,2026-10-01,2026-10-02,1,20.0,-35.0,10000,JPY,confirmed,https://inet-sec.co.jp/study/fx-guide/swap-point/swap_tougetu.pdf,2026-10-10T14:48:33+09:00
ainet_loop,EUR/CAD,2026-10-02,2026-10-05,1,20.0,-35.0,10000,JPY,confirmed,https://inet-sec.co.jp/study/fx-guide/swap-point/swap_tougetu.pdf,2026-10-10T14:48:33+09:00
ainet_loop,EUR/CAD,2026-10-05,2026-10-06,1,20.0,-35.0,10000,JPY,confirmed,https://inet-sec.co.jp/study/fx-guide/swap-point/swap_tougetu.pdf,2026-10-10T14:48:33+09:00
ainet_loop,EUR/CAD,2026-10-06,2026-10-07,1,20.0,-35.0,10000,JPY,confirmed,https://inet-sec.co.jp/study/fx-guide/swap-point/swap_tougetu.pdf,2026-10-10T14:48:33+09:00
ainet_loop,EUR/CAD,2026-10-07,2026-10-08,4,80.0,-140.0,10000,JPY,confirmed,https://inet-sec.co.jp/study/fx-guide/swap-point/swap_tougetu.pdf,2026-10-10T14:48:33+09:00
ainet_loop,EUR/CAD,2026-10-08,2026-10-09,0,0.0,0.0,10000,JPY,confirmed,https://inet-sec.co.jp/study/fx-guide/swap-point/swap_tougetu.pdf,2026-10-10T14:48:33+09:00
ainet_loop,EUR/CAD,2026-10-09,2026-10-12,1,0.0,-40.0,10000,JPY,scheduled,https://inet-sec.co.jp/study/fx-guide/swap-point/swap_tougetu.pdf,2026-10-10T14:48:33+09:00
ainet_loop,EUR/CAD,2026-10-12,2026-10-13,1,0.0,-40.0,10000,JPY,scheduled,https://inet-sec.co.jp/study/fx-guide/swap-point/swap_tougetu.pdf,2026-10-10T14:48:33+09:00
ainet_loop,EUR/CAD,2026-10-13,2026-10-14,1,,,10000,JPY,scheduled,https://inet-sec.co.jp/study/fx-guide/swap-point/swap_tougetu.pdf,2026-10-10T14:48:33+09:00
ainet_loop,EUR/CAD,2026-10-14,2026-10-15,3,,,10000,JPY,scheduled,https://inet-sec.co.jp/study/fx-guide/swap-point/swap_tougetu.pdf,2026-10-10T14:48:33+09:00
ainet_loop,EUR/CAD,2026-10-15,2026-10-16,1,,,10000,JPY,scheduled,https://inet-sec.co.jp/study/fx-guide/swap-point/swap_tougetu.pdf,2026-10-10T14:48:33+09:00
ainet_loop,EUR/CAD,2026-10-16,2026-10-19,1,,,10000,JPY,scheduled,https://inet-sec.co.jp/study/fx-guide/swap-point/swap_tougetu.pdf,2026-10-10T14:48:33+09:00
ainet_loop,EUR/CAD,2026-10-19,2026-10-20,1,,,10000,JPY,scheduled,https://inet-sec.co.jp/study/fx-guide/swap-point/swap_tougetu.pdf,2026-10-10T14:48:33+09:00
ainet_loop,EUR/CAD,2026-10-20,2026-10-21,1,,,10000,JPY,scheduled,https://inet-sec.co.jp/study/fx-guide/swap-point/swap_tougetu.pdf,2026-10-10T14:48:33+09:00
ainet_loop,EUR/CAD,2026-10-21,2026-10-22,3,,,10000,JPY,scheduled,https://inet-sec.co.jp/study/fx-guide/swap-point/swap_tougetu.pdf,2026-10-10T14:48:33+09:00
ainet_loop,EUR/CAD,2026-10-22,2026-10-23,1,,,10000,JPY,scheduled,https://inet-sec.co.jp/study/fx-guide/swap-point/swap_tougetu.pdf,2026-10-10T14:48:33+09:00
ainet_loop,EUR/CAD,2026-10-23,2026-10-26,1,,,10000,JPY,scheduled,https://inet-sec.co.jp/study/fx-guide/swap-point/swap_tougetu.pdf,2026-10-10T14:48:33+09:00
ainet_loop,EUR/CAD,2026-10-26,2026-10-27,1,,,10000,JPY,scheduled,https://inet-sec.co.jp/study/fx-guide/swap-point/swap_tougetu.pdf,2026-10-10T14:48:33+09:00
ainet_loop,EUR/CAD,2026-10-27,2026-10-28,1,,,10000,JPY,scheduled,https://inet-sec.co.jp/study/fx-guide/swap-point/swap_tougetu.pdf,2026-10-10T14:48:33+09:00
ainet_loop,EUR/CAD,2026-10-28,2026-10-29,3,,,10000,JPY,scheduled,https://inet-sec.co.jp/study/fx-guide/swap-point/swap_tougetu.pdf,2026-10-10T14:48:33+09:00
ainet_loop,EUR/CAD,2026-10-29,2026-10-30,1,,,10000,JPY,scheduled,https://inet-sec.co.jp/study/fx-guide/swap-point/swap_tougetu.pdf,2026-10-10T14:48:33+09:00
ainet_loop,EUR/CAD,2026-10-30,2026-11-02,1,,,10000,JPY,scheduled,https://inet-sec.co.jp/study/fx-guide/swap-point/swap_tougetu.pdf,2026-10-10T14:48:33+09:00
ainet_loop,EUR/CHF,2026-08-03,2026-08-04,1,105.0,-185.0,10000,JPY,confirmed,https://inet-sec.co.jp/study/fx-guide/swap-point/swap_zengetu.pdf,2026-09-30T14:29:16+09:00
ainet_loop,EUR/CHF,2026-08-04,2026-08-05,1,105.0,-185.0,10000,JPY,confirmed,https://inet-sec.co.jp/study/fx-guide/swap-point/swap_zengetu.pdf,2026-09-30T14:29:16+09:00
ainet_loop,EUR/CHF,2026-08-05,2026-08-06,3,315.0,-555.0,10000,JPY,confirmed,https://inet-sec.co.jp/study/fx-guide/swap-point/swap_zengetu.pdf,2026-09-30T14:29:16+09:00
ainet_loop,EUR/CHF,2026-08-06,2026-08-07,1,115.0,-180.0,10000,JPY,confirmed,https://inet-sec.co.jp/study/fx-guide/swap-point/swap_zengetu.pdf,2026-09-30T14:29:16+09:00
ainet_loop,EUR/CHF,2026-08-07,2026-08-10,1,115.0,-180.0,10000,JPY,confirmed,https://inet-sec.co.jp/study/fx-guide/swap-point/swap_zengetu.pdf,2026-09-30T14:29:16+09:00
ainet_loop,EUR/CHF,2026-08-10,2026-08-11,1,115.0,-180.0,10000,JPY,confirmed,https://inet-sec.co.jp/study/fx-guide/swap-point/swap_zengetu.pdf,2026-09-30T14:29:16+09:00
ainet_loop,EUR/CHF,2026-08-11,2026-08-12,1,115.0,-180.0,10000,JPY,confirmed,https://inet-sec.co.jp/study/fx-guide/swap-point/swap_zengetu.pdf,2026-09-30T14:29:16+09:00
ainet_loop,EUR/CHF,2026-08-12,2026-08-13,3,345.0,-540.0,10000,JPY,confirmed,https://inet-sec.co.jp/study/fx-guide/swap-point/swap_zengetu.pdf,2026-09-30T14:29:16+09:00
ainet_loop,EUR/CHF,2026-08-13,2026-08-14,1,120.0,-185.0,10000,JPY,confirmed,https://inet-sec.co.jp/study/fx-guide/swap-point/swap_zengetu.pdf,2026-09-30T14:29:16+09:00
ainet_loop,EUR/CHF,2026-08-14,2026-08-17,1,120.0,-185.0,10000,JPY,confirmed,https://inet-sec.co.jp/study/fx-guide/swap-point/swap_zengetu.pdf,2026-09-30T14:29:16+09:00
ainet_loop,EUR/CHF,2026-08-17,2026-08-18,1,120.0,-185.0,10000,JPY,confirmed,https://inet-sec.co.jp/study/fx-guide/swap-point/swap_zengetu.pdf,2026-09-30T14:29:16+09:00
ainet_loop,EUR/CHF,2026-08-18,2026-08-19,1,120.0,-185.0,10000,JPY,confirmed,https://inet-sec.co.jp/study/fx-guide/swap-point/swap_zengetu.pdf,2026-09-30T14:29:16+09:00
ainet_loop,EUR/CHF,2026-08-19,2026-08-20,3,360.0,-555.0,10000,JPY,confirmed,https://inet-sec.co.jp/study/fx-guide/swap-point/swap_zengetu.pdf,2026-09-30T14:29:16+09:00
ainet_loop,EUR/CHF,2026-08-20,2026-08-21,1,120.0,-185.0,10000,JPY,confirmed,https://inet-sec.co.jp/study/fx-guide/swap-point/swap_zengetu.pdf,2026-09-30T14:29:16+09:00
ainet_loop,EUR/CHF,2026-08-21,2026-08-24,1,120.0,-185.0,10000,JPY,confirmed,https://inet-sec.co.jp/study/fx-guide/swap-point/swap_zengetu.pdf,2026-09-30T14:29:16+09:00
ainet_loop,EUR/CHF,2026-08-24,2026-08-25,1,120.0,-185.0,10000,JPY,confirmed,https://inet-sec.co.jp/study/fx-guide/swap-point/swap_zengetu.pdf,2026-09-30T14:29:16+09:00
ainet_loop,EUR/CHF,2026-08-25,2026-08-26,1,120.0,-185.0,10000,JPY,confirmed,https://inet-sec.co.jp/study/fx-guide/swap-point/swap_zengetu.pdf,2026-09-30T14:29:16+09:00
ainet_loop,EUR/CHF,2026-08-26,2026-08-27,3,360.0,-555.0,10000,JPY,confirmed,https://inet-sec.co.jp/study/fx-guide/swap-point/swap_zengetu.pdf,2026-09-30T14:29:16+09:00
ainet_loop,EUR/CHF,2026-08-27,2026-08-28,1,120.0,-180.0,10000,JPY,confirmed,https://inet-sec.co.jp/study/fx-guide/swap-point/swap_zengetu.pdf,2026-09-30T14:29:16+09:00
ainet_loop,EUR/CHF,2026-08-28,2026-08-31,1,120.0,-180.0,10000,JPY,confirmed,https://inet-sec.co.jp/study/fx-guide/swap-point/swap_zengetu.pdf,2026-09-30T14:29:16+09:00
ainet_loop,EUR/CHF,2026-08-31,2026-09-01,1,120.0,-180.0,10000,JPY,confirmed,https://inet-sec.co.jp/study/fx-guide/swap-point/swap_zengetu.pdf,2026-09-30T14:29:16+09:00
ainet_loop,EUR/CHF,2026-09-01,2026-09-02,1,120.0,-180.0,10000,JPY,confirmed,https://inet-sec.co.jp/study/fx-guide/swap-point/swap_zengetu.pdf,2026-10-10T14:48:31+09:00
ainet_loop,EUR/CHF,2026-09-02,2026-09-03,4,480.0,-720.0,10000,JPY,confirmed,https://inet-sec.co.jp/study/fx-guide/swap-point/swap_zengetu.pdf,2026-10-10T14:48:31+09:00
ainet_loop,EUR/CHF,2026-09-03,2026-09-04,0,0.0,0.0,10000,JPY,confirmed,https://inet-sec.co.jp/study/fx-guide/swap-point/swap_zengetu.pdf,2026-10-10T14:48:31+09:00
ainet_loop,EUR/CHF,2026-09-04,2026-09-07,1,100.0,-150.0,10000,JPY,confirmed,https://inet-sec.co.jp/study/fx-guide/swap-point/swap_zengetu.pdf,2026-10-10T14:48:31+09:00
ainet_loop,EUR/CHF,2026-09-07,2026-09-08,1,100.0,-150.0,10000,JPY,confirmed,https://inet-sec.co.jp/study/fx-guide/swap-point/swap_zengetu.pdf,2026-10-10T14:48:31+09:00
ainet_loop,EUR/CHF,2026-09-08,2026-09-09,1,100.0,-150.0,10000,JPY,confirmed,https://inet-sec.co.jp/study/fx-guide/swap-point/swap_zengetu.pdf,2026-10-10T14:48:31+09:00
ainet_loop,EUR/CHF,2026-09-09,2026-09-10,3,300.0,-450.0,10000,JPY,confirmed,https://inet-sec.co.jp/study/fx-guide/swap-point/swap_zengetu.pdf,2026-10-10T14:48:31+09:00
ainet_loop,EUR/CHF,2026-09-10,2026-09-11,1,120.0,-190.0,10000,JPY,confirmed,https://inet-sec.co.jp/study/fx-guide/swap-point/swap_zengetu.pdf,2026-10-10T14:48:31+09:00
ainet_loop,EUR/CHF,2026-09-11,2026-09-14,1,120.0,-190.0,10000,JPY,confirmed,https://inet-sec.co.jp/study/fx-guide/swap-point/swap_zengetu.pdf,2026-10-10T14:48:31+09:00
ainet_loop,EUR/CHF,2026-09-14,2026-09-15,1,120.0,-190.0,10000,JPY,confirmed,https://inet-sec.co.jp/study/fx-guide/swap-point/swap_zengetu.pdf,2026-10-10T14:48:31+09:00
ainet_loop,EUR/CHF,2026-09-15,2026-09-16,1,120.0,-190.0,10000,JPY,confirmed,https://inet-sec.co.jp/study/fx-guide/swap-point/swap_zengetu.pdf,2026-10-10T14:48:31+09:00
ainet_loop,EUR/CHF,2026-09-16,2026-09-17,3,360.0,-570.0,10000,JPY,confirmed,https://inet-sec.co.jp/study/fx-guide/swap-point/swap_zengetu.pdf,2026-10-10T14:48:31+09:00
ainet_loop,EUR/CHF,2026-09-17,2026-09-18,1,115.0,-180.0,10000,JPY,confirmed,https://inet-sec.co.jp/study/fx-guide/swap-point/swap_zengetu.pdf,2026-10-10T14:48:31+09:00
ainet_loop,EUR/CHF,2026-09-18,2026-09-21,1,115.0,-180.0,10000,JPY,confirmed,https://inet-sec.co.jp/study/fx-guide/swap-point/swap_zengetu.pdf,2026-10-10T14:48:31+09:00
ainet_loop,EUR/CHF,2026-09-21,2026-09-22,1,115.0,-180.0,10000,JPY,confirmed,https://inet-sec.co.jp/study/fx-guide/swap-point/swap_zengetu.pdf,2026-10-10T14:48:31+09:00
ainet_loop,EUR/CHF,2026-09-22,2026-09-23,1,115.0,-180.0,10000,JPY,confirmed,https://inet-sec.co.jp/study/fx-guide/swap-point/swap_zengetu.pdf,2026-10-10T14:48:31+09:00
ainet_loop,EUR/CHF,2026-09-23,2026-09-24,3,345.0,-540.0,10000,JPY,confirmed,https://inet-sec.co.jp/study/fx-guide/swap-point/swap_zengetu.pdf,2026-10-10T14:48:31+09:00
ainet_loop,EUR/CHF,2026-09-24,2026-09-25,1,130.0,-195.0,10000,JPY,confirmed,https://inet-sec.co.jp/study/fx-guide/swap-point/swap_zengetu.pdf,2026-10-10T14:48:31+09:00
ainet_loop,EUR/CHF,2026-09-25,2026-09-28,1,130.0,-195.0,10000,JPY,confirmed,https://inet-sec.co.jp/study/fx-guide/swap-point/swap_zengetu.pdf,2026-10-10T14:48:31+09:00
ainet_loop,EUR/CHF,2026-09-28,2026-09-29,1,130.0,-195.0,10000,JPY,confirmed,https://inet-sec.co.jp/study/fx-guide/swap-point/swap_zengetu.pdf,2026-10-10T14:48:31+09:00
ainet_loop,EUR/CHF,2026-09-29,2026-09-30,1,130.0,-195.0,10000,JPY,confirmed,https://inet-sec.co.jp/study/fx-guide/swap-point/swap_zengetu.pdf,2026-10-10T14:48:31+09:00
ainet_loop,EUR/CHF,2026-09-30,2026-10-01,3,390.0,-585.0,10000,JPY,confirmed,https://inet-sec.co.jp/study/fx-guide/swap-point/swap_zengetu.pdf,2026-10-10T14:48:31+09:00
ainet_loop,EUR/CHF,2026-10-01,2026-10-02,1,135.0,-200.0,10000,JPY,confirmed,https://inet-sec.co.jp/study/fx-guide/swap-point/swap_tougetu.pdf,2026-10-10T14:48:33+09:00
ainet_loop,EUR/CHF,2026-10-02,2026-10-05,1,135.0,-200.0,10000,JPY,confirmed,https://inet-sec.co.jp/study/fx-guide/swap-point/swap_tougetu.pdf,2026-10-10T14:48:33+09:00
ainet_loop,EUR/CHF,2026-10-05,2026-10-06,1,135.0,-200.0,10000,JPY,confirmed,https://inet-sec.co.jp/study/fx-guide/swap-point/swap_tougetu.pdf,2026-10-10T14:48:33+09:00
ainet_loop,EUR/CHF,2026-10-06,2026-10-07,1,135.0,-200.0,10000,JPY,confirmed,https://inet-sec.co.jp/study/fx-guide/swap-point/swap_tougetu.pdf,2026-10-10T14:48:33+09:00
ainet_loop,EUR/CHF,2026-10-07,2026-10-08,4,540.0,-800.0,10000,JPY,confirmed,https://inet-sec.co.jp/study/fx-guide/swap-point/swap_tougetu.pdf,2026-10-10T14:48:33+09:00
ainet_loop,EUR/CHF,2026-10-08,2026-10-09,0,0.0,0.0,10000,JPY,confirmed,https://inet-sec.co.jp/study/fx-guide/swap-point/swap_tougetu.pdf,2026-10-10T14:48:33+09:00
ainet_loop,EUR/CHF,2026-10-09,2026-10-12,1,130.0,-200.0,10000,JPY,scheduled,https://inet-sec.co.jp/study/fx-guide/swap-point/swap_tougetu.pdf,2026-10-10T14:48:33+09:00
ainet_loop,EUR/CHF,2026-10-12,2026-10-13,1,130.0,-200.0,10000,JPY,scheduled,https://inet-sec.co.jp/study/fx-guide/swap-point/swap_tougetu.pdf,2026-10-10T14:48:33+09:00
ainet_loop,EUR/CHF,2026-10-13,2026-10-14,1,,,10000,JPY,scheduled,https://inet-sec.co.jp/study/fx-guide/swap-point/swap_tougetu.pdf,2026-10-10T14:48:33+09:00
ainet_loop,EUR/CHF,2026-10-14,2026-10-15,3,,,10000,JPY,scheduled,https://inet-sec.co.jp/study/fx-guide/swap-point/swap_tougetu.pdf,2026-10-10T14:48:33+09:00
ainet_loop,EUR/CHF,2026-10-15,2026-10-16,1,,,10000,JPY,scheduled,https://inet-sec.co.jp/study/fx-guide/swap-point/swap_tougetu.pdf,2026-10-10T14:48:33+09:00
ainet_loop,EUR/CHF,2026-10-16,2026-10-19,1,,,10000,JPY,scheduled,https://inet-sec.co.jp/study/fx-guide/swap-point/swap_tougetu.pdf,2026-10-10T14:48:33+09:00
ainet_loop,EUR/CHF,2026-10-19,2026-10-20,1,,,10000,JPY,scheduled,https://inet-sec.co.jp/study/fx-guide/swap-point/swap_tougetu.pdf,2026-10-10T14:48:33+09:00
ainet_loop,EUR/CHF,2026-10-20,2026-10-21,1,,,10000,JPY,scheduled,https://inet-sec.co.jp/study/fx-guide/swap-point/swap_tougetu.pdf,2026-10-10T14:48:33+09:00
ainet_loop,EUR/CHF,2026-10-21,2026-10-22,3,,,10000,JPY,scheduled,https://inet-sec.co.jp/study/fx-guide/swap-point/swap_tougetu.pdf,2026-10-10T14:48:33+09:00
ainet_loop,EUR/CHF,2026-10-22,2026-10-23,1,,,10000,JPY,scheduled,https://inet-sec.co.jp/study/fx-guide/swap-point/swap_tougetu.pdf,2026-10-10T14:48:33+09:00
ainet_loop,EUR/CHF,2026-10-23,2026-10-26,1,,,10000,JPY,scheduled,https://inet-sec.co.jp/study/fx-guide/swap-point/swap_tougetu.pdf,2026-10-10T14:48:33+09:00
ainet_loop,EUR/CHF,2026-10-26,2026-10-27,1,,,10000,JPY,scheduled,https://inet-sec.co.jp/study/fx-guide/swap-point/swap_tougetu.pdf,2026-10-10T14:48:33+09:00
ainet_loop,EUR/CHF,2026-10-27,2026-10-28,1,,,10000,JPY,scheduled,https://inet-sec.co.jp/study/fx-guide/swap-point/swap_tougetu.pdf,2026-10-10T14:48:33+09:00
ainet_loop,EUR/CHF,2026-10-28,2026-10-29,3,,,10000,JPY,scheduled,https://inet-sec.co.jp/study/fx-guide/swap-point/swap_tougetu.pdf,2026-10-10T14:48:33+09:00
ainet_loop,EUR/CHF,2026-10-29,2026-10-30,1,,,10000,JPY,scheduled,https://inet-sec.co.jp/study/fx-guide/swap-point/swap_tougetu.pdf,2026-10-10T14:48:33+09:00
ainet_loop,EUR/CHF,2026-10-30,2026-11-02,1,,,10000,JPY,scheduled,https://inet-sec.co.jp/study/fx-guide/swap-point/swap_tougetu.pdf,2026-10-10T14:48:33+09:00
ainet_loop,EUR/GBP,2026-08-03,2026-08-04,1,-85.0,75.0,10000,JPY,confirmed,https://inet-sec.co.jp/study/fx-guide/swap-point/swap_zengetu.pdf,2026-09-30T14:29:16+09:00
ainet_loop,EUR/GBP,2026-08-04,2026-08-05,1,-85.0,75.0,10000,JPY,confirmed,https://inet-sec.co.jp/study/fx-guide/swap-point/swap_zengetu.pdf,2026-09-30T14:29:16+09:00
ainet_loop,EUR/GBP,2026-08-05,2026-08-06,3,-255.0,225.0,10000,JPY,confirmed,https://inet-sec.co.jp/study/fx-guide/swap-point/swap_zengetu.pdf,2026-09-30T14:29:16+09:00
ainet_loop,EUR/GBP,2026-08-06,2026-08-07,1,-83.0,73.0,10000,JPY,confirmed,https://inet-sec.co.jp/study/fx-guide/swap-point/swap_zengetu.pdf,2026-09-30T14:29:16+09:00
ainet_loop,EUR/GBP,2026-08-07,2026-08-10,1,-83.0,73.0,10000,JPY,confirmed,https://inet-sec.co.jp/study/fx-guide/swap-point/swap_zengetu.pdf,2026-09-30T14:29:16+09:00
ainet_loop,EUR/GBP,2026-08-10,2026-08-11,1,-83.0,73.0,10000,JPY,confirmed,https://inet-sec.co.jp/study/fx-guide/swap-point/swap_zengetu.pdf,2026-09-30T14:29:16+09:00
ainet_loop,EUR/GBP,2026-08-11,2026-08-12,1,-83.0,73.0,10000,JPY,confirmed,https://inet-sec.co.jp/study/fx-guide/swap-point/swap_zengetu.pdf,2026-09-30T14:29:16+09:00
ainet_loop,EUR/GBP,2026-08-12,2026-08-13,3,-249.0,219.0,10000,JPY,confirmed,https://inet-sec.co.jp/study/fx-guide/swap-point/swap_zengetu.pdf,2026-09-30T14:29:16+09:00
ainet_loop,EUR/GBP,2026-08-13,2026-08-14,1,-83.0,73.0,10000,JPY,confirmed,https://inet-sec.co.jp/study/fx-guide/swap-point/swap_zengetu.pdf,2026-09-30T14:29:16+09:00
ainet_loop,EUR/GBP,2026-08-14,2026-08-17,1,-83.0,73.0,10000,JPY,confirmed,https://inet-sec.co.jp/study/fx-guide/swap-point/swap_zengetu.pdf,2026-09-30T14:29:16+09:00
ainet_loop,EUR/GBP,2026-08-17,2026-08-18,1,-83.0,73.0,10000,JPY,confirmed,https://inet-sec.co.jp/study/fx-guide/swap-point/swap_zengetu.pdf,2026-09-30T14:29:16+09:00
ainet_loop,EUR/GBP,2026-08-18,2026-08-19,1,-83.0,73.0,10000,JPY,confirmed,https://inet-sec.co.jp/study/fx-guide/swap-point/swap_zengetu.pdf,2026-09-30T14:29:16+09:00
ainet_loop,EUR/GBP,2026-08-19,2026-08-20,3,-249.0,219.0,10000,JPY,confirmed,https://inet-sec.co.jp/study/fx-guide/swap-point/swap_zengetu.pdf,2026-09-30T14:29:16+09:00
ainet_loop,EUR/GBP,2026-08-20,2026-08-21,1,-83.0,73.0,10000,JPY,confirmed,https://inet-sec.co.jp/study/fx-guide/swap-point/swap_zengetu.pdf,2026-09-30T14:29:16+09:00
ainet_loop,EUR/GBP,2026-08-21,2026-08-24,1,-83.0,73.0,10000,JPY,confirmed,https://inet-sec.co.jp/study/fx-guide/swap-point/swap_zengetu.pdf,2026-09-30T14:29:16+09:00
ainet_loop,EUR/GBP,2026-08-24,2026-08-25,1,-83.0,73.0,10000,JPY,confirmed,https://inet-sec.co.jp/study/fx-guide/swap-point/swap_zengetu.pdf,2026-09-30T14:29:16+09:00
ainet_loop,EUR/GBP,2026-08-25,2026-08-26,1,-83.0,73.0,10000,JPY,confirmed,https://inet-sec.co.jp/study/fx-guide/swap-point/swap_zengetu.pdf,2026-09-30T14:29:16+09:00
ainet_loop,EUR/GBP,2026-08-26,2026-08-27,4,-332.0,292.0,10000,JPY,confirmed,https://inet-sec.co.jp/study/fx-guide/swap-point/swap_zengetu.pdf,2026-09-30T14:29:16+09:00
ainet_loop,EUR/GBP,2026-08-27,2026-08-28,1,-83.0,73.0,10000,JPY,confirmed,https://inet-sec.co.jp/study/fx-guide/swap-point/swap_zengetu.pdf,2026-09-30T14:29:16+09:00
ainet_loop,EUR/GBP,2026-08-28,2026-08-31,0,0.0,0.0,10000,JPY,confirmed,https://inet-sec.co.jp/study/fx-guide/swap-point/swap_zengetu.pdf,2026-09-30T14:29:16+09:00
ainet_loop,EUR/GBP,2026-08-31,2026-09-01,1,-83.0,73.0,10000,JPY,confirmed,https://inet-sec.co.jp/study/fx-guide/swap-point/swap_zengetu.pdf,2026-09-30T14:29:16+09:00
ainet_loop,EUR/GBP,2026-09-01,2026-09-02,1,-83.0,73.0,10000,JPY,confirmed,https://inet-sec.co.jp/study/fx-guide/swap-point/swap_zengetu.pdf,2026-10-10T14:48:31+09:00
ainet_loop,EUR/GBP,2026-09-02,2026-09-03,4,-332.0,292.0,10000,JPY,confirmed,https://inet-sec.co.jp/study/fx-guide/swap-point/swap_zengetu.pdf,2026-10-10T14:48:31+09:00
ainet_loop,EUR/GBP,2026-09-03,2026-09-04,0,0.0,0.0,10000,JPY,confirmed,https://inet-sec.co.jp/study/fx-guide/swap-point/swap_zengetu.pdf,2026-10-10T14:48:31+09:00
ainet_loop,EUR/GBP,2026-09-04,2026-09-07,1,-83.0,73.0,10000,JPY,confirmed,https://inet-sec.co.jp/study/fx-guide/swap-point/swap_zengetu.pdf,2026-10-10T14:48:31+09:00
ainet_loop,EUR/GBP,2026-09-07,2026-09-08,1,-83.0,73.0,10000,JPY,confirmed,https://inet-sec.co.jp/study/fx-guide/swap-point/swap_zengetu.pdf,2026-10-10T14:48:31+09:00
ainet_loop,EUR/GBP,2026-09-08,2026-09-09,1,-83.0,73.0,10000,JPY,confirmed,https://inet-sec.co.jp/study/fx-guide/swap-point/swap_zengetu.pdf,2026-10-10T14:48:31+09:00
ainet_loop,EUR/GBP,2026-09-09,2026-09-10,3,-249.0,219.0,10000,JPY,confirmed,https://inet-sec.co.jp/study/fx-guide/swap-point/swap_zengetu.pdf,2026-10-10T14:48:31+09:00
ainet_loop,EUR/GBP,2026-09-10,2026-09-11,1,-80.0,72.0,10000,JPY,confirmed,https://inet-sec.co.jp/study/fx-guide/swap-point/swap_zengetu.pdf,2026-10-10T14:48:31+09:00
ainet_loop,EUR/GBP,2026-09-11,2026-09-14,1,-80.0,72.0,10000,JPY,confirmed,https://inet-sec.co.jp/study/fx-guide/swap-point/swap_zengetu.pdf,2026-10-10T14:48:31+09:00
ainet_loop,EUR/GBP,2026-09-14,2026-09-15,1,-80.0,72.0,10000,JPY,confirmed,https://inet-sec.co.jp/study/fx-guide/swap-point/swap_zengetu.pdf,2026-10-10T14:48:31+09:00
ainet_loop,EUR/GBP,2026-09-15,2026-09-16,1,-80.0,72.0,10000,JPY,confirmed,https://inet-sec.co.jp/study/fx-guide/swap-point/swap_zengetu.pdf,2026-10-10T14:48:31+09:00
ainet_loop,EUR/GBP,2026-09-16,2026-09-17,3,-240.0,216.0,10000,JPY,confirmed,https://inet-sec.co.jp/study/fx-guide/swap-point/swap_zengetu.pdf,2026-10-10T14:48:31+09:00
ainet_loop,EUR/GBP,2026-09-17,2026-09-18,1,-80.0,72.0,10000,JPY,confirmed,https://inet-sec.co.jp/study/fx-guide/swap-point/swap_zengetu.pdf,2026-10-10T14:48:31+09:00
ainet_loop,EUR/GBP,2026-09-18,2026-09-21,1,-80.0,72.0,10000,JPY,confirmed,https://inet-sec.co.jp/study/fx-guide/swap-point/swap_zengetu.pdf,2026-10-10T14:48:31+09:00
ainet_loop,EUR/GBP,2026-09-21,2026-09-22,1,-80.0,72.0,10000,JPY,confirmed,https://inet-sec.co.jp/study/fx-guide/swap-point/swap_zengetu.pdf,2026-10-10T14:48:31+09:00
ainet_loop,EUR/GBP,2026-09-22,2026-09-23,1,-80.0,72.0,10000,JPY,confirmed,https://inet-sec.co.jp/study/fx-guide/swap-point/swap_zengetu.pdf,2026-10-10T14:48:31+09:00
ainet_loop,EUR/GBP,2026-09-23,2026-09-24,3,-240.0,216.0,10000,JPY,confirmed,https://inet-sec.co.jp/study/fx-guide/swap-point/swap_zengetu.pdf,2026-10-10T14:48:31+09:00
ainet_loop,EUR/GBP,2026-09-24,2026-09-25,1,-72.0,64.0,10000,JPY,confirmed,https://inet-sec.co.jp/study/fx-guide/swap-point/swap_zengetu.pdf,2026-10-10T14:48:31+09:00
ainet_loop,EUR/GBP,2026-09-25,2026-09-28,1,-72.0,64.0,10000,JPY,confirmed,https://inet-sec.co.jp/study/fx-guide/swap-point/swap_zengetu.pdf,2026-10-10T14:48:31+09:00
ainet_loop,EUR/GBP,2026-09-28,2026-09-29,1,-72.0,64.0,10000,JPY,confirmed,https://inet-sec.co.jp/study/fx-guide/swap-point/swap_zengetu.pdf,2026-10-10T14:48:31+09:00
ainet_loop,EUR/GBP,2026-09-29,2026-09-30,1,-72.0,64.0,10000,JPY,confirmed,https://inet-sec.co.jp/study/fx-guide/swap-point/swap_zengetu.pdf,2026-10-10T14:48:31+09:00
ainet_loop,EUR/GBP,2026-09-30,2026-10-01,3,-216.0,192.0,10000,JPY,confirmed,https://inet-sec.co.jp/study/fx-guide/swap-point/swap_zengetu.pdf,2026-10-10T14:48:31+09:00
ainet_loop,EUR/GBP,2026-10-01,2026-10-02,1,-72.0,64.0,10000,JPY,confirmed,https://inet-sec.co.jp/study/fx-guide/swap-point/swap_tougetu.pdf,2026-10-10T14:48:33+09:00
ainet_loop,EUR/GBP,2026-10-02,2026-10-05,1,-72.0,64.0,10000,JPY,confirmed,https://inet-sec.co.jp/study/fx-guide/swap-point/swap_tougetu.pdf,2026-10-10T14:48:33+09:00
ainet_loop,EUR/GBP,2026-10-05,2026-10-06,1,-72.0,64.0,10000,JPY,confirmed,https://inet-sec.co.jp/study/fx-guide/swap-point/swap_tougetu.pdf,2026-10-10T14:48:33+09:00
ainet_loop,EUR/GBP,2026-10-06,2026-10-07,1,-72.0,64.0,10000,JPY,confirmed,https://inet-sec.co.jp/study/fx-guide/swap-point/swap_tougetu.pdf,2026-10-10T14:48:33+09:00
ainet_loop,EUR/GBP,2026-10-07,2026-10-08,4,-288.0,256.0,10000,JPY,confirmed,https://inet-sec.co.jp/study/fx-guide/swap-point/swap_tougetu.pdf,2026-10-10T14:48:33+09:00
ainet_loop,EUR/GBP,2026-10-08,2026-10-09,0,0.0,0.0,10000,JPY,confirmed,https://inet-sec.co.jp/study/fx-guide/swap-point/swap_tougetu.pdf,2026-10-10T14:48:33+09:00
ainet_loop,EUR/GBP,2026-10-09,2026-10-12,1,-72.0,64.0,10000,JPY,scheduled,https://inet-sec.co.jp/study/fx-guide/swap-point/swap_tougetu.pdf,2026-10-10T14:48:33+09:00
ainet_loop,EUR/GBP,2026-10-12,2026-10-13,1,-72.0,64.0,10000,JPY,scheduled,https://inet-sec.co.jp/study/fx-guide/swap-point/swap_tougetu.pdf,2026-10-10T14:48:33+09:00
ainet_loop,EUR/GBP,2026-10-13,2026-10-14,1,,,10000,JPY,scheduled,https://inet-sec.co.jp/study/fx-guide/swap-point/swap_tougetu.pdf,2026-10-10T14:48:33+09:00
ainet_loop,EUR/GBP,2026-10-14,2026-10-15,3,,,10000,JPY,scheduled,https://inet-sec.co.jp/study/fx-guide/swap-point/swap_tougetu.pdf,2026-10-10T14:48:33+09:00
ainet_loop,EUR/GBP,2026-10-15,2026-10-16,1,,,10000,JPY,scheduled,https://inet-sec.co.jp/study/fx-guide/swap-point/swap_tougetu.pdf,2026-10-10T14:48:33+09:00
ainet_loop,EUR/GBP,2026-10-16,2026-10-19,1,,,10000,JPY,scheduled,https://inet-sec.co.jp/study/fx-guide/swap-point/swap_tougetu.pdf,2026-10-10T14:48:33+09:00
ainet_loop,EUR/GBP,2026-10-19,2026-10-20,1,,,10000,JPY,scheduled,https://inet-sec.co.jp/study/fx-guide/swap-point/swap_tougetu.pdf,2026-10-10T14:48:33+09:00
ainet_loop,EUR/GBP,2026-10-20,2026-10-21,1,,,10000,JPY,scheduled,https://inet-sec.co.jp/study/fx-guide/swap-point/swap_tougetu.pdf,2026-10-10T14:48:33+09:00
ainet_loop,EUR/GBP,2026-10-21,2026-10-22,3,,,10000,JPY,scheduled,https://inet-sec.co.jp/study/fx-guide/swap-point/swap_tougetu.pdf,2026-10-10T14:48:33+09:00
ainet_loop,EUR/GBP,2026-10-22,2026-10-23,1,,,10000,JPY,scheduled,https://inet-sec.co.jp/study/fx-guide/swap-point/swap_tougetu.pdf,2026-10-10T14:48:33+09:00
ainet_loop,EUR/GBP,2026-10-23,2026-10-26,1,,,10000,JPY,scheduled,https://inet-sec.co.jp/study/fx-guide/swap-point/swap_tougetu.pdf,2026-10-10T14:48:33+09:00
ainet_loop,EUR/GBP,2026-10-26,2026-10-27,1,,,10000,JPY,scheduled,https://inet-sec.co.jp/study/fx-guide/swap-point/swap_tougetu.pdf,2026-10-10T14:48:33+09:00
ainet_loop,EUR/GBP,2026-10-27,2026-10-28,1,,,10000,JPY,scheduled,https://inet-sec.co.jp/study/fx-guide/swap-point/swap_tougetu.pdf,2026-10-10T14:48:33+09:00
ainet_loop,EUR/GBP,2026-10-28,2026-10-29,3,,,10000,JPY,scheduled,https://inet-sec.co.jp/study/fx-guide/swap-point/swap_tougetu.pdf,2026-10-10T14:48:33+09:00
ainet_loop,EUR/GBP,2026-10-29,2026-10-30,1,,,10000,JPY,scheduled,https://inet-sec.co.jp/study/fx-guide/swap-point/swap_tougetu.pdf,2026-10-10T14:48:33+09:00
ainet_loop,EUR/GBP,2026-10-30,2026-11-02,1,,,10000,JPY,scheduled,https://inet-sec.co.jp/study/fx-guide/swap-point/swap_tougetu.pdf,2026-10-10T14:48:33+09:00
ainet_loop,EUR/JPY,2026-08-03,2026-08-04,1,80.0,-105.0,10000,JPY,confirmed,https://inet-sec.co.jp/study/fx-guide/swap-point/swap_zengetu.pdf,2026-09-30T14:29:16+09:00
ainet_loop,EUR/JPY,2026-08-04,2026-08-05,1,80.0,-105.0,10000,JPY,confirmed,https://inet-sec.co.jp/study/fx-guide/swap-point/swap_zengetu.pdf,2026-09-30T14:29:16+09:00
ainet_loop,EUR/JPY,2026-08-05,2026-08-06,3,240.0,-315.0,10000,JPY,confirmed,https://inet-sec.co.jp/study/fx-guide/swap-point/swap_zengetu.pdf,2026-09-30T14:29:16+09:00
ainet_loop,EUR/JPY,2026-08-06,2026-08-07,2,140.0,-200.0,10000,JPY,confirmed,https://inet-sec.co.jp/study/fx-guide/swap-point/swap_zengetu.pdf,2026-09-30T14:29:16+09:00
ainet_loop,EUR/JPY,2026-08-07,2026-08-10,1,70.0,-100.0,10000,JPY,confirmed,https://inet-sec.co.jp/study/fx-guide/swap-point/swap_zengetu.pdf,2026-09-30T14:29:16+09:00
ainet_loop,EUR/JPY,2026-08-10,2026-08-11,0,0.0,0.0,10000,JPY,confirmed,https://inet-sec.co.jp/study/fx-guide/swap-point/swap_zengetu.pdf,2026-09-30T14:29:16+09:00
ainet_loop,EUR/JPY,2026-08-11,2026-08-12,1,70.0,-100.0,10000,JPY,confirmed,https://inet-sec.co.jp/study/fx-guide/swap-point/swap_zengetu.pdf,2026-09-30T14:29:16+09:00
ainet_loop,EUR/JPY,2026-08-12,2026-08-13,3,210.0,-300.0,10000,JPY,confirmed,https://inet-sec.co.jp/study/fx-guide/swap-point/swap_zengetu.pdf,2026-09-30T14:29:16+09:00
ainet_loop,EUR/JPY,2026-08-13,2026-08-14,1,80.0,-105.0,10000,JPY,confirmed,https://inet-sec.co.jp/study/fx-guide/swap-point/swap_zengetu.pdf,2026-09-30T14:29:16+09:00
ainet_loop,EUR/JPY,2026-08-14,2026-08-17,1,80.0,-105.0,10000,JPY,confirmed,https://inet-sec.co.jp/study/fx-guide/swap-point/swap_zengetu.pdf,2026-09-30T14:29:16+09:00
ainet_loop,EUR/JPY,2026-08-17,2026-08-18,1,80.0,-105.0,10000,JPY,confirmed,https://inet-sec.co.jp/study/fx-guide/swap-point/swap_zengetu.pdf,2026-09-30T14:29:16+09:00
ainet_loop,EUR/JPY,2026-08-18,2026-08-19,1,80.0,-105.0,10000,JPY,confirmed,https://inet-sec.co.jp/study/fx-guide/swap-point/swap_zengetu.pdf,2026-09-30T14:29:16+09:00
ainet_loop,EUR/JPY,2026-08-19,2026-08-20,3,240.0,-315.0,10000,JPY,confirmed,https://inet-sec.co.jp/study/fx-guide/swap-point/swap_zengetu.pdf,2026-09-30T14:29:16+09:00
ainet_loop,EUR/JPY,2026-08-20,2026-08-21,1,70.0,-100.0,10000,JPY,confirmed,https://inet-sec.co.jp/study/fx-guide/swap-point/swap_zengetu.pdf,2026-09-30T14:29:16+09:00
ainet_loop,EUR/JPY,2026-08-21,2026-08-24,1,70.0,-100.0,10000,JPY,confirmed,https://inet-sec.co.jp/study/fx-guide/swap-point/swap_zengetu.pdf,2026-09-30T14:29:16+09:00
ainet_loop,EUR/JPY,2026-08-24,2026-08-25,1,70.0,-100.0,10000,JPY,confirmed,https://inet-sec.co.jp/study/fx-guide/swap-point/swap_zengetu.pdf,2026-09-30T14:29:16+09:00
ainet_loop,EUR/JPY,2026-08-25,2026-08-26,1,70.0,-100.0,10000,JPY,confirmed,https://inet-sec.co.jp/study/fx-guide/swap-point/swap_zengetu.pdf,2026-09-30T14:29:16+09:00
ainet_loop,EUR/JPY,2026-08-26,2026-08-27,3,210.0,-300.0,10000,JPY,confirmed,https://inet-sec.co.jp/study/fx-guide/swap-point/swap_zengetu.pdf,2026-09-30T14:29:16+09:00
ainet_loop,EUR/JPY,2026-08-27,2026-08-28,1,80.0,-100.0,10000,JPY,confirmed,https://inet-sec.co.jp/study/fx-guide/swap-point/swap_zengetu.pdf,2026-09-30T14:29:16+09:00
ainet_loop,EUR/JPY,2026-08-28,2026-08-31,1,80.0,-100.0,10000,JPY,confirmed,https://inet-sec.co.jp/study/fx-guide/swap-point/swap_zengetu.pdf,2026-09-30T14:29:16+09:00
ainet_loop,EUR/JPY,2026-08-31,2026-09-01,1,80.0,-100.0,10000,JPY,confirmed,https://inet-sec.co.jp/study/fx-guide/swap-point/swap_zengetu.pdf,2026-09-30T14:29:16+09:00
ainet_loop,EUR/JPY,2026-09-01,2026-09-02,1,80.0,-100.0,10000,JPY,confirmed,https://inet-sec.co.jp/study/fx-guide/swap-point/swap_zengetu.pdf,2026-10-10T14:48:31+09:00
ainet_loop,EUR/JPY,2026-09-02,2026-09-03,4,320.0,-400.0,10000,JPY,confirmed,https://inet-sec.co.jp/study/fx-guide/swap-point/swap_zengetu.pdf,2026-10-10T14:48:31+09:00
ainet_loop,EUR/JPY,2026-09-03,2026-09-04,0,0.0,0.0,10000,JPY,confirmed,https://inet-sec.co.jp/study/fx-guide/swap-point/swap_zengetu.pdf,2026-10-10T14:48:31+09:00
ainet_loop,EUR/JPY,2026-09-04,2026-09-07,1,60.0,-70.0,10000,JPY,confirmed,https://inet-sec.co.jp/study/fx-guide/swap-point/swap_zengetu.pdf,2026-10-10T14:48:31+09:00
ainet_loop,EUR/JPY,2026-09-07,2026-09-08,1,60.0,-70.0,10000,JPY,confirmed,https://inet-sec.co.jp/study/fx-guide/swap-point/swap_zengetu.pdf,2026-10-10T14:48:31+09:00
ainet_loop,EUR/JPY,2026-09-08,2026-09-09,1,60.0,-70.0,10000,JPY,confirmed,https://inet-sec.co.jp/study/fx-guide/swap-point/swap_zengetu.pdf,2026-10-10T14:48:31+09:00
ainet_loop,EUR/JPY,2026-09-09,2026-09-10,3,180.0,-210.0,10000,JPY,confirmed,https://inet-sec.co.jp/study/fx-guide/swap-point/swap_zengetu.pdf,2026-10-10T14:48:31+09:00
ainet_loop,EUR/JPY,2026-09-10,2026-09-11,1,75.0,-90.0,10000,JPY,confirmed,https://inet-sec.co.jp/study/fx-guide/swap-point/swap_zengetu.pdf,2026-10-10T14:48:31+09:00
ainet_loop,EUR/JPY,2026-09-11,2026-09-14,1,75.0,-90.0,10000,JPY,confirmed,https://inet-sec.co.jp/study/fx-guide/swap-point/swap_zengetu.pdf,2026-10-10T14:48:31+09:00
ainet_loop,EUR/JPY,2026-09-14,2026-09-15,1,75.0,-90.0,10000,JPY,confirmed,https://inet-sec.co.jp/study/fx-guide/swap-point/swap_zengetu.pdf,2026-10-10T14:48:31+09:00
ainet_loop,EUR/JPY,2026-09-15,2026-09-16,1,75.0,-90.0,10000,JPY,confirmed,https://inet-sec.co.jp/study/fx-guide/swap-point/swap_zengetu.pdf,2026-10-10T14:48:31+09:00
ainet_loop,EUR/JPY,2026-09-16,2026-09-17,6,450.0,-540.0,10000,JPY,confirmed,https://inet-sec.co.jp/study/fx-guide/swap-point/swap_zengetu.pdf,2026-10-10T14:48:31+09:00
ainet_loop,EUR/JPY,2026-09-17,2026-09-18,1,70.0,-85.0,10000,JPY,confirmed,https://inet-sec.co.jp/study/fx-guide/swap-point/swap_zengetu.pdf,2026-10-10T14:48:31+09:00
ainet_loop,EUR/JPY,2026-09-18,2026-09-21,0,0.0,0.0,10000,JPY,confirmed,https://inet-sec.co.jp/study/fx-guide/swap-point/swap_zengetu.pdf,2026-10-10T14:48:31+09:00
ainet_loop,EUR/JPY,2026-09-21,2026-09-22,0,0.0,0.0,10000,JPY,confirmed,https://inet-sec.co.jp/study/fx-guide/swap-point/swap_zengetu.pdf,2026-10-10T14:48:31+09:00
ainet_loop,EUR/JPY,2026-09-22,2026-09-23,0,0.0,0.0,10000,JPY,confirmed,https://inet-sec.co.jp/study/fx-guide/swap-point/swap_zengetu.pdf,2026-10-10T14:48:31+09:00
ainet_loop,EUR/JPY,2026-09-23,2026-09-24,3,210.0,-255.0,10000,JPY,confirmed,https://inet-sec.co.jp/study/fx-guide/swap-point/swap_zengetu.pdf,2026-10-10T14:48:31+09:00
ainet_loop,EUR/JPY,2026-09-24,2026-09-25,1,75.0,-90.0,10000,JPY,confirmed,https://inet-sec.co.jp/study/fx-guide/swap-point/swap_zengetu.pdf,2026-10-10T14:48:31+09:00
ainet_loop,EUR/JPY,2026-09-25,2026-09-28,1,75.0,-90.0,10000,JPY,confirmed,https://inet-sec.co.jp/study/fx-guide/swap-point/swap_zengetu.pdf,2026-10-10T14:48:31+09:00
ainet_loop,EUR/JPY,2026-09-28,2026-09-29,1,75.0,-90.0,10000,JPY,confirmed,https://inet-sec.co.jp/study/fx-guide/swap-point/swap_zengetu.pdf,2026-10-10T14:48:31+09:00
ainet_loop,EUR/JPY,2026-09-29,2026-09-30,1,75.0,-90.0,10000,JPY,confirmed,https://inet-sec.co.jp/study/fx-guide/swap-point/swap_zengetu.pdf,2026-10-10T14:48:31+09:00
ainet_loop,EUR/JPY,2026-09-30,2026-10-01,3,225.0,-270.0,10000,JPY,confirmed,https://inet-sec.co.jp/study/fx-guide/swap-point/swap_zengetu.pdf,2026-10-10T14:48:31+09:00
ainet_loop,EUR/JPY,2026-10-01,2026-10-02,1,75.0,-90.0,10000,JPY,confirmed,https://inet-sec.co.jp/study/fx-guide/swap-point/swap_tougetu.pdf,2026-10-10T14:48:33+09:00
ainet_loop,EUR/JPY,2026-10-02,2026-10-05,1,75.0,-90.0,10000,JPY,confirmed,https://inet-sec.co.jp/study/fx-guide/swap-point/swap_tougetu.pdf,2026-10-10T14:48:33+09:00
ainet_loop,EUR/JPY,2026-10-05,2026-10-06,1,75.0,-90.0,10000,JPY,confirmed,https://inet-sec.co.jp/study/fx-guide/swap-point/swap_tougetu.pdf,2026-10-10T14:48:33+09:00
ainet_loop,EUR/JPY,2026-10-06,2026-10-07,1,75.0,-90.0,10000,JPY,confirmed,https://inet-sec.co.jp/study/fx-guide/swap-point/swap_tougetu.pdf,2026-10-10T14:48:33+09:00
ainet_loop,EUR/JPY,2026-10-07,2026-10-08,4,300.0,-360.0,10000,JPY,confirmed,https://inet-sec.co.jp/study/fx-guide/swap-point/swap_tougetu.pdf,2026-10-10T14:48:33+09:00
ainet_loop,EUR/JPY,2026-10-08,2026-10-09,1,75.0,-90.0,10000,JPY,confirmed,https://inet-sec.co.jp/study/fx-guide/swap-point/swap_tougetu.pdf,2026-10-10T14:48:33+09:00
ainet_loop,EUR/JPY,2026-10-09,2026-10-12,0,0.0,0.0,10000,JPY,scheduled,https://inet-sec.co.jp/study/fx-guide/swap-point/swap_tougetu.pdf,2026-10-10T14:48:33+09:00
ainet_loop,EUR/JPY,2026-10-12,2026-10-13,1,75.0,-90.0,10000,JPY,scheduled,https://inet-sec.co.jp/study/fx-guide/swap-point/swap_tougetu.pdf,2026-10-10T14:48:33+09:00
ainet_loop,EUR/JPY,2026-10-13,2026-10-14,1,,,10000,JPY,scheduled,https://inet-sec.co.jp/study/fx-guide/swap-point/swap_tougetu.pdf,2026-10-10T14:48:33+09:00
ainet_loop,EUR/JPY,2026-10-14,2026-10-15,3,,,10000,JPY,scheduled,https://inet-sec.co.jp/study/fx-guide/swap-point/swap_tougetu.pdf,2026-10-10T14:48:33+09:00
ainet_loop,EUR/JPY,2026-10-15,2026-10-16,1,,,10000,JPY,scheduled,https://inet-sec.co.jp/study/fx-guide/swap-point/swap_tougetu.pdf,2026-10-10T14:48:33+09:00
ainet_loop,EUR/JPY,2026-10-16,2026-10-19,1,,,10000,JPY,scheduled,https://inet-sec.co.jp/study/fx-guide/swap-point/swap_tougetu.pdf,2026-10-10T14:48:33+09:00
ainet_loop,EUR/JPY,2026-10-19,2026-10-20,1,,,10000,JPY,scheduled,https://inet-sec.co.jp/study/fx-guide/swap-point/swap_tougetu.pdf,2026-10-10T14:48:33+09:00
ainet_loop,EUR/JPY,2026-10-20,2026-10-21,1,,,10000,JPY,scheduled,https://inet-sec.co.jp/study/fx-guide/swap-point/swap_tougetu.pdf,2026-10-10T14:48:33+09:00
ainet_loop,EUR/JPY,2026-10-21,2026-10-22,3,,,10000,JPY,scheduled,https://inet-sec.co.jp/study/fx-guide/swap-point/swap_tougetu.pdf,2026-10-10T14:48:33+09:00
ainet_loop,EUR/JPY,2026-10-22,2026-10-23,1,,,10000,JPY,scheduled,https://inet-sec.co.jp/study/fx-guide/swap-point/swap_tougetu.pdf,2026-10-10T14:48:33+09:00
ainet_loop,EUR/JPY,2026-10-23,2026-10-26,1,,,10000,JPY,scheduled,https://inet-sec.co.jp/study/fx-guide/swap-point/swap_tougetu.pdf,2026-10-10T14:48:33+09:00
ainet_loop,EUR/JPY,2026-10-26,2026-10-27,1,,,10000,JPY,scheduled,https://inet-sec.co.jp/study/fx-guide/swap-point/swap_tougetu.pdf,2026-10-10T14:48:33+09:00
ainet_loop,EUR/JPY,2026-10-27,2026-10-28,1,,,10000,JPY,scheduled,https://inet-sec.co.jp/study/fx-guide/swap-point/swap_tougetu.pdf,2026-10-10T14:48:33+09:00
ainet_loop,EUR/JPY,2026-10-28,2026-10-29,3,,,10000,JPY,scheduled,https://inet-sec.co.jp/study/fx-guide/swap-point/swap_tougetu.pdf,2026-10-10T14:48:33+09:00
ainet_loop,EUR/JPY,2026-10-29,2026-10-30,2,,,10000,JPY,scheduled,https://inet-sec.co.jp/study/fx-guide/swap-point/swap_tougetu.pdf,2026-10-10T14:48:33+09:00
ainet_loop,EUR/JPY,2026-10-30,2026-11-02,1,,,10000,JPY,scheduled,https://inet-sec.co.jp/study/fx-guide/swap-point/swap_tougetu.pdf,2026-10-10T14:48:33+09:00
ainet_loop,EUR/USD,2026-08-03,2026-08-04,1,-95.0,65.0,10000,JPY,confirmed,https://inet-sec.co.jp/study/fx-guide/swap-point/swap_zengetu.pdf,2026-09-30T14:29:16+09:00
ainet_loop,EUR/USD,2026-08-04,2026-08-05,1,-95.0,65.0,10000,JPY,confirmed,https://inet-sec.co.jp/study/fx-guide/swap-point/swap_zengetu.pdf,2026-09-30T14:29:16+09:00
ainet_loop,EUR/USD,2026-08-05,2026-08-06,3,-285.0,195.0,10000,JPY,confirmed,https://inet-sec.co.jp/study/fx-guide/swap-point/swap_zengetu.pdf,2026-09-30T14:29:16+09:00
ainet_loop,EUR/USD,2026-08-06,2026-08-07,1,-99.0,69.0,10000,JPY,confirmed,https://inet-sec.co.jp/study/fx-guide/swap-point/swap_zengetu.pdf,2026-09-30T14:29:16+09:00
ainet_loop,EUR/USD,2026-08-07,2026-08-10,1,-99.0,69.0,10000,JPY,confirmed,https://inet-sec.co.jp/study/fx-guide/swap-point/swap_zengetu.pdf,2026-09-30T14:29:16+09:00
ainet_loop,EUR/USD,2026-08-10,2026-08-11,1,-99.0,69.0,10000,JPY,confirmed,https://inet-sec.co.jp/study/fx-guide/swap-point/swap_zengetu.pdf,2026-09-30T14:29:16+09:00
ainet_loop,EUR/USD,2026-08-11,2026-08-12,1,-99.0,69.0,10000,JPY,confirmed,https://inet-sec.co.jp/study/fx-guide/swap-point/swap_zengetu.pdf,2026-09-30T14:29:16+09:00
ainet_loop,EUR/USD,2026-08-12,2026-08-13,3,-297.0,207.0,10000,JPY,confirmed,https://inet-sec.co.jp/study/fx-guide/swap-point/swap_zengetu.pdf,2026-09-30T14:29:16+09:00
ainet_loop,EUR/USD,2026-08-13,2026-08-14,1,-100.0,68.0,10000,JPY,confirmed,https://inet-sec.co.jp/study/fx-guide/swap-point/swap_zengetu.pdf,2026-09-30T14:29:16+09:00
ainet_loop,EUR/USD,2026-08-14,2026-08-17,1,-100.0,68.0,10000,JPY,confirmed,https://inet-sec.co.jp/study/fx-guide/swap-point/swap_zengetu.pdf,2026-09-30T14:29:16+09:00
ainet_loop,EUR/USD,2026-08-17,2026-08-18,1,-100.0,68.0,10000,JPY,confirmed,https://inet-sec.co.jp/study/fx-guide/swap-point/swap_zengetu.pdf,2026-09-30T14:29:16+09:00
ainet_loop,EUR/USD,2026-08-18,2026-08-19,1,-100.0,68.0,10000,JPY,confirmed,https://inet-sec.co.jp/study/fx-guide/swap-point/swap_zengetu.pdf,2026-09-30T14:29:16+09:00
ainet_loop,EUR/USD,2026-08-19,2026-08-20,3,-300.0,204.0,10000,JPY,confirmed,https://inet-sec.co.jp/study/fx-guide/swap-point/swap_zengetu.pdf,2026-09-30T14:29:16+09:00
ainet_loop,EUR/USD,2026-08-20,2026-08-21,1,-100.0,68.0,10000,JPY,confirmed,https://inet-sec.co.jp/study/fx-guide/swap-point/swap_zengetu.pdf,2026-09-30T14:29:16+09:00
ainet_loop,EUR/USD,2026-08-21,2026-08-24,1,-100.0,68.0,10000,JPY,confirmed,https://inet-sec.co.jp/study/fx-guide/swap-point/swap_zengetu.pdf,2026-09-30T14:29:16+09:00
ainet_loop,EUR/USD,2026-08-24,2026-08-25,1,-100.0,68.0,10000,JPY,confirmed,https://inet-sec.co.jp/study/fx-guide/swap-point/swap_zengetu.pdf,2026-09-30T14:29:16+09:00
ainet_loop,EUR/USD,2026-08-25,2026-08-26,1,-100.0,68.0,10000,JPY,confirmed,https://inet-sec.co.jp/study/fx-guide/swap-point/swap_zengetu.pdf,2026-09-30T14:29:16+09:00
ainet_loop,EUR/USD,2026-08-26,2026-08-27,3,-300.0,204.0,10000,JPY,confirmed,https://inet-sec.co.jp/study/fx-guide/swap-point/swap_zengetu.pdf,2026-09-30T14:29:16+09:00
ainet_loop,EUR/USD,2026-08-27,2026-08-28,1,-100.0,68.0,10000,JPY,confirmed,https://inet-sec.co.jp/study/fx-guide/swap-point/swap_zengetu.pdf,2026-09-30T14:29:16+09:00
ainet_loop,EUR/USD,2026-08-28,2026-08-31,1,-100.0,68.0,10000,JPY,confirmed,https://inet-sec.co.jp/study/fx-guide/swap-point/swap_zengetu.pdf,2026-09-30T14:29:16+09:00
ainet_loop,EUR/USD,2026-08-31,2026-09-01,1,-100.0,68.0,10000,JPY,confirmed,https://inet-sec.co.jp/study/fx-guide/swap-point/swap_zengetu.pdf,2026-09-30T14:29:16+09:00
ainet_loop,EUR/USD,2026-09-01,2026-09-02,1,-100.0,68.0,10000,JPY,confirmed,https://inet-sec.co.jp/study/fx-guide/swap-point/swap_zengetu.pdf,2026-10-10T14:48:31+09:00
ainet_loop,EUR/USD,2026-09-02,2026-09-03,4,-400.0,272.0,10000,JPY,confirmed,https://inet-sec.co.jp/study/fx-guide/swap-point/swap_zengetu.pdf,2026-10-10T14:48:31+09:00
ainet_loop,EUR/USD,2026-09-03,2026-09-04,0,0.0,0.0,10000,JPY,confirmed,https://inet-sec.co.jp/study/fx-guide/swap-point/swap_zengetu.pdf,2026-10-10T14:48:31+09:00
ainet_loop,EUR/USD,2026-09-04,2026-09-07,1,-100.0,68.0,10000,JPY,confirmed,https://inet-sec.co.jp/study/fx-guide/swap-point/swap_zengetu.pdf,2026-10-10T14:48:31+09:00
ainet_loop,EUR/USD,2026-09-07,2026-09-08,1,-100.0,68.0,10000,JPY,confirmed,https://inet-sec.co.jp/study/fx-guide/swap-point/swap_zengetu.pdf,2026-10-10T14:48:31+09:00
ainet_loop,EUR/USD,2026-09-08,2026-09-09,1,-100.0,68.0,10000,JPY,confirmed,https://inet-sec.co.jp/study/fx-guide/swap-point/swap_zengetu.pdf,2026-10-10T14:48:31+09:00
ainet_loop,EUR/USD,2026-09-09,2026-09-10,3,-300.0,204.0,10000,JPY,confirmed,https://inet-sec.co.jp/study/fx-guide/swap-point/swap_zengetu.pdf,2026-10-10T14:48:31+09:00
ainet_loop,EUR/USD,2026-09-10,2026-09-11,1,-95.0,65.0,10000,JPY,confirmed,https://inet-sec.co.jp/study/fx-guide/swap-point/swap_zengetu.pdf,2026-10-10T14:48:31+09:00
ainet_loop,EUR/USD,2026-09-11,2026-09-14,1,-95.0,65.0,10000,JPY,confirmed,https://inet-sec.co.jp/study/fx-guide/swap-point/swap_zengetu.pdf,2026-10-10T14:48:31+09:00
ainet_loop,EUR/USD,2026-09-14,2026-09-15,1,-95.0,65.0,10000,JPY,confirmed,https://inet-sec.co.jp/study/fx-guide/swap-point/swap_zengetu.pdf,2026-10-10T14:48:31+09:00
ainet_loop,EUR/USD,2026-09-15,2026-09-16,1,-95.0,65.0,10000,JPY,confirmed,https://inet-sec.co.jp/study/fx-guide/swap-point/swap_zengetu.pdf,2026-10-10T14:48:31+09:00
ainet_loop,EUR/USD,2026-09-16,2026-09-17,3,-285.0,195.0,10000,JPY,confirmed,https://inet-sec.co.jp/study/fx-guide/swap-point/swap_zengetu.pdf,2026-10-10T14:48:31+09:00
ainet_loop,EUR/USD,2026-09-17,2026-09-18,1,-93.0,63.0,10000,JPY,confirmed,https://inet-sec.co.jp/study/fx-guide/swap-point/swap_zengetu.pdf,2026-10-10T14:48:31+09:00
ainet_loop,EUR/USD,2026-09-18,2026-09-21,1,-93.0,63.0,10000,JPY,confirmed,https://inet-sec.co.jp/study/fx-guide/swap-point/swap_zengetu.pdf,2026-10-10T14:48:31+09:00
ainet_loop,EUR/USD,2026-09-21,2026-09-22,1,-93.0,63.0,10000,JPY,confirmed,https://inet-sec.co.jp/study/fx-guide/swap-point/swap_zengetu.pdf,2026-10-10T14:48:31+09:00
ainet_loop,EUR/USD,2026-09-22,2026-09-23,1,-93.0,63.0,10000,JPY,confirmed,https://inet-sec.co.jp/study/fx-guide/swap-point/swap_zengetu.pdf,2026-10-10T14:48:31+09:00
ainet_loop,EUR/USD,2026-09-23,2026-09-24,3,-279.0,189.0,10000,JPY,confirmed,https://inet-sec.co.jp/study/fx-guide/swap-point/swap_zengetu.pdf,2026-10-10T14:48:31+09:00
ainet_loop,EUR/USD,2026-09-24,2026-09-25,1,-95.0,65.0,10000,JPY,confirmed,https://inet-sec.co.jp/study/fx-guide/swap-point/swap_zengetu.pdf,2026-10-10T14:48:31+09:00
ainet_loop,EUR/USD,2026-09-25,2026-09-28,1,-95.0,65.0,10000,JPY,confirmed,https://inet-sec.co.jp/study/fx-guide/swap-point/swap_zengetu.pdf,2026-10-10T14:48:31+09:00
ainet_loop,EUR/USD,2026-09-28,2026-09-29,1,-95.0,65.0,10000,JPY,confirmed,https://inet-sec.co.jp/study/fx-guide/swap-point/swap_zengetu.pdf,2026-10-10T14:48:31+09:00
ainet_loop,EUR/USD,2026-09-29,2026-09-30,1,-95.0,65.0,10000,JPY,confirmed,https://inet-sec.co.jp/study/fx-guide/swap-point/swap_zengetu.pdf,2026-10-10T14:48:31+09:00
ainet_loop,EUR/USD,2026-09-30,2026-10-01,3,-285.0,195.0,10000,JPY,confirmed,https://inet-sec.co.jp/study/fx-guide/swap-point/swap_zengetu.pdf,2026-10-10T14:48:31+09:00
ainet_loop,EUR/USD,2026-10-01,2026-10-02,1,-95.0,65.0,10000,JPY,confirmed,https://inet-sec.co.jp/study/fx-guide/swap-point/swap_tougetu.pdf,2026-10-10T14:48:33+09:00
ainet_loop,EUR/USD,2026-10-02,2026-10-05,1,-95.0,65.0,10000,JPY,confirmed,https://inet-sec.co.jp/study/fx-guide/swap-point/swap_tougetu.pdf,2026-10-10T14:48:33+09:00
ainet_loop,EUR/USD,2026-10-05,2026-10-06,1,-95.0,65.0,10000,JPY,confirmed,https://inet-sec.co.jp/study/fx-guide/swap-point/swap_tougetu.pdf,2026-10-10T14:48:33+09:00
ainet_loop,EUR/USD,2026-10-06,2026-10-07,1,-95.0,65.0,10000,JPY,confirmed,https://inet-sec.co.jp/study/fx-guide/swap-point/swap_tougetu.pdf,2026-10-10T14:48:33+09:00
ainet_loop,EUR/USD,2026-10-07,2026-10-08,4,-380.0,260.0,10000,JPY,confirmed,https://inet-sec.co.jp/study/fx-guide/swap-point/swap_tougetu.pdf,2026-10-10T14:48:33+09:00
ainet_loop,EUR/USD,2026-10-08,2026-10-09,0,0.0,0.0,10000,JPY,confirmed,https://inet-sec.co.jp/study/fx-guide/swap-point/swap_tougetu.pdf,2026-10-10T14:48:33+09:00
ainet_loop,EUR/USD,2026-10-09,2026-10-12,1,-95.0,65.0,10000,JPY,scheduled,https://inet-sec.co.jp/study/fx-guide/swap-point/swap_tougetu.pdf,2026-10-10T14:48:33+09:00
ainet_loop,EUR/USD,2026-10-12,2026-10-13,1,-95.0,65.0,10000,JPY,scheduled,https://inet-sec.co.jp/study/fx-guide/swap-point/swap_tougetu.pdf,2026-10-10T14:48:33+09:00
ainet_loop,EUR/USD,2026-10-13,2026-10-14,1,,,10000,JPY,scheduled,https://inet-sec.co.jp/study/fx-guide/swap-point/swap_tougetu.pdf,2026-10-10T14:48:33+09:00
ainet_loop,EUR/USD,2026-10-14,2026-10-15,3,,,10000,JPY,scheduled,https://inet-sec.co.jp/study/fx-guide/swap-point/swap_tougetu.pdf,2026-10-10T14:48:33+09:00
ainet_loop,EUR/USD,2026-10-15,2026-10-16,1,,,10000,JPY,scheduled,https://inet-sec.co.jp/study/fx-guide/swap-point/swap_tougetu.pdf,2026-10-10T14:48:33+09:00
ainet_loop,EUR/USD,2026-10-16,2026-10-19,1,,,10000,JPY,scheduled,https://inet-sec.co.jp/study/fx-guide/swap-point/swap_tougetu.pdf,2026-10-10T14:48:33+09:00
ainet_loop,EUR/USD,2026-10-19,2026-10-20,1,,,10000,JPY,scheduled,https://inet-sec.co.jp/study/fx-guide/swap-point/swap_tougetu.pdf,2026-10-10T14:48:33+09:00
ainet_loop,EUR/USD,2026-10-20,2026-10-21,1,,,10000,JPY,scheduled,https://inet-sec.co.jp/study/fx-guide/swap-point/swap_tougetu.pdf,2026-10-10T14:48:33+09:00
ainet_loop,EUR/USD,2026-10-21,2026-10-22,3,,,10000,JPY,scheduled,https://inet-sec.co.jp/study/fx-guide/swap-point/swap_tougetu.pdf,2026-10-10T14:48:33+09:00
ainet_loop,EUR/USD,2026-10-22,2026-10-23,1,,,10000,JPY,scheduled,https://inet-sec.co.jp/study/fx-guide/swap-point/swap_tougetu.pdf,2026-10-10T14:48:33+09:00
ainet_loop,EUR/USD,2026-10-23,2026-10-26,1,,,10000,JPY,scheduled,https://inet-sec.co.jp/study/fx-guide/swap-point/swap_tougetu.pdf,2026-10-10T14:48:33+09:00
ainet_loop,EUR/USD,2026-10-26,2026-10-27,1,,,10000,JPY,scheduled,https://inet-sec.co.jp/study/fx-guide/swap-point/swap_tougetu.pdf,2026-10-10T14:48:33+09:00
ainet_loop,EUR/USD,2026-10-27,2026-10-28,1,,,10000,JPY,scheduled,https://inet-sec.co.jp/study/fx-guide/swap-point/swap_tougetu.pdf,2026-10-10T14:48:33+09:00
ainet_loop,EUR/USD,2026-10-28,2026-10-29,3,,,10000,JPY,scheduled,https://inet-sec.co.jp/study/fx-guide/swap-point/swap_tougetu.pdf,2026-10-10T14:48:33+09:00
ainet_loop,EUR/USD,2026-10-29,2026-10-30,1,,,10000,JPY,scheduled,https://inet-sec.co.jp/study/fx-guide/swap-point/swap_tougetu.pdf,2026-10-10T14:48:33+09:00
ainet_loop,EUR/USD,2026-10-30,2026-11-02,1,,,10000,JPY,scheduled,https://inet-sec.co.jp/study/fx-guide/swap-point/swap_tougetu.pdf,2026-10-10T14:48:33+09:00
ainet_loop,GBP/AUD,2026-08-03,2026-08-04,1,-40.0,10.0,10000,JPY,confirmed,https://inet-sec.co.jp/study/fx-guide/swap-point/swap_zengetu.pdf,2026-09-30T14:29:16+09:00
ainet_loop,GBP/AUD,2026-08-04,2026-08-05,1,-40.0,10.0,10000,JPY,confirmed,https://inet-sec.co.jp/study/fx-guide/swap-point/swap_zengetu.pdf,2026-09-30T14:29:16+09:00
ainet_loop,GBP/AUD,2026-08-05,2026-08-06,3,-120.0,30.0,10000,JPY,confirmed,https://inet-sec.co.jp/study/fx-guide/swap-point/swap_zengetu.pdf,2026-09-30T14:29:16+09:00
ainet_loop,GBP/AUD,2026-08-06,2026-08-07,1,-55.0,25.0,10000,JPY,confirmed,https://inet-sec.co.jp/study/fx-guide/swap-point/swap_zengetu.pdf,2026-09-30T14:29:16+09:00
ainet_loop,GBP/AUD,2026-08-07,2026-08-10,1,-55.0,25.0,10000,JPY,confirmed,https://inet-sec.co.jp/study/fx-guide/swap-point/swap_zengetu.pdf,2026-09-30T14:29:16+09:00
ainet_loop,GBP/AUD,2026-08-10,2026-08-11,1,-55.0,25.0,10000,JPY,confirmed,https://inet-sec.co.jp/study/fx-guide/swap-point/swap_zengetu.pdf,2026-09-30T14:29:16+09:00
ainet_loop,GBP/AUD,2026-08-11,2026-08-12,1,-55.0,25.0,10000,JPY,confirmed,https://inet-sec.co.jp/study/fx-guide/swap-point/swap_zengetu.pdf,2026-09-30T14:29:16+09:00
ainet_loop,GBP/AUD,2026-08-12,2026-08-13,3,-165.0,75.0,10000,JPY,confirmed,https://inet-sec.co.jp/study/fx-guide/swap-point/swap_zengetu.pdf,2026-09-30T14:29:16+09:00
ainet_loop,GBP/AUD,2026-08-13,2026-08-14,1,-40.0,20.0,10000,JPY,confirmed,https://inet-sec.co.jp/study/fx-guide/swap-point/swap_zengetu.pdf,2026-09-30T14:29:16+09:00
ainet_loop,GBP/AUD,2026-08-14,2026-08-17,1,-40.0,20.0,10000,JPY,confirmed,https://inet-sec.co.jp/study/fx-guide/swap-point/swap_zengetu.pdf,2026-09-30T14:29:16+09:00
ainet_loop,GBP/AUD,2026-08-17,2026-08-18,1,-40.0,20.0,10000,JPY,confirmed,https://inet-sec.co.jp/study/fx-guide/swap-point/swap_zengetu.pdf,2026-09-30T14:29:16+09:00
ainet_loop,GBP/AUD,2026-08-18,2026-08-19,1,-40.0,20.0,10000,JPY,confirmed,https://inet-sec.co.jp/study/fx-guide/swap-point/swap_zengetu.pdf,2026-09-30T14:29:16+09:00
ainet_loop,GBP/AUD,2026-08-19,2026-08-20,3,-120.0,60.0,10000,JPY,confirmed,https://inet-sec.co.jp/study/fx-guide/swap-point/swap_zengetu.pdf,2026-09-30T14:29:16+09:00
ainet_loop,GBP/AUD,2026-08-20,2026-08-21,1,-30.0,10.0,10000,JPY,confirmed,https://inet-sec.co.jp/study/fx-guide/swap-point/swap_zengetu.pdf,2026-09-30T14:29:16+09:00
ainet_loop,GBP/AUD,2026-08-21,2026-08-24,1,-30.0,10.0,10000,JPY,confirmed,https://inet-sec.co.jp/study/fx-guide/swap-point/swap_zengetu.pdf,2026-09-30T14:29:16+09:00
ainet_loop,GBP/AUD,2026-08-24,2026-08-25,1,-30.0,10.0,10000,JPY,confirmed,https://inet-sec.co.jp/study/fx-guide/swap-point/swap_zengetu.pdf,2026-09-30T14:29:16+09:00
ainet_loop,GBP/AUD,2026-08-25,2026-08-26,1,-30.0,10.0,10000,JPY,confirmed,https://inet-sec.co.jp/study/fx-guide/swap-point/swap_zengetu.pdf,2026-09-30T14:29:16+09:00
ainet_loop,GBP/AUD,2026-08-26,2026-08-27,4,-120.0,40.0,10000,JPY,confirmed,https://inet-sec.co.jp/study/fx-guide/swap-point/swap_zengetu.pdf,2026-09-30T14:29:16+09:00
ainet_loop,GBP/AUD,2026-08-27,2026-08-28,1,-25.0,10.0,10000,JPY,confirmed,https://inet-sec.co.jp/study/fx-guide/swap-point/swap_zengetu.pdf,2026-09-30T14:29:16+09:00
ainet_loop,GBP/AUD,2026-08-28,2026-08-31,0,0.0,0.0,10000,JPY,confirmed,https://inet-sec.co.jp/study/fx-guide/swap-point/swap_zengetu.pdf,2026-09-30T14:29:16+09:00
ainet_loop,GBP/AUD,2026-08-31,2026-09-01,1,-25.0,10.0,10000,JPY,confirmed,https://inet-sec.co.jp/study/fx-guide/swap-point/swap_zengetu.pdf,2026-09-30T14:29:16+09:00
ainet_loop,GBP/AUD,2026-09-01,2026-09-02,1,-25.0,10.0,10000,JPY,confirmed,https://inet-sec.co.jp/study/fx-guide/swap-point/swap_zengetu.pdf,2026-10-10T14:48:31+09:00
ainet_loop,GBP/AUD,2026-09-02,2026-09-03,4,-100.0,40.0,10000,JPY,confirmed,https://inet-sec.co.jp/study/fx-guide/swap-point/swap_zengetu.pdf,2026-10-10T14:48:31+09:00
ainet_loop,GBP/AUD,2026-09-03,2026-09-04,0,0.0,0.0,10000,JPY,confirmed,https://inet-sec.co.jp/study/fx-guide/swap-point/swap_zengetu.pdf,2026-10-10T14:48:31+09:00
ainet_loop,GBP/AUD,2026-09-04,2026-09-07,1,-25.0,10.0,10000,JPY,confirmed,https://inet-sec.co.jp/study/fx-guide/swap-point/swap_zengetu.pdf,2026-10-10T14:48:31+09:00
ainet_loop,GBP/AUD,2026-09-07,2026-09-08,1,-25.0,10.0,10000,JPY,confirmed,https://inet-sec.co.jp/study/fx-guide/swap-point/swap_zengetu.pdf,2026-10-10T14:48:31+09:00
ainet_loop,GBP/AUD,2026-09-08,2026-09-09,1,-25.0,10.0,10000,JPY,confirmed,https://inet-sec.co.jp/study/fx-guide/swap-point/swap_zengetu.pdf,2026-10-10T14:48:31+09:00
ainet_loop,GBP/AUD,2026-09-09,2026-09-10,3,-75.0,30.0,10000,JPY,confirmed,https://inet-sec.co.jp/study/fx-guide/swap-point/swap_zengetu.pdf,2026-10-10T14:48:31+09:00
ainet_loop,GBP/AUD,2026-09-10,2026-09-11,1,-25.0,5.0,10000,JPY,confirmed,https://inet-sec.co.jp/study/fx-guide/swap-point/swap_zengetu.pdf,2026-10-10T14:48:31+09:00
ainet_loop,GBP/AUD,2026-09-11,2026-09-14,1,-25.0,5.0,10000,JPY,confirmed,https://inet-sec.co.jp/study/fx-guide/swap-point/swap_zengetu.pdf,2026-10-10T14:48:31+09:00
ainet_loop,GBP/AUD,2026-09-14,2026-09-15,1,-25.0,5.0,10000,JPY,confirmed,https://inet-sec.co.jp/study/fx-guide/swap-point/swap_zengetu.pdf,2026-10-10T14:48:31+09:00
ainet_loop,GBP/AUD,2026-09-15,2026-09-16,1,-25.0,5.0,10000,JPY,confirmed,https://inet-sec.co.jp/study/fx-guide/swap-point/swap_zengetu.pdf,2026-10-10T14:48:31+09:00
ainet_loop,GBP/AUD,2026-09-16,2026-09-17,3,-75.0,15.0,10000,JPY,confirmed,https://inet-sec.co.jp/study/fx-guide/swap-point/swap_zengetu.pdf,2026-10-10T14:48:31+09:00
ainet_loop,GBP/AUD,2026-09-17,2026-09-18,1,-25.0,5.0,10000,JPY,confirmed,https://inet-sec.co.jp/study/fx-guide/swap-point/swap_zengetu.pdf,2026-10-10T14:48:31+09:00
ainet_loop,GBP/AUD,2026-09-18,2026-09-21,1,-25.0,5.0,10000,JPY,confirmed,https://inet-sec.co.jp/study/fx-guide/swap-point/swap_zengetu.pdf,2026-10-10T14:48:31+09:00
ainet_loop,GBP/AUD,2026-09-21,2026-09-22,1,-25.0,5.0,10000,JPY,confirmed,https://inet-sec.co.jp/study/fx-guide/swap-point/swap_zengetu.pdf,2026-10-10T14:48:31+09:00
ainet_loop,GBP/AUD,2026-09-22,2026-09-23,1,-25.0,5.0,10000,JPY,confirmed,https://inet-sec.co.jp/study/fx-guide/swap-point/swap_zengetu.pdf,2026-10-10T14:48:31+09:00
ainet_loop,GBP/AUD,2026-09-23,2026-09-24,3,-75.0,15.0,10000,JPY,confirmed,https://inet-sec.co.jp/study/fx-guide/swap-point/swap_zengetu.pdf,2026-10-10T14:48:31+09:00
ainet_loop,GBP/AUD,2026-09-24,2026-09-25,1,-25.0,5.0,10000,JPY,confirmed,https://inet-sec.co.jp/study/fx-guide/swap-point/swap_zengetu.pdf,2026-10-10T14:48:31+09:00
ainet_loop,GBP/AUD,2026-09-25,2026-09-28,1,-25.0,5.0,10000,JPY,confirmed,https://inet-sec.co.jp/study/fx-guide/swap-point/swap_zengetu.pdf,2026-10-10T14:48:31+09:00
ainet_loop,GBP/AUD,2026-09-28,2026-09-29,1,-25.0,5.0,10000,JPY,confirmed,https://inet-sec.co.jp/study/fx-guide/swap-point/swap_zengetu.pdf,2026-10-10T14:48:31+09:00
ainet_loop,GBP/AUD,2026-09-29,2026-09-30,1,-25.0,5.0,10000,JPY,confirmed,https://inet-sec.co.jp/study/fx-guide/swap-point/swap_zengetu.pdf,2026-10-10T14:48:31+09:00
ainet_loop,GBP/AUD,2026-09-30,2026-10-01,4,-100.0,20.0,10000,JPY,confirmed,https://inet-sec.co.jp/study/fx-guide/swap-point/swap_zengetu.pdf,2026-10-10T14:48:31+09:00
ainet_loop,GBP/AUD,2026-10-01,2026-10-02,1,-35.0,15.0,10000,JPY,confirmed,https://inet-sec.co.jp/study/fx-guide/swap-point/swap_tougetu.pdf,2026-10-10T14:48:33+09:00
ainet_loop,GBP/AUD,2026-10-02,2026-10-05,0,0.0,0.0,10000,JPY,confirmed,https://inet-sec.co.jp/study/fx-guide/swap-point/swap_tougetu.pdf,2026-10-10T14:48:33+09:00
ainet_loop,GBP/AUD,2026-10-05,2026-10-06,1,-35.0,15.0,10000,JPY,confirmed,https://inet-sec.co.jp/study/fx-guide/swap-point/swap_tougetu.pdf,2026-10-10T14:48:33+09:00
ainet_loop,GBP/AUD,2026-10-06,2026-10-07,1,-35.0,15.0,10000,JPY,confirmed,https://inet-sec.co.jp/study/fx-guide/swap-point/swap_tougetu.pdf,2026-10-10T14:48:33+09:00
ainet_loop,GBP/AUD,2026-10-07,2026-10-08,4,-140.0,60.0,10000,JPY,confirmed,https://inet-sec.co.jp/study/fx-guide/swap-point/swap_tougetu.pdf,2026-10-10T14:48:33+09:00
ainet_loop,GBP/AUD,2026-10-08,2026-10-09,0,0.0,0.0,10000,JPY,confirmed,https://inet-sec.co.jp/study/fx-guide/swap-point/swap_tougetu.pdf,2026-10-10T14:48:33+09:00
ainet_loop,GBP/AUD,2026-10-09,2026-10-12,1,-50.0,25.0,10000,JPY,scheduled,https://inet-sec.co.jp/study/fx-guide/swap-point/swap_tougetu.pdf,2026-10-10T14:48:33+09:00
ainet_loop,GBP/AUD,2026-10-12,2026-10-13,1,-50.0,25.0,10000,JPY,scheduled,https://inet-sec.co.jp/study/fx-guide/swap-point/swap_tougetu.pdf,2026-10-10T14:48:33+09:00
ainet_loop,GBP/AUD,2026-10-13,2026-10-14,1,,,10000,JPY,scheduled,https://inet-sec.co.jp/study/fx-guide/swap-point/swap_tougetu.pdf,2026-10-10T14:48:33+09:00
ainet_loop,GBP/AUD,2026-10-14,2026-10-15,3,,,10000,JPY,scheduled,https://inet-sec.co.jp/study/fx-guide/swap-point/swap_tougetu.pdf,2026-10-10T14:48:33+09:00
ainet_loop,GBP/AUD,2026-10-15,2026-10-16,1,,,10000,JPY,scheduled,https://inet-sec.co.jp/study/fx-guide/swap-point/swap_tougetu.pdf,2026-10-10T14:48:33+09:00
ainet_loop,GBP/AUD,2026-10-16,2026-10-19,1,,,10000,JPY,scheduled,https://inet-sec.co.jp/study/fx-guide/swap-point/swap_tougetu.pdf,2026-10-10T14:48:33+09:00
ainet_loop,GBP/AUD,2026-10-19,2026-10-20,1,,,10000,JPY,scheduled,https://inet-sec.co.jp/study/fx-guide/swap-point/swap_tougetu.pdf,2026-10-10T14:48:33+09:00
ainet_loop,GBP/AUD,2026-10-20,2026-10-21,1,,,10000,JPY,scheduled,https://inet-sec.co.jp/study/fx-guide/swap-point/swap_tougetu.pdf,2026-10-10T14:48:33+09:00
ainet_loop,GBP/AUD,2026-10-21,2026-10-22,3,,,10000,JPY,scheduled,https://inet-sec.co.jp/study/fx-guide/swap-point/swap_tougetu.pdf,2026-10-10T14:48:33+09:00
ainet_loop,GBP/AUD,2026-10-22,2026-10-23,1,,,10000,JPY,scheduled,https://inet-sec.co.jp/study/fx-guide/swap-point/swap_tougetu.pdf,2026-10-10T14:48:33+09:00
ainet_loop,GBP/AUD,2026-10-23,2026-10-26,1,,,10000,JPY,scheduled,https://inet-sec.co.jp/study/fx-guide/swap-point/swap_tougetu.pdf,2026-10-10T14:48:33+09:00
ainet_loop,GBP/AUD,2026-10-26,2026-10-27,1,,,10000,JPY,scheduled,https://inet-sec.co.jp/study/fx-guide/swap-point/swap_tougetu.pdf,2026-10-10T14:48:33+09:00
ainet_loop,GBP/AUD,2026-10-27,2026-10-28,1,,,10000,JPY,scheduled,https://inet-sec.co.jp/study/fx-guide/swap-point/swap_tougetu.pdf,2026-10-10T14:48:33+09:00
ainet_loop,GBP/AUD,2026-10-28,2026-10-29,3,,,10000,JPY,scheduled,https://inet-sec.co.jp/study/fx-guide/swap-point/swap_tougetu.pdf,2026-10-10T14:48:33+09:00
ainet_loop,GBP/AUD,2026-10-29,2026-10-30,1,,,10000,JPY,scheduled,https://inet-sec.co.jp/study/fx-guide/swap-point/swap_tougetu.pdf,2026-10-10T14:48:33+09:00
ainet_loop,GBP/AUD,2026-10-30,2026-11-02,1,,,10000,JPY,scheduled,https://inet-sec.co.jp/study/fx-guide/swap-point/swap_tougetu.pdf,2026-10-10T14:48:33+09:00
ainet_loop,GBP/CHF,2026-08-03,2026-08-04,1,210.0,-315.0,10000,JPY,confirmed,https://inet-sec.co.jp/study/fx-guide/swap-point/swap_zengetu.pdf,2026-09-30T14:29:16+09:00
ainet_loop,GBP/CHF,2026-08-04,2026-08-05,1,210.0,-315.0,10000,JPY,confirmed,https://inet-sec.co.jp/study/fx-guide/swap-point/swap_zengetu.pdf,2026-09-30T14:29:16+09:00
ainet_loop,GBP/CHF,2026-08-05,2026-08-06,3,630.0,-945.0,10000,JPY,confirmed,https://inet-sec.co.jp/study/fx-guide/swap-point/swap_zengetu.pdf,2026-09-30T14:29:16+09:00
ainet_loop,GBP/CHF,2026-08-06,2026-08-07,1,190.0,-270.0,10000,JPY,confirmed,https://inet-sec.co.jp/study/fx-guide/swap-point/swap_zengetu.pdf,2026-09-30T14:29:16+09:00
ainet_loop,GBP/CHF,2026-08-07,2026-08-10,1,190.0,-270.0,10000,JPY,confirmed,https://inet-sec.co.jp/study/fx-guide/swap-point/swap_zengetu.pdf,2026-09-30T14:29:16+09:00
ainet_loop,GBP/CHF,2026-08-10,2026-08-11,1,190.0,-270.0,10000,JPY,confirmed,https://inet-sec.co.jp/study/fx-guide/swap-point/swap_zengetu.pdf,2026-09-30T14:29:16+09:00
ainet_loop,GBP/CHF,2026-08-11,2026-08-12,1,190.0,-270.0,10000,JPY,confirmed,https://inet-sec.co.jp/study/fx-guide/swap-point/swap_zengetu.pdf,2026-09-30T14:29:16+09:00
ainet_loop,GBP/CHF,2026-08-12,2026-08-13,3,570.0,-810.0,10000,JPY,confirmed,https://inet-sec.co.jp/study/fx-guide/swap-point/swap_zengetu.pdf,2026-09-30T14:29:16+09:00
ainet_loop,GBP/CHF,2026-08-13,2026-08-14,1,180.0,-275.0,10000,JPY,confirmed,https://inet-sec.co.jp/study/fx-guide/swap-point/swap_zengetu.pdf,2026-09-30T14:29:16+09:00
ainet_loop,GBP/CHF,2026-08-14,2026-08-17,1,180.0,-275.0,10000,JPY,confirmed,https://inet-sec.co.jp/study/fx-guide/swap-point/swap_zengetu.pdf,2026-09-30T14:29:16+09:00
ainet_loop,GBP/CHF,2026-08-17,2026-08-18,1,180.0,-275.0,10000,JPY,confirmed,https://inet-sec.co.jp/study/fx-guide/swap-point/swap_zengetu.pdf,2026-09-30T14:29:16+09:00
ainet_loop,GBP/CHF,2026-08-18,2026-08-19,1,180.0,-275.0,10000,JPY,confirmed,https://inet-sec.co.jp/study/fx-guide/swap-point/swap_zengetu.pdf,2026-09-30T14:29:16+09:00
ainet_loop,GBP/CHF,2026-08-19,2026-08-20,3,540.0,-825.0,10000,JPY,confirmed,https://inet-sec.co.jp/study/fx-guide/swap-point/swap_zengetu.pdf,2026-09-30T14:29:16+09:00
ainet_loop,GBP/CHF,2026-08-20,2026-08-21,1,170.0,-275.0,10000,JPY,confirmed,https://inet-sec.co.jp/study/fx-guide/swap-point/swap_zengetu.pdf,2026-09-30T14:29:16+09:00
ainet_loop,GBP/CHF,2026-08-21,2026-08-24,1,170.0,-275.0,10000,JPY,confirmed,https://inet-sec.co.jp/study/fx-guide/swap-point/swap_zengetu.pdf,2026-09-30T14:29:16+09:00
ainet_loop,GBP/CHF,2026-08-24,2026-08-25,1,170.0,-275.0,10000,JPY,confirmed,https://inet-sec.co.jp/study/fx-guide/swap-point/swap_zengetu.pdf,2026-09-30T14:29:16+09:00
ainet_loop,GBP/CHF,2026-08-25,2026-08-26,1,170.0,-275.0,10000,JPY,confirmed,https://inet-sec.co.jp/study/fx-guide/swap-point/swap_zengetu.pdf,2026-09-30T14:29:16+09:00
ainet_loop,GBP/CHF,2026-08-26,2026-08-27,4,680.0,-1100.0,10000,JPY,confirmed,https://inet-sec.co.jp/study/fx-guide/swap-point/swap_zengetu.pdf,2026-09-30T14:29:16+09:00
ainet_loop,GBP/CHF,2026-08-27,2026-08-28,1,170.0,-270.0,10000,JPY,confirmed,https://inet-sec.co.jp/study/fx-guide/swap-point/swap_zengetu.pdf,2026-09-30T14:29:16+09:00
ainet_loop,GBP/CHF,2026-08-28,2026-08-31,0,0.0,0.0,10000,JPY,confirmed,https://inet-sec.co.jp/study/fx-guide/swap-point/swap_zengetu.pdf,2026-09-30T14:29:16+09:00
ainet_loop,GBP/CHF,2026-08-31,2026-09-01,1,170.0,-270.0,10000,JPY,confirmed,https://inet-sec.co.jp/study/fx-guide/swap-point/swap_zengetu.pdf,2026-09-30T14:29:16+09:00
ainet_loop,GBP/CHF,2026-09-01,2026-09-02,1,170.0,-270.0,10000,JPY,confirmed,https://inet-sec.co.jp/study/fx-guide/swap-point/swap_zengetu.pdf,2026-10-10T14:48:31+09:00
ainet_loop,GBP/CHF,2026-09-02,2026-09-03,4,680.0,-1080.0,10000,JPY,confirmed,https://inet-sec.co.jp/study/fx-guide/swap-point/swap_zengetu.pdf,2026-10-10T14:48:31+09:00
ainet_loop,GBP/CHF,2026-09-03,2026-09-04,0,0.0,0.0,10000,JPY,confirmed,https://inet-sec.co.jp/study/fx-guide/swap-point/swap_zengetu.pdf,2026-10-10T14:48:31+09:00
ainet_loop,GBP/CHF,2026-09-04,2026-09-07,1,165.0,-275.0,10000,JPY,confirmed,https://inet-sec.co.jp/study/fx-guide/swap-point/swap_zengetu.pdf,2026-10-10T14:48:31+09:00
ainet_loop,GBP/CHF,2026-09-07,2026-09-08,1,165.0,-275.0,10000,JPY,confirmed,https://inet-sec.co.jp/study/fx-guide/swap-point/swap_zengetu.pdf,2026-10-10T14:48:31+09:00
ainet_loop,GBP/CHF,2026-09-08,2026-09-09,1,165.0,-275.0,10000,JPY,confirmed,https://inet-sec.co.jp/study/fx-guide/swap-point/swap_zengetu.pdf,2026-10-10T14:48:31+09:00
ainet_loop,GBP/CHF,2026-09-09,2026-09-10,3,495.0,-825.0,10000,JPY,confirmed,https://inet-sec.co.jp/study/fx-guide/swap-point/swap_zengetu.pdf,2026-10-10T14:48:31+09:00
ainet_loop,GBP/CHF,2026-09-10,2026-09-11,1,145.0,-265.0,10000,JPY,confirmed,https://inet-sec.co.jp/study/fx-guide/swap-point/swap_zengetu.pdf,2026-10-10T14:48:31+09:00
ainet_loop,GBP/CHF,2026-09-11,2026-09-14,1,145.0,-265.0,10000,JPY,confirmed,https://inet-sec.co.jp/study/fx-guide/swap-point/swap_zengetu.pdf,2026-10-10T14:48:31+09:00
ainet_loop,GBP/CHF,2026-09-14,2026-09-15,1,145.0,-265.0,10000,JPY,confirmed,https://inet-sec.co.jp/study/fx-guide/swap-point/swap_zengetu.pdf,2026-10-10T14:48:31+09:00
ainet_loop,GBP/CHF,2026-09-15,2026-09-16,1,145.0,-265.0,10000,JPY,confirmed,https://inet-sec.co.jp/study/fx-guide/swap-point/swap_zengetu.pdf,2026-10-10T14:48:31+09:00
ainet_loop,GBP/CHF,2026-09-16,2026-09-17,3,435.0,-795.0,10000,JPY,confirmed,https://inet-sec.co.jp/study/fx-guide/swap-point/swap_zengetu.pdf,2026-10-10T14:48:31+09:00
ainet_loop,GBP/CHF,2026-09-17,2026-09-18,1,215.0,-305.0,10000,JPY,confirmed,https://inet-sec.co.jp/study/fx-guide/swap-point/swap_zengetu.pdf,2026-10-10T14:48:31+09:00
ainet_loop,GBP/CHF,2026-09-18,2026-09-21,1,215.0,-305.0,10000,JPY,confirmed,https://inet-sec.co.jp/study/fx-guide/swap-point/swap_zengetu.pdf,2026-10-10T14:48:31+09:00
ainet_loop,GBP/CHF,2026-09-21,2026-09-22,1,215.0,-305.0,10000,JPY,confirmed,https://inet-sec.co.jp/study/fx-guide/swap-point/swap_zengetu.pdf,2026-10-10T14:48:31+09:00
ainet_loop,GBP/CHF,2026-09-22,2026-09-23,1,215.0,-305.0,10000,JPY,confirmed,https://inet-sec.co.jp/study/fx-guide/swap-point/swap_zengetu.pdf,2026-10-10T14:48:31+09:00
ainet_loop,GBP/CHF,2026-09-23,2026-09-24,3,645.0,-915.0,10000,JPY,confirmed,https://inet-sec.co.jp/study/fx-guide/swap-point/swap_zengetu.pdf,2026-10-10T14:48:31+09:00
ainet_loop,GBP/CHF,2026-09-24,2026-09-25,1,215.0,-305.0,10000,JPY,confirmed,https://inet-sec.co.jp/study/fx-guide/swap-point/swap_zengetu.pdf,2026-10-10T14:48:31+09:00
ainet_loop,GBP/CHF,2026-09-25,2026-09-28,1,215.0,-305.0,10000,JPY,confirmed,https://inet-sec.co.jp/study/fx-guide/swap-point/swap_zengetu.pdf,2026-10-10T14:48:31+09:00
ainet_loop,GBP/CHF,2026-09-28,2026-09-29,1,215.0,-305.0,10000,JPY,confirmed,https://inet-sec.co.jp/study/fx-guide/swap-point/swap_zengetu.pdf,2026-10-10T14:48:31+09:00
ainet_loop,GBP/CHF,2026-09-29,2026-09-30,1,215.0,-305.0,10000,JPY,confirmed,https://inet-sec.co.jp/study/fx-guide/swap-point/swap_zengetu.pdf,2026-10-10T14:48:31+09:00
ainet_loop,GBP/CHF,2026-09-30,2026-10-01,3,645.0,-915.0,10000,JPY,confirmed,https://inet-sec.co.jp/study/fx-guide/swap-point/swap_zengetu.pdf,2026-10-10T14:48:31+09:00
ainet_loop,GBP/CHF,2026-10-01,2026-10-02,1,215.0,-305.0,10000,JPY,confirmed,https://inet-sec.co.jp/study/fx-guide/swap-point/swap_tougetu.pdf,2026-10-10T14:48:33+09:00
ainet_loop,GBP/CHF,2026-10-02,2026-10-05,1,215.0,-305.0,10000,JPY,confirmed,https://inet-sec.co.jp/study/fx-guide/swap-point/swap_tougetu.pdf,2026-10-10T14:48:33+09:00
ainet_loop,GBP/CHF,2026-10-05,2026-10-06,1,215.0,-305.0,10000,JPY,confirmed,https://inet-sec.co.jp/study/fx-guide/swap-point/swap_tougetu.pdf,2026-10-10T14:48:33+09:00
ainet_loop,GBP/CHF,2026-10-06,2026-10-07,1,215.0,-305.0,10000,JPY,confirmed,https://inet-sec.co.jp/study/fx-guide/swap-point/swap_tougetu.pdf,2026-10-10T14:48:33+09:00
ainet_loop,GBP/CHF,2026-10-07,2026-10-08,4,860.0,-1220.0,10000,JPY,confirmed,https://inet-sec.co.jp/study/fx-guide/swap-point/swap_tougetu.pdf,2026-10-10T14:48:33+09:00
ainet_loop,GBP/CHF,2026-10-08,2026-10-09,0,0.0,0.0,10000,JPY,confirmed,https://inet-sec.co.jp/study/fx-guide/swap-point/swap_tougetu.pdf,2026-10-10T14:48:33+09:00
ainet_loop,GBP/CHF,2026-10-09,2026-10-12,1,145.0,-265.0,10000,JPY,scheduled,https://inet-sec.co.jp/study/fx-guide/swap-point/swap_tougetu.pdf,2026-10-10T14:48:33+09:00
ainet_loop,GBP/CHF,2026-10-12,2026-10-13,1,145.0,-265.0,10000,JPY,scheduled,https://inet-sec.co.jp/study/fx-guide/swap-point/swap_tougetu.pdf,2026-10-10T14:48:33+09:00
ainet_loop,GBP/CHF,2026-10-13,2026-10-14,1,,,10000,JPY,scheduled,https://inet-sec.co.jp/study/fx-guide/swap-point/swap_tougetu.pdf,2026-10-10T14:48:33+09:00
ainet_loop,GBP/CHF,2026-10-14,2026-10-15,3,,,10000,JPY,scheduled,https://inet-sec.co.jp/study/fx-guide/swap-point/swap_tougetu.pdf,2026-10-10T14:48:33+09:00
ainet_loop,GBP/CHF,2026-10-15,2026-10-16,1,,,10000,JPY,scheduled,https://inet-sec.co.jp/study/fx-guide/swap-point/swap_tougetu.pdf,2026-10-10T14:48:33+09:00
ainet_loop,GBP/CHF,2026-10-16,2026-10-19,1,,,10000,JPY,scheduled,https://inet-sec.co.jp/study/fx-guide/swap-point/swap_tougetu.pdf,2026-10-10T14:48:33+09:00
ainet_loop,GBP/CHF,2026-10-19,2026-10-20,1,,,10000,JPY,scheduled,https://inet-sec.co.jp/study/fx-guide/swap-point/swap_tougetu.pdf,2026-10-10T14:48:33+09:00
ainet_loop,GBP/CHF,2026-10-20,2026-10-21,1,,,10000,JPY,scheduled,https://inet-sec.co.jp/study/fx-guide/swap-point/swap_tougetu.pdf,2026-10-10T14:48:33+09:00
ainet_loop,GBP/CHF,2026-10-21,2026-10-22,3,,,10000,JPY,scheduled,https://inet-sec.co.jp/study/fx-guide/swap-point/swap_tougetu.pdf,2026-10-10T14:48:33+09:00
ainet_loop,GBP/CHF,2026-10-22,2026-10-23,1,,,10000,JPY,scheduled,https://inet-sec.co.jp/study/fx-guide/swap-point/swap_tougetu.pdf,2026-10-10T14:48:33+09:00
ainet_loop,GBP/CHF,2026-10-23,2026-10-26,1,,,10000,JPY,scheduled,https://inet-sec.co.jp/study/fx-guide/swap-point/swap_tougetu.pdf,2026-10-10T14:48:33+09:00
ainet_loop,GBP/CHF,2026-10-26,2026-10-27,1,,,10000,JPY,scheduled,https://inet-sec.co.jp/study/fx-guide/swap-point/swap_tougetu.pdf,2026-10-10T14:48:33+09:00
ainet_loop,GBP/CHF,2026-10-27,2026-10-28,1,,,10000,JPY,scheduled,https://inet-sec.co.jp/study/fx-guide/swap-point/swap_tougetu.pdf,2026-10-10T14:48:33+09:00
ainet_loop,GBP/CHF,2026-10-28,2026-10-29,3,,,10000,JPY,scheduled,https://inet-sec.co.jp/study/fx-guide/swap-point/swap_tougetu.pdf,2026-10-10T14:48:33+09:00
ainet_loop,GBP/CHF,2026-10-29,2026-10-30,1,,,10000,JPY,scheduled,https://inet-sec.co.jp/study/fx-guide/swap-point/swap_tougetu.pdf,2026-10-10T14:48:33+09:00
ainet_loop,GBP/CHF,2026-10-30,2026-11-02,1,,,10000,JPY,scheduled,https://inet-sec.co.jp/study/fx-guide/swap-point/swap_tougetu.pdf,2026-10-10T14:48:33+09:00
ainet_loop,GBP/JPY,2026-08-03,2026-08-04,1,155.0,-180.0,10000,JPY,confirmed,https://inet-sec.co.jp/study/fx-guide/swap-point/swap_zengetu.pdf,2026-09-30T14:29:16+09:00
ainet_loop,GBP/JPY,2026-08-04,2026-08-05,1,155.0,-180.0,10000,JPY,confirmed,https://inet-sec.co.jp/study/fx-guide/swap-point/swap_zengetu.pdf,2026-09-30T14:29:16+09:00
ainet_loop,GBP/JPY,2026-08-05,2026-08-06,3,465.0,-540.0,10000,JPY,confirmed,https://inet-sec.co.jp/study/fx-guide/swap-point/swap_zengetu.pdf,2026-09-30T14:29:16+09:00
ainet_loop,GBP/JPY,2026-08-06,2026-08-07,2,280.0,-340.0,10000,JPY,confirmed,https://inet-sec.co.jp/study/fx-guide/swap-point/swap_zengetu.pdf,2026-09-30T14:29:16+09:00
ainet_loop,GBP/JPY,2026-08-07,2026-08-10,1,140.0,-170.0,10000,JPY,confirmed,https://inet-sec.co.jp/study/fx-guide/swap-point/swap_zengetu.pdf,2026-09-30T14:29:16+09:00
ainet_loop,GBP/JPY,2026-08-10,2026-08-11,0,0.0,0.0,10000,JPY,confirmed,https://inet-sec.co.jp/study/fx-guide/swap-point/swap_zengetu.pdf,2026-09-30T14:29:16+09:00
ainet_loop,GBP/JPY,2026-08-11,2026-08-12,1,140.0,-170.0,10000,JPY,confirmed,https://inet-sec.co.jp/study/fx-guide/swap-point/swap_zengetu.pdf,2026-09-30T14:29:16+09:00
ainet_loop,GBP/JPY,2026-08-12,2026-08-13,3,420.0,-510.0,10000,JPY,confirmed,https://inet-sec.co.jp/study/fx-guide/swap-point/swap_zengetu.pdf,2026-09-30T14:29:16+09:00
ainet_loop,GBP/JPY,2026-08-13,2026-08-14,1,150.0,-170.0,10000,JPY,confirmed,https://inet-sec.co.jp/study/fx-guide/swap-point/swap_zengetu.pdf,2026-09-30T14:29:16+09:00
ainet_loop,GBP/JPY,2026-08-14,2026-08-17,1,150.0,-170.0,10000,JPY,confirmed,https://inet-sec.co.jp/study/fx-guide/swap-point/swap_zengetu.pdf,2026-09-30T14:29:16+09:00
ainet_loop,GBP/JPY,2026-08-17,2026-08-18,1,150.0,-170.0,10000,JPY,confirmed,https://inet-sec.co.jp/study/fx-guide/swap-point/swap_zengetu.pdf,2026-09-30T14:29:16+09:00
ainet_loop,GBP/JPY,2026-08-18,2026-08-19,1,150.0,-170.0,10000,JPY,confirmed,https://inet-sec.co.jp/study/fx-guide/swap-point/swap_zengetu.pdf,2026-09-30T14:29:16+09:00
ainet_loop,GBP/JPY,2026-08-19,2026-08-20,3,450.0,-510.0,10000,JPY,confirmed,https://inet-sec.co.jp/study/fx-guide/swap-point/swap_zengetu.pdf,2026-09-30T14:29:16+09:00
ainet_loop,GBP/JPY,2026-08-20,2026-08-21,1,145.0,-170.0,10000,JPY,confirmed,https://inet-sec.co.jp/study/fx-guide/swap-point/swap_zengetu.pdf,2026-09-30T14:29:16+09:00
ainet_loop,GBP/JPY,2026-08-21,2026-08-24,1,145.0,-170.0,10000,JPY,confirmed,https://inet-sec.co.jp/study/fx-guide/swap-point/swap_zengetu.pdf,2026-09-30T14:29:16+09:00
ainet_loop,GBP/JPY,2026-08-24,2026-08-25,1,145.0,-170.0,10000,JPY,confirmed,https://inet-sec.co.jp/study/fx-guide/swap-point/swap_zengetu.pdf,2026-09-30T14:29:16+09:00
ainet_loop,GBP/JPY,2026-08-25,2026-08-26,1,145.0,-170.0,10000,JPY,confirmed,https://inet-sec.co.jp/study/fx-guide/swap-point/swap_zengetu.pdf,2026-09-30T14:29:16+09:00
ainet_loop,GBP/JPY,2026-08-26,2026-08-27,4,580.0,-680.0,10000,JPY,confirmed,https://inet-sec.co.jp/study/fx-guide/swap-point/swap_zengetu.pdf,2026-09-30T14:29:16+09:00
ainet_loop,GBP/JPY,2026-08-27,2026-08-28,1,145.0,-165.0,10000,JPY,confirmed,https://inet-sec.co.jp/study/fx-guide/swap-point/swap_zengetu.pdf,2026-09-30T14:29:16+09:00
ainet_loop,GBP/JPY,2026-08-28,2026-08-31,0,0.0,0.0,10000,JPY,confirmed,https://inet-sec.co.jp/study/fx-guide/swap-point/swap_zengetu.pdf,2026-09-30T14:29:16+09:00
ainet_loop,GBP/JPY,2026-08-31,2026-09-01,1,145.0,-165.0,10000,JPY,confirmed,https://inet-sec.co.jp/study/fx-guide/swap-point/swap_zengetu.pdf,2026-09-30T14:29:16+09:00
ainet_loop,GBP/JPY,2026-09-01,2026-09-02,1,145.0,-165.0,10000,JPY,confirmed,https://inet-sec.co.jp/study/fx-guide/swap-point/swap_zengetu.pdf,2026-10-10T14:48:31+09:00
ainet_loop,GBP/JPY,2026-09-02,2026-09-03,4,580.0,-660.0,10000,JPY,confirmed,https://inet-sec.co.jp/study/fx-guide/swap-point/swap_zengetu.pdf,2026-10-10T14:48:31+09:00
ainet_loop,GBP/JPY,2026-09-03,2026-09-04,0,0.0,0.0,10000,JPY,confirmed,https://inet-sec.co.jp/study/fx-guide/swap-point/swap_zengetu.pdf,2026-10-10T14:48:31+09:00
ainet_loop,GBP/JPY,2026-09-04,2026-09-07,1,145.0,-165.0,10000,JPY,confirmed,https://inet-sec.co.jp/study/fx-guide/swap-point/swap_zengetu.pdf,2026-10-10T14:48:31+09:00
ainet_loop,GBP/JPY,2026-09-07,2026-09-08,1,145.0,-165.0,10000,JPY,confirmed,https://inet-sec.co.jp/study/fx-guide/swap-point/swap_zengetu.pdf,2026-10-10T14:48:31+09:00
ainet_loop,GBP/JPY,2026-09-08,2026-09-09,1,145.0,-165.0,10000,JPY,confirmed,https://inet-sec.co.jp/study/fx-guide/swap-point/swap_zengetu.pdf,2026-10-10T14:48:31+09:00
ainet_loop,GBP/JPY,2026-09-09,2026-09-10,3,435.0,-495.0,10000,JPY,confirmed,https://inet-sec.co.jp/study/fx-guide/swap-point/swap_zengetu.pdf,2026-10-10T14:48:31+09:00
ainet_loop,GBP/JPY,2026-09-10,2026-09-11,1,135.0,-165.0,10000,JPY,confirmed,https://inet-sec.co.jp/study/fx-guide/swap-point/swap_zengetu.pdf,2026-10-10T14:48:31+09:00
ainet_loop,GBP/JPY,2026-09-11,2026-09-14,1,135.0,-165.0,10000,JPY,confirmed,https://inet-sec.co.jp/study/fx-guide/swap-point/swap_zengetu.pdf,2026-10-10T14:48:31+09:00
ainet_loop,GBP/JPY,2026-09-14,2026-09-15,1,135.0,-165.0,10000,JPY,confirmed,https://inet-sec.co.jp/study/fx-guide/swap-point/swap_zengetu.pdf,2026-10-10T14:48:31+09:00
ainet_loop,GBP/JPY,2026-09-15,2026-09-16,1,135.0,-165.0,10000,JPY,confirmed,https://inet-sec.co.jp/study/fx-guide/swap-point/swap_zengetu.pdf,2026-10-10T14:48:31+09:00
ainet_loop,GBP/JPY,2026-09-16,2026-09-17,6,810.0,-990.0,10000,JPY,confirmed,https://inet-sec.co.jp/study/fx-guide/swap-point/swap_zengetu.pdf,2026-10-10T14:48:31+09:00
ainet_loop,GBP/JPY,2026-09-17,2026-09-18,1,135.0,-165.0,10000,JPY,confirmed,https://inet-sec.co.jp/study/fx-guide/swap-point/swap_zengetu.pdf,2026-10-10T14:48:31+09:00
ainet_loop,GBP/JPY,2026-09-18,2026-09-21,0,0.0,0.0,10000,JPY,confirmed,https://inet-sec.co.jp/study/fx-guide/swap-point/swap_zengetu.pdf,2026-10-10T14:48:31+09:00
ainet_loop,GBP/JPY,2026-09-21,2026-09-22,0,0.0,0.0,10000,JPY,confirmed,https://inet-sec.co.jp/study/fx-guide/swap-point/swap_zengetu.pdf,2026-10-10T14:48:31+09:00
ainet_loop,GBP/JPY,2026-09-22,2026-09-23,0,0.0,0.0,10000,JPY,confirmed,https://inet-sec.co.jp/study/fx-guide/swap-point/swap_zengetu.pdf,2026-10-10T14:48:31+09:00
ainet_loop,GBP/JPY,2026-09-23,2026-09-24,3,405.0,-495.0,10000,JPY,confirmed,https://inet-sec.co.jp/study/fx-guide/swap-point/swap_zengetu.pdf,2026-10-10T14:48:31+09:00
ainet_loop,GBP/JPY,2026-09-24,2026-09-25,1,130.0,-155.0,10000,JPY,confirmed,https://inet-sec.co.jp/study/fx-guide/swap-point/swap_zengetu.pdf,2026-10-10T14:48:31+09:00
ainet_loop,GBP/JPY,2026-09-25,2026-09-28,1,130.0,-155.0,10000,JPY,confirmed,https://inet-sec.co.jp/study/fx-guide/swap-point/swap_zengetu.pdf,2026-10-10T14:48:31+09:00
ainet_loop,GBP/JPY,2026-09-28,2026-09-29,1,130.0,-155.0,10000,JPY,confirmed,https://inet-sec.co.jp/study/fx-guide/swap-point/swap_zengetu.pdf,2026-10-10T14:48:31+09:00
ainet_loop,GBP/JPY,2026-09-29,2026-09-30,1,130.0,-155.0,10000,JPY,confirmed,https://inet-sec.co.jp/study/fx-guide/swap-point/swap_zengetu.pdf,2026-10-10T14:48:31+09:00
ainet_loop,GBP/JPY,2026-09-30,2026-10-01,3,390.0,-465.0,10000,JPY,confirmed,https://inet-sec.co.jp/study/fx-guide/swap-point/swap_zengetu.pdf,2026-10-10T14:48:31+09:00
ainet_loop,GBP/JPY,2026-10-01,2026-10-02,1,125.0,-150.0,10000,JPY,confirmed,https://inet-sec.co.jp/study/fx-guide/swap-point/swap_tougetu.pdf,2026-10-10T14:48:33+09:00
ainet_loop,GBP/JPY,2026-10-02,2026-10-05,1,125.0,-150.0,10000,JPY,confirmed,https://inet-sec.co.jp/study/fx-guide/swap-point/swap_tougetu.pdf,2026-10-10T14:48:33+09:00
ainet_loop,GBP/JPY,2026-10-05,2026-10-06,1,125.0,-150.0,10000,JPY,confirmed,https://inet-sec.co.jp/study/fx-guide/swap-point/swap_tougetu.pdf,2026-10-10T14:48:33+09:00
ainet_loop,GBP/JPY,2026-10-06,2026-10-07,1,125.0,-150.0,10000,JPY,confirmed,https://inet-sec.co.jp/study/fx-guide/swap-point/swap_tougetu.pdf,2026-10-10T14:48:33+09:00
ainet_loop,GBP/JPY,2026-10-07,2026-10-08,4,500.0,-600.0,10000,JPY,confirmed,https://inet-sec.co.jp/study/fx-guide/swap-point/swap_tougetu.pdf,2026-10-10T14:48:33+09:00
ainet_loop,GBP/JPY,2026-10-08,2026-10-09,1,125.0,-150.0,10000,JPY,confirmed,https://inet-sec.co.jp/study/fx-guide/swap-point/swap_tougetu.pdf,2026-10-10T14:48:33+09:00
ainet_loop,GBP/JPY,2026-10-09,2026-10-12,0,0.0,0.0,10000,JPY,scheduled,https://inet-sec.co.jp/study/fx-guide/swap-point/swap_tougetu.pdf,2026-10-10T14:48:33+09:00
ainet_loop,GBP/JPY,2026-10-12,2026-10-13,1,125.0,-150.0,10000,JPY,scheduled,https://inet-sec.co.jp/study/fx-guide/swap-point/swap_tougetu.pdf,2026-10-10T14:48:33+09:00
ainet_loop,GBP/JPY,2026-10-13,2026-10-14,1,,,10000,JPY,scheduled,https://inet-sec.co.jp/study/fx-guide/swap-point/swap_tougetu.pdf,2026-10-10T14:48:33+09:00
ainet_loop,GBP/JPY,2026-10-14,2026-10-15,3,,,10000,JPY,scheduled,https://inet-sec.co.jp/study/fx-guide/swap-point/swap_tougetu.pdf,2026-10-10T14:48:33+09:00
ainet_loop,GBP/JPY,2026-10-15,2026-10-16,1,,,10000,JPY,scheduled,https://inet-sec.co.jp/study/fx-guide/swap-point/swap_tougetu.pdf,2026-10-10T14:48:33+09:00
ainet_loop,GBP/JPY,2026-10-16,2026-10-19,1,,,10000,JPY,scheduled,https://inet-sec.co.jp/study/fx-guide/swap-point/swap_tougetu.pdf,2026-10-10T14:48:33+09:00
ainet_loop,GBP/JPY,2026-10-19,2026-10-20,1,,,10000,JPY,scheduled,https://inet-sec.co.jp/study/fx-guide/swap-point/swap_tougetu.pdf,2026-10-10T14:48:33+09:00
ainet_loop,GBP/JPY,2026-10-20,2026-10-21,1,,,10000,JPY,scheduled,https://inet-sec.co.jp/study/fx-guide/swap-point/swap_tougetu.pdf,2026-10-10T14:48:33+09:00
ainet_loop,GBP/JPY,2026-10-21,2026-10-22,3,,,10000,JPY,scheduled,https://inet-sec.co.jp/study/fx-guide/swap-point/swap_tougetu.pdf,2026-10-10T14:48:33+09:00
ainet_loop,GBP/JPY,2026-10-22,2026-10-23,1,,,10000,JPY,scheduled,https://inet-sec.co.jp/study/fx-guide/swap-point/swap_tougetu.pdf,2026-10-10T14:48:33+09:00
ainet_loop,GBP/JPY,2026-10-23,2026-10-26,1,,,10000,JPY,scheduled,https://inet-sec.co.jp/study/fx-guide/swap-point/swap_tougetu.pdf,2026-10-10T14:48:33+09:00
ainet_loop,GBP/JPY,2026-10-26,2026-10-27,1,,,10000,JPY,scheduled,https://inet-sec.co.jp/study/fx-guide/swap-point/swap_tougetu.pdf,2026-10-10T14:48:33+09:00
ainet_loop,GBP/JPY,2026-10-27,2026-10-28,1,,,10000,JPY,scheduled,https://inet-sec.co.jp/study/fx-guide/swap-point/swap_tougetu.pdf,2026-10-10T14:48:33+09:00
ainet_loop,GBP/JPY,2026-10-28,2026-10-29,3,,,10000,JPY,scheduled,https://inet-sec.co.jp/study/fx-guide/swap-point/swap_tougetu.pdf,2026-10-10T14:48:33+09:00
ainet_loop,GBP/JPY,2026-10-29,2026-10-30,2,,,10000,JPY,scheduled,https://inet-sec.co.jp/study/fx-guide/swap-point/swap_tougetu.pdf,2026-10-10T14:48:33+09:00
ainet_loop,GBP/JPY,2026-10-30,2026-11-02,1,,,10000,JPY,scheduled,https://inet-sec.co.jp/study/fx-guide/swap-point/swap_tougetu.pdf,2026-10-10T14:48:33+09:00
ainet_loop,GBP/USD,2026-08-03,2026-08-04,1,10.0,-45.0,10000,JPY,confirmed,https://inet-sec.co.jp/study/fx-guide/swap-point/swap_zengetu.pdf,2026-09-30T14:29:16+09:00
ainet_loop,GBP/USD,2026-08-04,2026-08-05,1,10.0,-45.0,10000,JPY,confirmed,https://inet-sec.co.jp/study/fx-guide/swap-point/swap_zengetu.pdf,2026-09-30T14:29:16+09:00
ainet_loop,GBP/USD,2026-08-05,2026-08-06,3,30.0,-135.0,10000,JPY,confirmed,https://inet-sec.co.jp/study/fx-guide/swap-point/swap_zengetu.pdf,2026-09-30T14:29:16+09:00
ainet_loop,GBP/USD,2026-08-06,2026-08-07,1,10.0,-45.0,10000,JPY,confirmed,https://inet-sec.co.jp/study/fx-guide/swap-point/swap_zengetu.pdf,2026-09-30T14:29:16+09:00
ainet_loop,GBP/USD,2026-08-07,2026-08-10,1,10.0,-45.0,10000,JPY,confirmed,https://inet-sec.co.jp/study/fx-guide/swap-point/swap_zengetu.pdf,2026-09-30T14:29:16+09:00
ainet_loop,GBP/USD,2026-08-10,2026-08-11,1,10.0,-45.0,10000,JPY,confirmed,https://inet-sec.co.jp/study/fx-guide/swap-point/swap_zengetu.pdf,2026-09-30T14:29:16+09:00
ainet_loop,GBP/USD,2026-08-11,2026-08-12,1,10.0,-45.0,10000,JPY,confirmed,https://inet-sec.co.jp/study/fx-guide/swap-point/swap_zengetu.pdf,2026-09-30T14:29:16+09:00
ainet_loop,GBP/USD,2026-08-12,2026-08-13,3,30.0,-135.0,10000,JPY,confirmed,https://inet-sec.co.jp/study/fx-guide/swap-point/swap_zengetu.pdf,2026-09-30T14:29:16+09:00
ainet_loop,GBP/USD,2026-08-13,2026-08-14,1,0.0,-45.0,10000,JPY,confirmed,https://inet-sec.co.jp/study/fx-guide/swap-point/swap_zengetu.pdf,2026-09-30T14:29:16+09:00
ainet_loop,GBP/USD,2026-08-14,2026-08-17,1,0.0,-45.0,10000,JPY,confirmed,https://inet-sec.co.jp/study/fx-guide/swap-point/swap_zengetu.pdf,2026-09-30T14:29:16+09:00
ainet_loop,GBP/USD,2026-08-17,2026-08-18,1,0.0,-45.0,10000,JPY,confirmed,https://inet-sec.co.jp/study/fx-guide/swap-point/swap_zengetu.pdf,2026-09-30T14:29:16+09:00
ainet_loop,GBP/USD,2026-08-18,2026-08-19,1,0.0,-45.0,10000,JPY,confirmed,https://inet-sec.co.jp/study/fx-guide/swap-point/swap_zengetu.pdf,2026-09-30T14:29:16+09:00
ainet_loop,GBP/USD,2026-08-19,2026-08-20,3,0.0,-135.0,10000,JPY,confirmed,https://inet-sec.co.jp/study/fx-guide/swap-point/swap_zengetu.pdf,2026-09-30T14:29:16+09:00
ainet_loop,GBP/USD,2026-08-20,2026-08-21,1,0.0,-45.0,10000,JPY,confirmed,https://inet-sec.co.jp/study/fx-guide/swap-point/swap_zengetu.pdf,2026-09-30T14:29:16+09:00
ainet_loop,GBP/USD,2026-08-21,2026-08-24,1,0.0,-45.0,10000,JPY,confirmed,https://inet-sec.co.jp/study/fx-guide/swap-point/swap_zengetu.pdf,2026-09-30T14:29:16+09:00
ainet_loop,GBP/USD,2026-08-24,2026-08-25,1,0.0,-45.0,10000,JPY,confirmed,https://inet-sec.co.jp/study/fx-guide/swap-point/swap_zengetu.pdf,2026-09-30T14:29:16+09:00
ainet_loop,GBP/USD,2026-08-25,2026-08-26,1,0.0,-45.0,10000,JPY,confirmed,https://inet-sec.co.jp/study/fx-guide/swap-point/swap_zengetu.pdf,2026-09-30T14:29:16+09:00
ainet_loop,GBP/USD,2026-08-26,2026-08-27,4,0.0,-180.0,10000,JPY,confirmed,https://inet-sec.co.jp/study/fx-guide/swap-point/swap_zengetu.pdf,2026-09-30T14:29:16+09:00
ainet_loop,GBP/USD,2026-08-27,2026-08-28,1,10.0,-45.0,10000,JPY,confirmed,https://inet-sec.co.jp/study/fx-guide/swap-point/swap_zengetu.pdf,2026-09-30T14:29:16+09:00
ainet_loop,GBP/USD,2026-08-28,2026-08-31,0,0.0,0.0,10000,JPY,confirmed,https://inet-sec.co.jp/study/fx-guide/swap-point/swap_zengetu.pdf,2026-09-30T14:29:16+09:00
ainet_loop,GBP/USD,2026-08-31,2026-09-01,1,10.0,-45.0,10000,JPY,confirmed,https://inet-sec.co.jp/study/fx-guide/swap-point/swap_zengetu.pdf,2026-09-30T14:29:16+09:00
ainet_loop,GBP/USD,2026-09-01,2026-09-02,1,10.0,-45.0,10000,JPY,confirmed,https://inet-sec.co.jp/study/fx-guide/swap-point/swap_zengetu.pdf,2026-10-10T14:48:31+09:00
ainet_loop,GBP/USD,2026-09-02,2026-09-03,4,40.0,-180.0,10000,JPY,confirmed,https://inet-sec.co.jp/study/fx-guide/swap-point/swap_zengetu.pdf,2026-10-10T14:48:31+09:00
ainet_loop,GBP/USD,2026-09-03,2026-09-04,0,0.0,0.0,10000,JPY,confirmed,https://inet-sec.co.jp/study/fx-guide/swap-point/swap_zengetu.pdf,2026-10-10T14:48:31+09:00
ainet_loop,GBP/USD,2026-09-04,2026-09-07,1,10.0,-45.0,10000,JPY,confirmed,https://inet-sec.co.jp/study/fx-guide/swap-point/swap_zengetu.pdf,2026-10-10T14:48:31+09:00
ainet_loop,GBP/USD,2026-09-07,2026-09-08,1,10.0,-45.0,10000,JPY,confirmed,https://inet-sec.co.jp/study/fx-guide/swap-point/swap_zengetu.pdf,2026-10-10T14:48:31+09:00
ainet_loop,GBP/USD,2026-09-08,2026-09-09,1,10.0,-45.0,10000,JPY,confirmed,https://inet-sec.co.jp/study/fx-guide/swap-point/swap_zengetu.pdf,2026-10-10T14:48:31+09:00
ainet_loop,GBP/USD,2026-09-09,2026-09-10,3,30.0,-135.0,10000,JPY,confirmed,https://inet-sec.co.jp/study/fx-guide/swap-point/swap_zengetu.pdf,2026-10-10T14:48:31+09:00
ainet_loop,GBP/USD,2026-09-10,2026-09-11,1,10.0,-35.0,10000,JPY,confirmed,https://inet-sec.co.jp/study/fx-guide/swap-point/swap_zengetu.pdf,2026-10-10T14:48:31+09:00
ainet_loop,GBP/USD,2026-09-11,2026-09-14,1,10.0,-35.0,10000,JPY,confirmed,https://inet-sec.co.jp/study/fx-guide/swap-point/swap_zengetu.pdf,2026-10-10T14:48:31+09:00
ainet_loop,GBP/USD,2026-09-14,2026-09-15,1,10.0,-35.0,10000,JPY,confirmed,https://inet-sec.co.jp/study/fx-guide/swap-point/swap_zengetu.pdf,2026-10-10T14:48:31+09:00
ainet_loop,GBP/USD,2026-09-15,2026-09-16,1,10.0,-35.0,10000,JPY,confirmed,https://inet-sec.co.jp/study/fx-guide/swap-point/swap_zengetu.pdf,2026-10-10T14:48:31+09:00
ainet_loop,GBP/USD,2026-09-16,2026-09-17,3,30.0,-105.0,10000,JPY,confirmed,https://inet-sec.co.jp/study/fx-guide/swap-point/swap_zengetu.pdf,2026-10-10T14:48:31+09:00
ainet_loop,GBP/USD,2026-09-17,2026-09-18,1,10.0,-35.0,10000,JPY,confirmed,https://inet-sec.co.jp/study/fx-guide/swap-point/swap_zengetu.pdf,2026-10-10T14:48:31+09:00
ainet_loop,GBP/USD,2026-09-18,2026-09-21,1,10.0,-35.0,10000,JPY,confirmed,https://inet-sec.co.jp/study/fx-guide/swap-point/swap_zengetu.pdf,2026-10-10T14:48:31+09:00
ainet_loop,GBP/USD,2026-09-21,2026-09-22,1,10.0,-35.0,10000,JPY,confirmed,https://inet-sec.co.jp/study/fx-guide/swap-point/swap_zengetu.pdf,2026-10-10T14:48:31+09:00
ainet_loop,GBP/USD,2026-09-22,2026-09-23,1,10.0,-35.0,10000,JPY,confirmed,https://inet-sec.co.jp/study/fx-guide/swap-point/swap_zengetu.pdf,2026-10-10T14:48:31+09:00
ainet_loop,GBP/USD,2026-09-23,2026-09-24,3,30.0,-105.0,10000,JPY,confirmed,https://inet-sec.co.jp/study/fx-guide/swap-point/swap_zengetu.pdf,2026-10-10T14:48:31+09:00
ainet_loop,GBP/USD,2026-09-24,2026-09-25,1,5.0,-30.0,10000,JPY,confirmed,https://inet-sec.co.jp/study/fx-guide/swap-point/swap_zengetu.pdf,2026-10-10T14:48:31+09:00
ainet_loop,GBP/USD,2026-09-25,2026-09-28,1,5.0,-30.0,10000,JPY,confirmed,https://inet-sec.co.jp/study/fx-guide/swap-point/swap_zengetu.pdf,2026-10-10T14:48:31+09:00
ainet_loop,GBP/USD,2026-09-28,2026-09-29,1,5.0,-30.0,10000,JPY,confirmed,https://inet-sec.co.jp/study/fx-guide/swap-point/swap_zengetu.pdf,2026-10-10T14:48:31+09:00
ainet_loop,GBP/USD,2026-09-29,2026-09-30,1,5.0,-30.0,10000,JPY,confirmed,https://inet-sec.co.jp/study/fx-guide/swap-point/swap_zengetu.pdf,2026-10-10T14:48:31+09:00
ainet_loop,GBP/USD,2026-09-30,2026-10-01,3,15.0,-90.0,10000,JPY,confirmed,https://inet-sec.co.jp/study/fx-guide/swap-point/swap_zengetu.pdf,2026-10-10T14:48:31+09:00
ainet_loop,GBP/USD,2026-10-01,2026-10-02,1,0.0,-15.0,10000,JPY,confirmed,https://inet-sec.co.jp/study/fx-guide/swap-point/swap_tougetu.pdf,2026-10-10T14:48:33+09:00
ainet_loop,GBP/USD,2026-10-02,2026-10-05,1,0.0,-15.0,10000,JPY,confirmed,https://inet-sec.co.jp/study/fx-guide/swap-point/swap_tougetu.pdf,2026-10-10T14:48:33+09:00
ainet_loop,GBP/USD,2026-10-05,2026-10-06,1,0.0,-15.0,10000,JPY,confirmed,https://inet-sec.co.jp/study/fx-guide/swap-point/swap_tougetu.pdf,2026-10-10T14:48:33+09:00
ainet_loop,GBP/USD,2026-10-06,2026-10-07,1,0.0,-15.0,10000,JPY,confirmed,https://inet-sec.co.jp/study/fx-guide/swap-point/swap_tougetu.pdf,2026-10-10T14:48:33+09:00
ainet_loop,GBP/USD,2026-10-07,2026-10-08,4,0.0,-60.0,10000,JPY,confirmed,https://inet-sec.co.jp/study/fx-guide/swap-point/swap_tougetu.pdf,2026-10-10T14:48:33+09:00
ainet_loop,GBP/USD,2026-10-08,2026-10-09,0,0.0,0.0,10000,JPY,confirmed,https://inet-sec.co.jp/study/fx-guide/swap-point/swap_tougetu.pdf,2026-10-10T14:48:33+09:00
ainet_loop,GBP/USD,2026-10-09,2026-10-12,1,0.0,-15.0,10000,JPY,scheduled,https://inet-sec.co.jp/study/fx-guide/swap-point/swap_tougetu.pdf,2026-10-10T14:48:33+09:00
ainet_loop,GBP/USD,2026-10-12,2026-10-13,1,0.0,-15.0,10000,JPY,scheduled,https://inet-sec.co.jp/study/fx-guide/swap-point/swap_tougetu.pdf,2026-10-10T14:48:33+09:00
ainet_loop,GBP/USD,2026-10-13,2026-10-14,1,,,10000,JPY,scheduled,https://inet-sec.co.jp/study/fx-guide/swap-point/swap_tougetu.pdf,2026-10-10T14:48:33+09:00
ainet_loop,GBP/USD,2026-10-14,2026-10-15,3,,,10000,JPY,scheduled,https://inet-sec.co.jp/study/fx-guide/swap-point/swap_tougetu.pdf,2026-10-10T14:48:33+09:00
ainet_loop,GBP/USD,2026-10-15,2026-10-16,1,,,10000,JPY,scheduled,https://inet-sec.co.jp/study/fx-guide/swap-point/swap_tougetu.pdf,2026-10-10T14:48:33+09:00
ainet_loop,GBP/USD,2026-10-16,2026-10-19,1,,,10000,JPY,scheduled,https://inet-sec.co.jp/study/fx-guide/swap-point/swap_tougetu.pdf,2026-10-10T14:48:33+09:00
ainet_loop,GBP/USD,2026-10-19,2026-10-20,1,,,10000,JPY,scheduled,https://inet-sec.co.jp/study/fx-guide/swap-point/swap_tougetu.pdf,2026-10-10T14:48:33+09:00
ainet_loop,GBP/USD,2026-10-20,2026-10-21,1,,,10000,JPY,scheduled,https://inet-sec.co.jp/study/fx-guide/swap-point/swap_tougetu.pdf,2026-10-10T14:48:33+09:00
ainet_loop,GBP/USD,2026-10-21,2026-10-22,3,,,10000,JPY,scheduled,https://inet-sec.co.jp/study/fx-guide/swap-point/swap_tougetu.pdf,2026-10-10T14:48:33+09:00
ainet_loop,GBP/USD,2026-10-22,2026-10-23,1,,,10000,JPY,scheduled,https://inet-sec.co.jp/study/fx-guide/swap-point/swap_tougetu.pdf,2026-10-10T14:48:33+09:00
ainet_loop,GBP/USD,2026-10-23,2026-10-26,1,,,10000,JPY,scheduled,https://inet-sec.co.jp/study/fx-guide/swap-point/swap_tougetu.pdf,2026-10-10T14:48:33+09:00
ainet_loop,GBP/USD,2026-10-26,2026-10-27,1,,,10000,JPY,scheduled,https://inet-sec.co.jp/study/fx-guide/swap-point/swap_tougetu.pdf,2026-10-10T14:48:33+09:00
ainet_loop,GBP/USD,2026-10-27,2026-10-28,1,,,10000,JPY,scheduled,https://inet-sec.co.jp/study/fx-guide/swap-point/swap_tougetu.pdf,2026-10-10T14:48:33+09:00
ainet_loop,GBP/USD,2026-10-28,2026-10-29,3,,,10000,JPY,scheduled,https://inet-sec.co.jp/study/fx-guide/swap-point/swap_tougetu.pdf,2026-10-10T14:48:33+09:00
ainet_loop,GBP/USD,2026-10-29,2026-10-30,1,,,10000,JPY,scheduled,https://inet-sec.co.jp/study/fx-guide/swap-point/swap_tougetu.pdf,2026-10-10T14:48:33+09:00
ainet_loop,GBP/USD,2026-10-30,2026-11-02,1,,,10000,JPY,scheduled,https://inet-sec.co.jp/study/fx-guide/swap-point/swap_tougetu.pdf,2026-10-10T14:48:33+09:00
ainet_loop,MXN/JPY,2026-08-03,2026-08-04,1,7.0,-20.0,10000,JPY,confirmed,https://inet-sec.co.jp/study/fx-guide/swap-point/swap_zengetu.pdf,2026-09-30T14:29:16+09:00
ainet_loop,MXN/JPY,2026-08-04,2026-08-05,1,7.0,-20.0,10000,JPY,confirmed,https://inet-sec.co.jp/study/fx-guide/swap-point/swap_zengetu.pdf,2026-09-30T14:29:16+09:00
ainet_loop,MXN/JPY,2026-08-05,2026-08-06,3,21.0,-60.0,10000,JPY,confirmed,https://inet-sec.co.jp/study/fx-guide/swap-point/swap_zengetu.pdf,2026-09-30T14:29:16+09:00
ainet_loop,MXN/JPY,2026-08-06,2026-08-07,2,12.0,-40.0,10000,JPY,confirmed,https://inet-sec.co.jp/study/fx-guide/swap-point/swap_zengetu.pdf,2026-09-30T14:29:16+09:00
ainet_loop,MXN/JPY,2026-08-07,2026-08-10,1,6.0,-20.0,10000,JPY,confirmed,https://inet-sec.co.jp/study/fx-guide/swap-point/swap_zengetu.pdf,2026-09-30T14:29:16+09:00
ainet_loop,MXN/JPY,2026-08-10,2026-08-11,0,0.0,0.0,10000,JPY,confirmed,https://inet-sec.co.jp/study/fx-guide/swap-point/swap_zengetu.pdf,2026-09-30T14:29:16+09:00
ainet_loop,MXN/JPY,2026-08-11,2026-08-12,1,6.0,-20.0,10000,JPY,confirmed,https://inet-sec.co.jp/study/fx-guide/swap-point/swap_zengetu.pdf,2026-09-30T14:29:16+09:00
ainet_loop,MXN/JPY,2026-08-12,2026-08-13,3,18.0,-60.0,10000,JPY,confirmed,https://inet-sec.co.jp/study/fx-guide/swap-point/swap_zengetu.pdf,2026-09-30T14:29:16+09:00
ainet_loop,MXN/JPY,2026-08-13,2026-08-14,1,7.0,-20.0,10000,JPY,confirmed,https://inet-sec.co.jp/study/fx-guide/swap-point/swap_zengetu.pdf,2026-09-30T14:29:16+09:00
ainet_loop,MXN/JPY,2026-08-14,2026-08-17,1,7.0,-20.0,10000,JPY,confirmed,https://inet-sec.co.jp/study/fx-guide/swap-point/swap_zengetu.pdf,2026-09-30T14:29:16+09:00
ainet_loop,MXN/JPY,2026-08-17,2026-08-18,1,7.0,-20.0,10000,JPY,confirmed,https://inet-sec.co.jp/study/fx-guide/swap-point/swap_zengetu.pdf,2026-09-30T14:29:16+09:00
ainet_loop,MXN/JPY,2026-08-18,2026-08-19,1,7.0,-20.0,10000,JPY,confirmed,https://inet-sec.co.jp/study/fx-guide/swap-point/swap_zengetu.pdf,2026-09-30T14:29:16+09:00
ainet_loop,MXN/JPY,2026-08-19,2026-08-20,3,21.0,-60.0,10000,JPY,confirmed,https://inet-sec.co.jp/study/fx-guide/swap-point/swap_zengetu.pdf,2026-09-30T14:29:16+09:00
ainet_loop,MXN/JPY,2026-08-20,2026-08-21,1,6.0,-20.0,10000,JPY,confirmed,https://inet-sec.co.jp/study/fx-guide/swap-point/swap_zengetu.pdf,2026-09-30T14:29:16+09:00
ainet_loop,MXN/JPY,2026-08-21,2026-08-24,1,6.0,-20.0,10000,JPY,confirmed,https://inet-sec.co.jp/study/fx-guide/swap-point/swap_zengetu.pdf,2026-09-30T14:29:16+09:00
ainet_loop,MXN/JPY,2026-08-24,2026-08-25,1,6.0,-20.0,10000,JPY,confirmed,https://inet-sec.co.jp/study/fx-guide/swap-point/swap_zengetu.pdf,2026-09-30T14:29:16+09:00
ainet_loop,MXN/JPY,2026-08-25,2026-08-26,1,6.0,-20.0,10000,JPY,confirmed,https://inet-sec.co.jp/study/fx-guide/swap-point/swap_zengetu.pdf,2026-09-30T14:29:16+09:00
ainet_loop,MXN/JPY,2026-08-26,2026-08-27,3,18.0,-60.0,10000,JPY,confirmed,https://inet-sec.co.jp/study/fx-guide/swap-point/swap_zengetu.pdf,2026-09-30T14:29:16+09:00
ainet_loop,MXN/JPY,2026-08-27,2026-08-28,1,6.0,-20.0,10000,JPY,confirmed,https://inet-sec.co.jp/study/fx-guide/swap-point/swap_zengetu.pdf,2026-09-30T14:29:16+09:00
ainet_loop,MXN/JPY,2026-08-28,2026-08-31,1,6.0,-20.0,10000,JPY,confirmed,https://inet-sec.co.jp/study/fx-guide/swap-point/swap_zengetu.pdf,2026-09-30T14:29:16+09:00
ainet_loop,MXN/JPY,2026-08-31,2026-09-01,1,6.0,-20.0,10000,JPY,confirmed,https://inet-sec.co.jp/study/fx-guide/swap-point/swap_zengetu.pdf,2026-09-30T14:29:16+09:00
ainet_loop,MXN/JPY,2026-09-01,2026-09-02,1,6.0,-20.0,10000,JPY,confirmed,https://inet-sec.co.jp/study/fx-guide/swap-point/swap_zengetu.pdf,2026-10-10T14:48:31+09:00
ainet_loop,MXN/JPY,2026-09-02,2026-09-03,4,24.0,-80.0,10000,JPY,confirmed,https://inet-sec.co.jp/study/fx-guide/swap-point/swap_zengetu.pdf,2026-10-10T14:48:31+09:00
ainet_loop,MXN/JPY,2026-09-03,2026-09-04,1,5.0,-20.0,10000,JPY,confirmed,https://inet-sec.co.jp/study/fx-guide/swap-point/swap_zengetu.pdf,2026-10-10T14:48:31+09:00
ainet_loop,MXN/JPY,2026-09-04,2026-09-07,0,0.0,0.0,10000,JPY,confirmed,https://inet-sec.co.jp/study/fx-guide/swap-point/swap_zengetu.pdf,2026-10-10T14:48:31+09:00
ainet_loop,MXN/JPY,2026-09-07,2026-09-08,1,5.0,-20.0,10000,JPY,confirmed,https://inet-sec.co.jp/study/fx-guide/swap-point/swap_zengetu.pdf,2026-10-10T14:48:31+09:00
ainet_loop,MXN/JPY,2026-09-08,2026-09-09,1,5.0,-20.0,10000,JPY,confirmed,https://inet-sec.co.jp/study/fx-guide/swap-point/swap_zengetu.pdf,2026-10-10T14:48:31+09:00
ainet_loop,MXN/JPY,2026-09-09,2026-09-10,3,15.0,-60.0,10000,JPY,confirmed,https://inet-sec.co.jp/study/fx-guide/swap-point/swap_zengetu.pdf,2026-10-10T14:48:31+09:00
ainet_loop,MXN/JPY,2026-09-10,2026-09-11,1,6.0,-20.0,10000,JPY,confirmed,https://inet-sec.co.jp/study/fx-guide/swap-point/swap_zengetu.pdf,2026-10-10T14:48:31+09:00
ainet_loop,MXN/JPY,2026-09-11,2026-09-14,2,12.0,-40.0,10000,JPY,confirmed,https://inet-sec.co.jp/study/fx-guide/swap-point/swap_zengetu.pdf,2026-10-10T14:48:31+09:00
ainet_loop,MXN/JPY,2026-09-14,2026-09-15,1,6.0,-20.0,10000,JPY,confirmed,https://inet-sec.co.jp/study/fx-guide/swap-point/swap_zengetu.pdf,2026-10-10T14:48:31+09:00
ainet_loop,MXN/JPY,2026-09-15,2026-09-16,0,0.0,0.0,10000,JPY,confirmed,https://inet-sec.co.jp/study/fx-guide/swap-point/swap_zengetu.pdf,2026-10-10T14:48:31+09:00
ainet_loop,MXN/JPY,2026-09-16,2026-09-17,6,36.0,-120.0,10000,JPY,confirmed,https://inet-sec.co.jp/study/fx-guide/swap-point/swap_zengetu.pdf,2026-10-10T14:48:31+09:00
ainet_loop,MXN/JPY,2026-09-17,2026-09-18,1,7.0,-20.0,10000,JPY,confirmed,https://inet-sec.co.jp/study/fx-guide/swap-point/swap_zengetu.pdf,2026-10-10T14:48:31+09:00
ainet_loop,MXN/JPY,2026-09-18,2026-09-21,0,0.0,0.0,10000,JPY,confirmed,https://inet-sec.co.jp/study/fx-guide/swap-point/swap_zengetu.pdf,2026-10-10T14:48:31+09:00
ainet_loop,MXN/JPY,2026-09-21,2026-09-22,0,0.0,0.0,10000,JPY,confirmed,https://inet-sec.co.jp/study/fx-guide/swap-point/swap_zengetu.pdf,2026-10-10T14:48:31+09:00
ainet_loop,MXN/JPY,2026-09-22,2026-09-23,0,0.0,0.0,10000,JPY,confirmed,https://inet-sec.co.jp/study/fx-guide/swap-point/swap_zengetu.pdf,2026-10-10T14:48:31+09:00
ainet_loop,MXN/JPY,2026-09-23,2026-09-24,3,21.0,-60.0,10000,JPY,confirmed,https://inet-sec.co.jp/study/fx-guide/swap-point/swap_zengetu.pdf,2026-10-10T14:48:31+09:00
ainet_loop,MXN/JPY,2026-09-24,2026-09-25,1,7.0,-20.0,10000,JPY,confirmed,https://inet-sec.co.jp/study/fx-guide/swap-point/swap_zengetu.pdf,2026-10-10T14:48:31+09:00
ainet_loop,MXN/JPY,2026-09-25,2026-09-28,1,7.0,-20.0,10000,JPY,confirmed,https://inet-sec.co.jp/study/fx-guide/swap-point/swap_zengetu.pdf,2026-10-10T14:48:31+09:00
ainet_loop,MXN/JPY,2026-09-28,2026-09-29,1,7.0,-20.0,10000,JPY,confirmed,https://inet-sec.co.jp/study/fx-guide/swap-point/swap_zengetu.pdf,2026-10-10T14:48:31+09:00
ainet_loop,MXN/JPY,2026-09-29,2026-09-30,1,7.0,-20.0,10000,JPY,confirmed,https://inet-sec.co.jp/study/fx-guide/swap-point/swap_zengetu.pdf,2026-10-10T14:48:31+09:00
ainet_loop,MXN/JPY,2026-09-30,2026-10-01,3,21.0,-60.0,10000,JPY,confirmed,https://inet-sec.co.jp/study/fx-guide/swap-point/swap_zengetu.pdf,2026-10-10T14:48:31+09:00
ainet_loop,MXN/JPY,2026-10-01,2026-10-02,1,6.0,-15.0,10000,JPY,confirmed,https://inet-sec.co.jp/study/fx-guide/swap-point/swap_tougetu.pdf,2026-10-10T14:48:33+09:00
ainet_loop,MXN/JPY,2026-10-02,2026-10-05,1,6.0,-15.0,10000,JPY,confirmed,https://inet-sec.co.jp/study/fx-guide/swap-point/swap_tougetu.pdf,2026-10-10T14:48:33+09:00
ainet_loop,MXN/JPY,2026-10-05,2026-10-06,1,6.0,-15.0,10000,JPY,confirmed,https://inet-sec.co.jp/study/fx-guide/swap-point/swap_tougetu.pdf,2026-10-10T14:48:33+09:00
ainet_loop,MXN/JPY,2026-10-06,2026-10-07,1,6.0,-15.0,10000,JPY,confirmed,https://inet-sec.co.jp/study/fx-guide/swap-point/swap_tougetu.pdf,2026-10-10T14:48:33+09:00
ainet_loop,MXN/JPY,2026-10-07,2026-10-08,4,24.0,-60.0,10000,JPY,confirmed,https://inet-sec.co.jp/study/fx-guide/swap-point/swap_tougetu.pdf,2026-10-10T14:48:33+09:00
ainet_loop,MXN/JPY,2026-10-08,2026-10-09,1,5.0,-15.0,10000,JPY,confirmed,https://inet-sec.co.jp/study/fx-guide/swap-point/swap_tougetu.pdf,2026-10-10T14:48:33+09:00
ainet_loop,MXN/JPY,2026-10-09,2026-10-12,0,0.0,0.0,10000,JPY,scheduled,https://inet-sec.co.jp/study/fx-guide/swap-point/swap_tougetu.pdf,2026-10-10T14:48:33+09:00
ainet_loop,MXN/JPY,2026-10-12,2026-10-13,1,5.0,-15.0,10000,JPY,scheduled,https://inet-sec.co.jp/study/fx-guide/swap-point/swap_tougetu.pdf,2026-10-10T14:48:33+09:00
ainet_loop,MXN/JPY,2026-10-13,2026-10-14,1,,,10000,JPY,scheduled,https://inet-sec.co.jp/study/fx-guide/swap-point/swap_tougetu.pdf,2026-10-10T14:48:33+09:00
ainet_loop,MXN/JPY,2026-10-14,2026-10-15,3,,,10000,JPY,scheduled,https://inet-sec.co.jp/study/fx-guide/swap-point/swap_tougetu.pdf,2026-10-10T14:48:33+09:00
ainet_loop,MXN/JPY,2026-10-15,2026-10-16,1,,,10000,JPY,scheduled,https://inet-sec.co.jp/study/fx-guide/swap-point/swap_tougetu.pdf,2026-10-10T14:48:33+09:00
ainet_loop,MXN/JPY,2026-10-16,2026-10-19,1,,,10000,JPY,scheduled,https://inet-sec.co.jp/study/fx-guide/swap-point/swap_tougetu.pdf,2026-10-10T14:48:33+09:00
ainet_loop,MXN/JPY,2026-10-19,2026-10-20,1,,,10000,JPY,scheduled,https://inet-sec.co.jp/study/fx-guide/swap-point/swap_tougetu.pdf,2026-10-10T14:48:33+09:00
ainet_loop,MXN/JPY,2026-10-20,2026-10-21,1,,,10000,JPY,scheduled,https://inet-sec.co.jp/study/fx-guide/swap-point/swap_tougetu.pdf,2026-10-10T14:48:33+09:00
ainet_loop,MXN/JPY,2026-10-21,2026-10-22,3,,,10000,JPY,scheduled,https://inet-sec.co.jp/study/fx-guide/swap-point/swap_tougetu.pdf,2026-10-10T14:48:33+09:00
ainet_loop,MXN/JPY,2026-10-22,2026-10-23,1,,,10000,JPY,scheduled,https://inet-sec.co.jp/study/fx-guide/swap-point/swap_tougetu.pdf,2026-10-10T14:48:33+09:00
ainet_loop,MXN/JPY,2026-10-23,2026-10-26,1,,,10000,JPY,scheduled,https://inet-sec.co.jp/study/fx-guide/swap-point/swap_tougetu.pdf,2026-10-10T14:48:33+09:00
ainet_loop,MXN/JPY,2026-10-26,2026-10-27,1,,,10000,JPY,scheduled,https://inet-sec.co.jp/study/fx-guide/swap-point/swap_tougetu.pdf,2026-10-10T14:48:33+09:00
ainet_loop,MXN/JPY,2026-10-27,2026-10-28,1,,,10000,JPY,scheduled,https://inet-sec.co.jp/study/fx-guide/swap-point/swap_tougetu.pdf,2026-10-10T14:48:33+09:00
ainet_loop,MXN/JPY,2026-10-28,2026-10-29,5,,,10000,JPY,scheduled,https://inet-sec.co.jp/study/fx-guide/swap-point/swap_tougetu.pdf,2026-10-10T14:48:33+09:00
ainet_loop,MXN/JPY,2026-10-29,2026-10-30,0,,,10000,JPY,scheduled,https://inet-sec.co.jp/study/fx-guide/swap-point/swap_tougetu.pdf,2026-10-10T14:48:33+09:00
ainet_loop,MXN/JPY,2026-10-30,2026-11-02,1,,,10000,JPY,scheduled,https://inet-sec.co.jp/study/fx-guide/swap-point/swap_tougetu.pdf,2026-10-10T14:48:33+09:00
ainet_loop,NZD/JPY,2026-08-03,2026-08-04,1,40.0,-65.0,10000,JPY,confirmed,https://inet-sec.co.jp/study/fx-guide/swap-point/swap_zengetu.pdf,2026-09-30T14:29:16+09:00
ainet_loop,NZD/JPY,2026-08-04,2026-08-05,1,40.0,-65.0,10000,JPY,confirmed,https://inet-sec.co.jp/study/fx-guide/swap-point/swap_zengetu.pdf,2026-09-30T14:29:16+09:00
ainet_loop,NZD/JPY,2026-08-05,2026-08-06,3,120.0,-195.0,10000,JPY,confirmed,https://inet-sec.co.jp/study/fx-guide/swap-point/swap_zengetu.pdf,2026-09-30T14:29:16+09:00
ainet_loop,NZD/JPY,2026-08-06,2026-08-07,2,70.0,-120.0,10000,JPY,confirmed,https://inet-sec.co.jp/study/fx-guide/swap-point/swap_zengetu.pdf,2026-09-30T14:29:16+09:00
ainet_loop,NZD/JPY,2026-08-07,2026-08-10,1,35.0,-60.0,10000,JPY,confirmed,https://inet-sec.co.jp/study/fx-guide/swap-point/swap_zengetu.pdf,2026-09-30T14:29:16+09:00
ainet_loop,NZD/JPY,2026-08-10,2026-08-11,0,0.0,0.0,10000,JPY,confirmed,https://inet-sec.co.jp/study/fx-guide/swap-point/swap_zengetu.pdf,2026-09-30T14:29:16+09:00
ainet_loop,NZD/JPY,2026-08-11,2026-08-12,1,35.0,-60.0,10000,JPY,confirmed,https://inet-sec.co.jp/study/fx-guide/swap-point/swap_zengetu.pdf,2026-09-30T14:29:16+09:00
ainet_loop,NZD/JPY,2026-08-12,2026-08-13,3,105.0,-180.0,10000,JPY,confirmed,https://inet-sec.co.jp/study/fx-guide/swap-point/swap_zengetu.pdf,2026-09-30T14:29:16+09:00
ainet_loop,NZD/JPY,2026-08-13,2026-08-14,1,40.0,-65.0,10000,JPY,confirmed,https://inet-sec.co.jp/study/fx-guide/swap-point/swap_zengetu.pdf,2026-09-30T14:29:16+09:00
ainet_loop,NZD/JPY,2026-08-14,2026-08-17,1,40.0,-65.0,10000,JPY,confirmed,https://inet-sec.co.jp/study/fx-guide/swap-point/swap_zengetu.pdf,2026-09-30T14:29:16+09:00
ainet_loop,NZD/JPY,2026-08-17,2026-08-18,1,40.0,-65.0,10000,JPY,confirmed,https://inet-sec.co.jp/study/fx-guide/swap-point/swap_zengetu.pdf,2026-09-30T14:29:16+09:00
ainet_loop,NZD/JPY,2026-08-18,2026-08-19,1,40.0,-65.0,10000,JPY,confirmed,https://inet-sec.co.jp/study/fx-guide/swap-point/swap_zengetu.pdf,2026-09-30T14:29:16+09:00
ainet_loop,NZD/JPY,2026-08-19,2026-08-20,3,120.0,-195.0,10000,JPY,confirmed,https://inet-sec.co.jp/study/fx-guide/swap-point/swap_zengetu.pdf,2026-09-30T14:29:16+09:00
ainet_loop,NZD/JPY,2026-08-20,2026-08-21,1,40.0,-60.0,10000,JPY,confirmed,https://inet-sec.co.jp/study/fx-guide/swap-point/swap_zengetu.pdf,2026-09-30T14:29:16+09:00
ainet_loop,NZD/JPY,2026-08-21,2026-08-24,1,40.0,-60.0,10000,JPY,confirmed,https://inet-sec.co.jp/study/fx-guide/swap-point/swap_zengetu.pdf,2026-09-30T14:29:16+09:00
ainet_loop,NZD/JPY,2026-08-24,2026-08-25,1,40.0,-60.0,10000,JPY,confirmed,https://inet-sec.co.jp/study/fx-guide/swap-point/swap_zengetu.pdf,2026-09-30T14:29:16+09:00
ainet_loop,NZD/JPY,2026-08-25,2026-08-26,1,40.0,-60.0,10000,JPY,confirmed,https://inet-sec.co.jp/study/fx-guide/swap-point/swap_zengetu.pdf,2026-09-30T14:29:16+09:00
ainet_loop,NZD/JPY,2026-08-26,2026-08-27,3,120.0,-180.0,10000,JPY,confirmed,https://inet-sec.co.jp/study/fx-guide/swap-point/swap_zengetu.pdf,2026-09-30T14:29:16+09:00
ainet_loop,NZD/JPY,2026-08-27,2026-08-28,1,40.0,-70.0,10000,JPY,confirmed,https://inet-sec.co.jp/study/fx-guide/swap-point/swap_zengetu.pdf,2026-09-30T14:29:16+09:00
ainet_loop,NZD/JPY,2026-08-28,2026-08-31,1,40.0,-70.0,10000,JPY,confirmed,https://inet-sec.co.jp/study/fx-guide/swap-point/swap_zengetu.pdf,2026-09-30T14:29:16+09:00
ainet_loop,NZD/JPY,2026-08-31,2026-09-01,1,40.0,-70.0,10000,JPY,confirmed,https://inet-sec.co.jp/study/fx-guide/swap-point/swap_zengetu.pdf,2026-09-30T14:29:16+09:00
ainet_loop,NZD/JPY,2026-09-01,2026-09-02,1,40.0,-70.0,10000,JPY,confirmed,https://inet-sec.co.jp/study/fx-guide/swap-point/swap_zengetu.pdf,2026-10-10T14:48:31+09:00
ainet_loop,NZD/JPY,2026-09-02,2026-09-03,4,160.0,-280.0,10000,JPY,confirmed,https://inet-sec.co.jp/study/fx-guide/swap-point/swap_zengetu.pdf,2026-10-10T14:48:31+09:00
ainet_loop,NZD/JPY,2026-09-03,2026-09-04,0,0.0,0.0,10000,JPY,confirmed,https://inet-sec.co.jp/study/fx-guide/swap-point/swap_zengetu.pdf,2026-10-10T14:48:31+09:00
ainet_loop,NZD/JPY,2026-09-04,2026-09-07,1,35.0,-55.0,10000,JPY,confirmed,https://inet-sec.co.jp/study/fx-guide/swap-point/swap_zengetu.pdf,2026-10-10T14:48:31+09:00
ainet_loop,NZD/JPY,2026-09-07,2026-09-08,1,35.0,-55.0,10000,JPY,confirmed,https://inet-sec.co.jp/study/fx-guide/swap-point/swap_zengetu.pdf,2026-10-10T14:48:31+09:00
ainet_loop,NZD/JPY,2026-09-08,2026-09-09,1,35.0,-55.0,10000,JPY,confirmed,https://inet-sec.co.jp/study/fx-guide/swap-point/swap_zengetu.pdf,2026-10-10T14:48:31+09:00
ainet_loop,NZD/JPY,2026-09-09,2026-09-10,3,105.0,-165.0,10000,JPY,confirmed,https://inet-sec.co.jp/study/fx-guide/swap-point/swap_zengetu.pdf,2026-10-10T14:48:31+09:00
ainet_loop,NZD/JPY,2026-09-10,2026-09-11,1,55.0,-85.0,10000,JPY,confirmed,https://inet-sec.co.jp/study/fx-guide/swap-point/swap_zengetu.pdf,2026-10-10T14:48:31+09:00
ainet_loop,NZD/JPY,2026-09-11,2026-09-14,1,55.0,-85.0,10000,JPY,confirmed,https://inet-sec.co.jp/study/fx-guide/swap-point/swap_zengetu.pdf,2026-10-10T14:48:31+09:00
ainet_loop,NZD/JPY,2026-09-14,2026-09-15,1,55.0,-85.0,10000,JPY,confirmed,https://inet-sec.co.jp/study/fx-guide/swap-point/swap_zengetu.pdf,2026-10-10T14:48:31+09:00
ainet_loop,NZD/JPY,2026-09-15,2026-09-16,1,55.0,-85.0,10000,JPY,confirmed,https://inet-sec.co.jp/study/fx-guide/swap-point/swap_zengetu.pdf,2026-10-10T14:48:31+09:00
ainet_loop,NZD/JPY,2026-09-16,2026-09-17,6,330.0,-510.0,10000,JPY,confirmed,https://inet-sec.co.jp/study/fx-guide/swap-point/swap_zengetu.pdf,2026-10-10T14:48:31+09:00
ainet_loop,NZD/JPY,2026-09-17,2026-09-18,1,20.0,-55.0,10000,JPY,confirmed,https://inet-sec.co.jp/study/fx-guide/swap-point/swap_zengetu.pdf,2026-10-10T14:48:31+09:00
ainet_loop,NZD/JPY,2026-09-18,2026-09-21,0,0.0,0.0,10000,JPY,confirmed,https://inet-sec.co.jp/study/fx-guide/swap-point/swap_zengetu.pdf,2026-10-10T14:48:31+09:00
ainet_loop,NZD/JPY,2026-09-21,2026-09-22,0,0.0,0.0,10000,JPY,confirmed,https://inet-sec.co.jp/study/fx-guide/swap-point/swap_zengetu.pdf,2026-10-10T14:48:31+09:00
ainet_loop,NZD/JPY,2026-09-22,2026-09-23,0,0.0,0.0,10000,JPY,confirmed,https://inet-sec.co.jp/study/fx-guide/swap-point/swap_zengetu.pdf,2026-10-10T14:48:31+09:00
ainet_loop,NZD/JPY,2026-09-23,2026-09-24,3,60.0,-165.0,10000,JPY,confirmed,https://inet-sec.co.jp/study/fx-guide/swap-point/swap_zengetu.pdf,2026-10-10T14:48:31+09:00
ainet_loop,NZD/JPY,2026-09-24,2026-09-25,1,10.0,-50.0,10000,JPY,confirmed,https://inet-sec.co.jp/study/fx-guide/swap-point/swap_zengetu.pdf,2026-10-10T14:48:31+09:00
ainet_loop,NZD/JPY,2026-09-25,2026-09-28,1,10.0,-50.0,10000,JPY,confirmed,https://inet-sec.co.jp/study/fx-guide/swap-point/swap_zengetu.pdf,2026-10-10T14:48:31+09:00
ainet_loop,NZD/JPY,2026-09-28,2026-09-29,1,10.0,-50.0,10000,JPY,confirmed,https://inet-sec.co.jp/study/fx-guide/swap-point/swap_zengetu.pdf,2026-10-10T14:48:31+09:00
ainet_loop,NZD/JPY,2026-09-29,2026-09-30,1,10.0,-50.0,10000,JPY,confirmed,https://inet-sec.co.jp/study/fx-guide/swap-point/swap_zengetu.pdf,2026-10-10T14:48:31+09:00
ainet_loop,NZD/JPY,2026-09-30,2026-10-01,3,30.0,-150.0,10000,JPY,confirmed,https://inet-sec.co.jp/study/fx-guide/swap-point/swap_zengetu.pdf,2026-10-10T14:48:31+09:00
ainet_loop,NZD/JPY,2026-10-01,2026-10-02,1,0.0,-40.0,10000,JPY,confirmed,https://inet-sec.co.jp/study/fx-guide/swap-point/swap_tougetu.pdf,2026-10-10T14:48:33+09:00
ainet_loop,NZD/JPY,2026-10-02,2026-10-05,1,0.0,-40.0,10000,JPY,confirmed,https://inet-sec.co.jp/study/fx-guide/swap-point/swap_tougetu.pdf,2026-10-10T14:48:33+09:00
ainet_loop,NZD/JPY,2026-10-05,2026-10-06,1,0.0,-40.0,10000,JPY,confirmed,https://inet-sec.co.jp/study/fx-guide/swap-point/swap_tougetu.pdf,2026-10-10T14:48:33+09:00
ainet_loop,NZD/JPY,2026-10-06,2026-10-07,1,0.0,-40.0,10000,JPY,confirmed,https://inet-sec.co.jp/study/fx-guide/swap-point/swap_tougetu.pdf,2026-10-10T14:48:33+09:00
ainet_loop,NZD/JPY,2026-10-07,2026-10-08,4,0.0,-160.0,10000,JPY,confirmed,https://inet-sec.co.jp/study/fx-guide/swap-point/swap_tougetu.pdf,2026-10-10T14:48:33+09:00
ainet_loop,NZD/JPY,2026-10-08,2026-10-09,1,5.0,-45.0,10000,JPY,confirmed,https://inet-sec.co.jp/study/fx-guide/swap-point/swap_tougetu.pdf,2026-10-10T14:48:33+09:00
ainet_loop,NZD/JPY,2026-10-09,2026-10-12,0,0.0,0.0,10000,JPY,scheduled,https://inet-sec.co.jp/study/fx-guide/swap-point/swap_tougetu.pdf,2026-10-10T14:48:33+09:00
ainet_loop,NZD/JPY,2026-10-12,2026-10-13,1,5.0,-45.0,10000,JPY,scheduled,https://inet-sec.co.jp/study/fx-guide/swap-point/swap_tougetu.pdf,2026-10-10T14:48:33+09:00
ainet_loop,NZD/JPY,2026-10-13,2026-10-14,1,,,10000,JPY,scheduled,https://inet-sec.co.jp/study/fx-guide/swap-point/swap_tougetu.pdf,2026-10-10T14:48:33+09:00
ainet_loop,NZD/JPY,2026-10-14,2026-10-15,3,,,10000,JPY,scheduled,https://inet-sec.co.jp/study/fx-guide/swap-point/swap_tougetu.pdf,2026-10-10T14:48:33+09:00
ainet_loop,NZD/JPY,2026-10-15,2026-10-16,1,,,10000,JPY,scheduled,https://inet-sec.co.jp/study/fx-guide/swap-point/swap_tougetu.pdf,2026-10-10T14:48:33+09:00
ainet_loop,NZD/JPY,2026-10-16,2026-10-19,1,,,10000,JPY,scheduled,https://inet-sec.co.jp/study/fx-guide/swap-point/swap_tougetu.pdf,2026-10-10T14:48:33+09:00
ainet_loop,NZD/JPY,2026-10-19,2026-10-20,1,,,10000,JPY,scheduled,https://inet-sec.co.jp/study/fx-guide/swap-point/swap_tougetu.pdf,2026-10-10T14:48:33+09:00
ainet_loop,NZD/JPY,2026-10-20,2026-10-21,1,,,10000,JPY,scheduled,https://inet-sec.co.jp/study/fx-guide/swap-point/swap_tougetu.pdf,2026-10-10T14:48:33+09:00
ainet_loop,NZD/JPY,2026-10-21,2026-10-22,4,,,10000,JPY,scheduled,https://inet-sec.co.jp/study/fx-guide/swap-point/swap_tougetu.pdf,2026-10-10T14:48:33+09:00
ainet_loop,NZD/JPY,2026-10-22,2026-10-23,1,,,10000,JPY,scheduled,https://inet-sec.co.jp/study/fx-guide/swap-point/swap_tougetu.pdf,2026-10-10T14:48:33+09:00
ainet_loop,NZD/JPY,2026-10-23,2026-10-26,0,,,10000,JPY,scheduled,https://inet-sec.co.jp/study/fx-guide/swap-point/swap_tougetu.pdf,2026-10-10T14:48:33+09:00
ainet_loop,NZD/JPY,2026-10-26,2026-10-27,1,,,10000,JPY,scheduled,https://inet-sec.co.jp/study/fx-guide/swap-point/swap_tougetu.pdf,2026-10-10T14:48:33+09:00
ainet_loop,NZD/JPY,2026-10-27,2026-10-28,1,,,10000,JPY,scheduled,https://inet-sec.co.jp/study/fx-guide/swap-point/swap_tougetu.pdf,2026-10-10T14:48:33+09:00
ainet_loop,NZD/JPY,2026-10-28,2026-10-29,3,,,10000,JPY,scheduled,https://inet-sec.co.jp/study/fx-guide/swap-point/swap_tougetu.pdf,2026-10-10T14:48:33+09:00
ainet_loop,NZD/JPY,2026-10-29,2026-10-30,2,,,10000,JPY,scheduled,https://inet-sec.co.jp/study/fx-guide/swap-point/swap_tougetu.pdf,2026-10-10T14:48:33+09:00
ainet_loop,NZD/JPY,2026-10-30,2026-11-02,1,,,10000,JPY,scheduled,https://inet-sec.co.jp/study/fx-guide/swap-point/swap_tougetu.pdf,2026-10-10T14:48:33+09:00
ainet_loop,NZD/USD,2026-08-03,2026-08-04,1,-60.0,25.0,10000,JPY,confirmed,https://inet-sec.co.jp/study/fx-guide/swap-point/swap_zengetu.pdf,2026-09-30T14:29:16+09:00
ainet_loop,NZD/USD,2026-08-04,2026-08-05,1,-60.0,25.0,10000,JPY,confirmed,https://inet-sec.co.jp/study/fx-guide/swap-point/swap_zengetu.pdf,2026-09-30T14:29:16+09:00
ainet_loop,NZD/USD,2026-08-05,2026-08-06,3,-180.0,75.0,10000,JPY,confirmed,https://inet-sec.co.jp/study/fx-guide/swap-point/swap_zengetu.pdf,2026-09-30T14:29:16+09:00
ainet_loop,NZD/USD,2026-08-06,2026-08-07,1,-65.0,25.0,10000,JPY,confirmed,https://inet-sec.co.jp/study/fx-guide/swap-point/swap_zengetu.pdf,2026-09-30T14:29:16+09:00
ainet_loop,NZD/USD,2026-08-07,2026-08-10,1,-65.0,25.0,10000,JPY,confirmed,https://inet-sec.co.jp/study/fx-guide/swap-point/swap_zengetu.pdf,2026-09-30T14:29:16+09:00
ainet_loop,NZD/USD,2026-08-10,2026-08-11,1,-65.0,25.0,10000,JPY,confirmed,https://inet-sec.co.jp/study/fx-guide/swap-point/swap_zengetu.pdf,2026-09-30T14:29:16+09:00
ainet_loop,NZD/USD,2026-08-11,2026-08-12,1,-65.0,25.0,10000,JPY,confirmed,https://inet-sec.co.jp/study/fx-guide/swap-point/swap_zengetu.pdf,2026-09-30T14:29:16+09:00
ainet_loop,NZD/USD,2026-08-12,2026-08-13,3,-195.0,75.0,10000,JPY,confirmed,https://inet-sec.co.jp/study/fx-guide/swap-point/swap_zengetu.pdf,2026-09-30T14:29:16+09:00
ainet_loop,NZD/USD,2026-08-13,2026-08-14,1,-60.0,25.0,10000,JPY,confirmed,https://inet-sec.co.jp/study/fx-guide/swap-point/swap_zengetu.pdf,2026-09-30T14:29:16+09:00
ainet_loop,NZD/USD,2026-08-14,2026-08-17,1,-60.0,25.0,10000,JPY,confirmed,https://inet-sec.co.jp/study/fx-guide/swap-point/swap_zengetu.pdf,2026-09-30T14:29:16+09:00
ainet_loop,NZD/USD,2026-08-17,2026-08-18,1,-60.0,25.0,10000,JPY,confirmed,https://inet-sec.co.jp/study/fx-guide/swap-point/swap_zengetu.pdf,2026-09-30T14:29:16+09:00
ainet_loop,NZD/USD,2026-08-18,2026-08-19,1,-60.0,25.0,10000,JPY,confirmed,https://inet-sec.co.jp/study/fx-guide/swap-point/swap_zengetu.pdf,2026-09-30T14:29:16+09:00
ainet_loop,NZD/USD,2026-08-19,2026-08-20,3,-180.0,75.0,10000,JPY,confirmed,https://inet-sec.co.jp/study/fx-guide/swap-point/swap_zengetu.pdf,2026-09-30T14:29:16+09:00
ainet_loop,NZD/USD,2026-08-20,2026-08-21,1,-60.0,25.0,10000,JPY,confirmed,https://inet-sec.co.jp/study/fx-guide/swap-point/swap_zengetu.pdf,2026-09-30T14:29:16+09:00
ainet_loop,NZD/USD,2026-08-21,2026-08-24,1,-60.0,25.0,10000,JPY,confirmed,https://inet-sec.co.jp/study/fx-guide/swap-point/swap_zengetu.pdf,2026-09-30T14:29:16+09:00
ainet_loop,NZD/USD,2026-08-24,2026-08-25,1,-60.0,25.0,10000,JPY,confirmed,https://inet-sec.co.jp/study/fx-guide/swap-point/swap_zengetu.pdf,2026-09-30T14:29:16+09:00
ainet_loop,NZD/USD,2026-08-25,2026-08-26,1,-60.0,25.0,10000,JPY,confirmed,https://inet-sec.co.jp/study/fx-guide/swap-point/swap_zengetu.pdf,2026-09-30T14:29:16+09:00
ainet_loop,NZD/USD,2026-08-26,2026-08-27,3,-180.0,75.0,10000,JPY,confirmed,https://inet-sec.co.jp/study/fx-guide/swap-point/swap_zengetu.pdf,2026-09-30T14:29:16+09:00
ainet_loop,NZD/USD,2026-08-27,2026-08-28,1,-80.0,25.0,10000,JPY,confirmed,https://inet-sec.co.jp/study/fx-guide/swap-point/swap_zengetu.pdf,2026-09-30T14:29:16+09:00
ainet_loop,NZD/USD,2026-08-28,2026-08-31,1,-80.0,25.0,10000,JPY,confirmed,https://inet-sec.co.jp/study/fx-guide/swap-point/swap_zengetu.pdf,2026-09-30T14:29:16+09:00
ainet_loop,NZD/USD,2026-08-31,2026-09-01,1,-80.0,25.0,10000,JPY,confirmed,https://inet-sec.co.jp/study/fx-guide/swap-point/swap_zengetu.pdf,2026-09-30T14:29:16+09:00
ainet_loop,NZD/USD,2026-09-01,2026-09-02,1,-80.0,25.0,10000,JPY,confirmed,https://inet-sec.co.jp/study/fx-guide/swap-point/swap_zengetu.pdf,2026-10-10T14:48:31+09:00
ainet_loop,NZD/USD,2026-09-02,2026-09-03,4,-320.0,100.0,10000,JPY,confirmed,https://inet-sec.co.jp/study/fx-guide/swap-point/swap_zengetu.pdf,2026-10-10T14:48:31+09:00
ainet_loop,NZD/USD,2026-09-03,2026-09-04,0,0.0,0.0,10000,JPY,confirmed,https://inet-sec.co.jp/study/fx-guide/swap-point/swap_zengetu.pdf,2026-10-10T14:48:31+09:00
ainet_loop,NZD/USD,2026-09-04,2026-09-07,1,-40.0,24.0,10000,JPY,confirmed,https://inet-sec.co.jp/study/fx-guide/swap-point/swap_zengetu.pdf,2026-10-10T14:48:31+09:00
ainet_loop,NZD/USD,2026-09-07,2026-09-08,1,-40.0,24.0,10000,JPY,confirmed,https://inet-sec.co.jp/study/fx-guide/swap-point/swap_zengetu.pdf,2026-10-10T14:48:31+09:00
ainet_loop,NZD/USD,2026-09-08,2026-09-09,1,-40.0,24.0,10000,JPY,confirmed,https://inet-sec.co.jp/study/fx-guide/swap-point/swap_zengetu.pdf,2026-10-10T14:48:31+09:00
ainet_loop,NZD/USD,2026-09-09,2026-09-10,3,-120.0,72.0,10000,JPY,confirmed,https://inet-sec.co.jp/study/fx-guide/swap-point/swap_zengetu.pdf,2026-10-10T14:48:31+09:00
ainet_loop,NZD/USD,2026-09-10,2026-09-11,1,-50.0,15.0,10000,JPY,confirmed,https://inet-sec.co.jp/study/fx-guide/swap-point/swap_zengetu.pdf,2026-10-10T14:48:31+09:00
ainet_loop,NZD/USD,2026-09-11,2026-09-14,1,-50.0,15.0,10000,JPY,confirmed,https://inet-sec.co.jp/study/fx-guide/swap-point/swap_zengetu.pdf,2026-10-10T14:48:31+09:00
ainet_loop,NZD/USD,2026-09-14,2026-09-15,1,-50.0,15.0,10000,JPY,confirmed,https://inet-sec.co.jp/study/fx-guide/swap-point/swap_zengetu.pdf,2026-10-10T14:48:31+09:00
ainet_loop,NZD/USD,2026-09-15,2026-09-16,1,-50.0,15.0,10000,JPY,confirmed,https://inet-sec.co.jp/study/fx-guide/swap-point/swap_zengetu.pdf,2026-10-10T14:48:31+09:00
ainet_loop,NZD/USD,2026-09-16,2026-09-17,3,-150.0,45.0,10000,JPY,confirmed,https://inet-sec.co.jp/study/fx-guide/swap-point/swap_zengetu.pdf,2026-10-10T14:48:31+09:00
ainet_loop,NZD/USD,2026-09-17,2026-09-18,1,-55.0,20.0,10000,JPY,confirmed,https://inet-sec.co.jp/study/fx-guide/swap-point/swap_zengetu.pdf,2026-10-10T14:48:31+09:00
ainet_loop,NZD/USD,2026-09-18,2026-09-21,1,-55.0,20.0,10000,JPY,confirmed,https://inet-sec.co.jp/study/fx-guide/swap-point/swap_zengetu.pdf,2026-10-10T14:48:31+09:00
ainet_loop,NZD/USD,2026-09-21,2026-09-22,1,-55.0,20.0,10000,JPY,confirmed,https://inet-sec.co.jp/study/fx-guide/swap-point/swap_zengetu.pdf,2026-10-10T14:48:31+09:00
ainet_loop,NZD/USD,2026-09-22,2026-09-23,1,-55.0,20.0,10000,JPY,confirmed,https://inet-sec.co.jp/study/fx-guide/swap-point/swap_zengetu.pdf,2026-10-10T14:48:31+09:00
ainet_loop,NZD/USD,2026-09-23,2026-09-24,3,-165.0,60.0,10000,JPY,confirmed,https://inet-sec.co.jp/study/fx-guide/swap-point/swap_zengetu.pdf,2026-10-10T14:48:31+09:00
ainet_loop,NZD/USD,2026-09-24,2026-09-25,1,-60.0,25.0,10000,JPY,confirmed,https://inet-sec.co.jp/study/fx-guide/swap-point/swap_zengetu.pdf,2026-10-10T14:48:31+09:00
ainet_loop,NZD/USD,2026-09-25,2026-09-28,1,-60.0,25.0,10000,JPY,confirmed,https://inet-sec.co.jp/study/fx-guide/swap-point/swap_zengetu.pdf,2026-10-10T14:48:31+09:00
ainet_loop,NZD/USD,2026-09-28,2026-09-29,1,-60.0,25.0,10000,JPY,confirmed,https://inet-sec.co.jp/study/fx-guide/swap-point/swap_zengetu.pdf,2026-10-10T14:48:31+09:00
ainet_loop,NZD/USD,2026-09-29,2026-09-30,1,-60.0,25.0,10000,JPY,confirmed,https://inet-sec.co.jp/study/fx-guide/swap-point/swap_zengetu.pdf,2026-10-10T14:48:31+09:00
ainet_loop,NZD/USD,2026-09-30,2026-10-01,3,-180.0,75.0,10000,JPY,confirmed,https://inet-sec.co.jp/study/fx-guide/swap-point/swap_zengetu.pdf,2026-10-10T14:48:31+09:00
ainet_loop,NZD/USD,2026-10-01,2026-10-02,1,-75.0,30.0,10000,JPY,confirmed,https://inet-sec.co.jp/study/fx-guide/swap-point/swap_tougetu.pdf,2026-10-10T14:48:33+09:00
ainet_loop,NZD/USD,2026-10-02,2026-10-05,1,-75.0,30.0,10000,JPY,confirmed,https://inet-sec.co.jp/study/fx-guide/swap-point/swap_tougetu.pdf,2026-10-10T14:48:33+09:00
ainet_loop,NZD/USD,2026-10-05,2026-10-06,1,-75.0,30.0,10000,JPY,confirmed,https://inet-sec.co.jp/study/fx-guide/swap-point/swap_tougetu.pdf,2026-10-10T14:48:33+09:00
ainet_loop,NZD/USD,2026-10-06,2026-10-07,1,-75.0,30.0,10000,JPY,confirmed,https://inet-sec.co.jp/study/fx-guide/swap-point/swap_tougetu.pdf,2026-10-10T14:48:33+09:00
ainet_loop,NZD/USD,2026-10-07,2026-10-08,4,-300.0,120.0,10000,JPY,confirmed,https://inet-sec.co.jp/study/fx-guide/swap-point/swap_tougetu.pdf,2026-10-10T14:48:33+09:00
ainet_loop,NZD/USD,2026-10-08,2026-10-09,0,0.0,0.0,10000,JPY,confirmed,https://inet-sec.co.jp/study/fx-guide/swap-point/swap_tougetu.pdf,2026-10-10T14:48:33+09:00
ainet_loop,NZD/USD,2026-10-09,2026-10-12,1,-30.0,15.0,10000,JPY,scheduled,https://inet-sec.co.jp/study/fx-guide/swap-point/swap_tougetu.pdf,2026-10-10T14:48:33+09:00
ainet_loop,NZD/USD,2026-10-12,2026-10-13,1,-30.0,15.0,10000,JPY,scheduled,https://inet-sec.co.jp/study/fx-guide/swap-point/swap_tougetu.pdf,2026-10-10T14:48:33+09:00
ainet_loop,NZD/USD,2026-10-13,2026-10-14,1,,,10000,JPY,scheduled,https://inet-sec.co.jp/study/fx-guide/swap-point/swap_tougetu.pdf,2026-10-10T14:48:33+09:00
ainet_loop,NZD/USD,2026-10-14,2026-10-15,3,,,10000,JPY,scheduled,https://inet-sec.co.jp/study/fx-guide/swap-point/swap_tougetu.pdf,2026-10-10T14:48:33+09:00
ainet_loop,NZD/USD,2026-10-15,2026-10-16,1,,,10000,JPY,scheduled,https://inet-sec.co.jp/study/fx-guide/swap-point/swap_tougetu.pdf,2026-10-10T14:48:33+09:00
ainet_loop,NZD/USD,2026-10-16,2026-10-19,1,,,10000,JPY,scheduled,https://inet-sec.co.jp/study/fx-guide/swap-point/swap_tougetu.pdf,2026-10-10T14:48:33+09:00
ainet_loop,NZD/USD,2026-10-19,2026-10-20,1,,,10000,JPY,scheduled,https://inet-sec.co.jp/study/fx-guide/swap-point/swap_tougetu.pdf,2026-10-10T14:48:33+09:00
ainet_loop,NZD/USD,2026-10-20,2026-10-21,1,,,10000,JPY,scheduled,https://inet-sec.co.jp/study/fx-guide/swap-point/swap_tougetu.pdf,2026-10-10T14:48:33+09:00
ainet_loop,NZD/USD,2026-10-21,2026-10-22,4,,,10000,JPY,scheduled,https://inet-sec.co.jp/study/fx-guide/swap-point/swap_tougetu.pdf,2026-10-10T14:48:33+09:00
ainet_loop,NZD/USD,2026-10-22,2026-10-23,1,,,10000,JPY,scheduled,https://inet-sec.co.jp/study/fx-guide/swap-point/swap_tougetu.pdf,2026-10-10T14:48:33+09:00
ainet_loop,NZD/USD,2026-10-23,2026-10-26,0,,,10000,JPY,scheduled,https://inet-sec.co.jp/study/fx-guide/swap-point/swap_tougetu.pdf,2026-10-10T14:48:33+09:00
ainet_loop,NZD/USD,2026-10-26,2026-10-27,1,,,10000,JPY,scheduled,https://inet-sec.co.jp/study/fx-guide/swap-point/swap_tougetu.pdf,2026-10-10T14:48:33+09:00
ainet_loop,NZD/USD,2026-10-27,2026-10-28,1,,,10000,JPY,scheduled,https://inet-sec.co.jp/study/fx-guide/swap-point/swap_tougetu.pdf,2026-10-10T14:48:33+09:00
ainet_loop,NZD/USD,2026-10-28,2026-10-29,3,,,10000,JPY,scheduled,https://inet-sec.co.jp/study/fx-guide/swap-point/swap_tougetu.pdf,2026-10-10T14:48:33+09:00
ainet_loop,NZD/USD,2026-10-29,2026-10-30,1,,,10000,JPY,scheduled,https://inet-sec.co.jp/study/fx-guide/swap-point/swap_tougetu.pdf,2026-10-10T14:48:33+09:00
ainet_loop,NZD/USD,2026-10-30,2026-11-02,1,,,10000,JPY,scheduled,https://inet-sec.co.jp/study/fx-guide/swap-point/swap_tougetu.pdf,2026-10-10T14:48:33+09:00
ainet_loop,TRY/JPY,2026-08-03,2026-08-04,1,15.0,-30.0,10000,JPY,confirmed,https://inet-sec.co.jp/study/fx-guide/swap-point/swap_zengetu.pdf,2026-09-30T14:29:16+09:00
ainet_loop,TRY/JPY,2026-08-04,2026-08-05,1,15.0,-30.0,10000,JPY,confirmed,https://inet-sec.co.jp/study/fx-guide/swap-point/swap_zengetu.pdf,2026-09-30T14:29:16+09:00
ainet_loop,TRY/JPY,2026-08-05,2026-08-06,3,45.0,-90.0,10000,JPY,confirmed,https://inet-sec.co.jp/study/fx-guide/swap-point/swap_zengetu.pdf,2026-09-30T14:29:16+09:00
ainet_loop,TRY/JPY,2026-08-06,2026-08-07,2,30.0,-60.0,10000,JPY,confirmed,https://inet-sec.co.jp/study/fx-guide/swap-point/swap_zengetu.pdf,2026-09-30T14:29:16+09:00
ainet_loop,TRY/JPY,2026-08-07,2026-08-10,1,15.0,-30.0,10000,JPY,confirmed,https://inet-sec.co.jp/study/fx-guide/swap-point/swap_zengetu.pdf,2026-09-30T14:29:16+09:00
ainet_loop,TRY/JPY,2026-08-10,2026-08-11,0,0.0,0.0,10000,JPY,confirmed,https://inet-sec.co.jp/study/fx-guide/swap-point/swap_zengetu.pdf,2026-09-30T14:29:16+09:00
ainet_loop,TRY/JPY,2026-08-11,2026-08-12,1,15.0,-30.0,10000,JPY,confirmed,https://inet-sec.co.jp/study/fx-guide/swap-point/swap_zengetu.pdf,2026-09-30T14:29:16+09:00
ainet_loop,TRY/JPY,2026-08-12,2026-08-13,3,45.0,-90.0,10000,JPY,confirmed,https://inet-sec.co.jp/study/fx-guide/swap-point/swap_zengetu.pdf,2026-09-30T14:29:16+09:00
ainet_loop,TRY/JPY,2026-08-13,2026-08-14,1,15.0,-30.0,10000,JPY,confirmed,https://inet-sec.co.jp/study/fx-guide/swap-point/swap_zengetu.pdf,2026-09-30T14:29:16+09:00
ainet_loop,TRY/JPY,2026-08-14,2026-08-17,1,15.0,-30.0,10000,JPY,confirmed,https://inet-sec.co.jp/study/fx-guide/swap-point/swap_zengetu.pdf,2026-09-30T14:29:16+09:00
ainet_loop,TRY/JPY,2026-08-17,2026-08-18,1,15.0,-30.0,10000,JPY,confirmed,https://inet-sec.co.jp/study/fx-guide/swap-point/swap_zengetu.pdf,2026-09-30T14:29:16+09:00
ainet_loop,TRY/JPY,2026-08-18,2026-08-19,1,15.0,-30.0,10000,JPY,confirmed,https://inet-sec.co.jp/study/fx-guide/swap-point/swap_zengetu.pdf,2026-09-30T14:29:16+09:00
ainet_loop,TRY/JPY,2026-08-19,2026-08-20,3,45.0,-90.0,10000,JPY,confirmed,https://inet-sec.co.jp/study/fx-guide/swap-point/swap_zengetu.pdf,2026-09-30T14:29:16+09:00
ainet_loop,TRY/JPY,2026-08-20,2026-08-21,1,15.0,-30.0,10000,JPY,confirmed,https://inet-sec.co.jp/study/fx-guide/swap-point/swap_zengetu.pdf,2026-09-30T14:29:16+09:00
ainet_loop,TRY/JPY,2026-08-21,2026-08-24,1,15.0,-30.0,10000,JPY,confirmed,https://inet-sec.co.jp/study/fx-guide/swap-point/swap_zengetu.pdf,2026-09-30T14:29:16+09:00
ainet_loop,TRY/JPY,2026-08-24,2026-08-25,1,15.0,-30.0,10000,JPY,confirmed,https://inet-sec.co.jp/study/fx-guide/swap-point/swap_zengetu.pdf,2026-09-30T14:29:16+09:00
ainet_loop,TRY/JPY,2026-08-25,2026-08-26,1,15.0,-30.0,10000,JPY,confirmed,https://inet-sec.co.jp/study/fx-guide/swap-point/swap_zengetu.pdf,2026-09-30T14:29:16+09:00
ainet_loop,TRY/JPY,2026-08-26,2026-08-27,3,45.0,-90.0,10000,JPY,confirmed,https://inet-sec.co.jp/study/fx-guide/swap-point/swap_zengetu.pdf,2026-09-30T14:29:16+09:00
ainet_loop,TRY/JPY,2026-08-27,2026-08-28,1,15.0,-30.0,10000,JPY,confirmed,https://inet-sec.co.jp/study/fx-guide/swap-point/swap_zengetu.pdf,2026-09-30T14:29:16+09:00
ainet_loop,TRY/JPY,2026-08-28,2026-08-31,1,15.0,-30.0,10000,JPY,confirmed,https://inet-sec.co.jp/study/fx-guide/swap-point/swap_zengetu.pdf,2026-09-30T14:29:16+09:00
ainet_loop,TRY/JPY,2026-08-31,2026-09-01,1,15.0,-30.0,10000,JPY,confirmed,https://inet-sec.co.jp/study/fx-guide/swap-point/swap_zengetu.pdf,2026-09-30T14:29:16+09:00
ainet_loop,TRY/JPY,2026-09-01,2026-09-02,1,15.0,-30.0,10000,JPY,confirmed,https://inet-sec.co.jp/study/fx-guide/swap-point/swap_zengetu.pdf,2026-10-10T14:48:31+09:00
ainet_loop,TRY/JPY,2026-09-02,2026-09-03,4,60.0,-120.0,10000,JPY,confirmed,https://inet-sec.co.jp/study/fx-guide/swap-point/swap_zengetu.pdf,2026-10-10T14:48:31+09:00
ainet_loop,TRY/JPY,2026-09-03,2026-09-04,0,0.0,0.0,10000,JPY,confirmed,https://inet-sec.co.jp/study/fx-guide/swap-point/swap_zengetu.pdf,2026-10-10T14:48:31+09:00
ainet_loop,TRY/JPY,2026-09-04,2026-09-07,1,20.0,-30.0,10000,JPY,confirmed,https://inet-sec.co.jp/study/fx-guide/swap-point/swap_zengetu.pdf,2026-10-10T14:48:31+09:00
ainet_loop,TRY/JPY,2026-09-07,2026-09-08,1,20.0,-30.0,10000,JPY,confirmed,https://inet-sec.co.jp/study/fx-guide/swap-point/swap_zengetu.pdf,2026-10-10T14:48:31+09:00
ainet_loop,TRY/JPY,2026-09-08,2026-09-09,1,20.0,-30.0,10000,JPY,confirmed,https://inet-sec.co.jp/study/fx-guide/swap-point/swap_zengetu.pdf,2026-10-10T14:48:31+09:00
ainet_loop,TRY/JPY,2026-09-09,2026-09-10,3,60.0,-90.0,10000,JPY,confirmed,https://inet-sec.co.jp/study/fx-guide/swap-point/swap_zengetu.pdf,2026-10-10T14:48:31+09:00
ainet_loop,TRY/JPY,2026-09-10,2026-09-11,1,7.0,-30.0,10000,JPY,confirmed,https://inet-sec.co.jp/study/fx-guide/swap-point/swap_zengetu.pdf,2026-10-10T14:48:31+09:00
ainet_loop,TRY/JPY,2026-09-11,2026-09-14,1,7.0,-30.0,10000,JPY,confirmed,https://inet-sec.co.jp/study/fx-guide/swap-point/swap_zengetu.pdf,2026-10-10T14:48:31+09:00
ainet_loop,TRY/JPY,2026-09-14,2026-09-15,1,7.0,-30.0,10000,JPY,confirmed,https://inet-sec.co.jp/study/fx-guide/swap-point/swap_zengetu.pdf,2026-10-10T14:48:31+09:00
ainet_loop,TRY/JPY,2026-09-15,2026-09-16,1,7.0,-30.0,10000,JPY,confirmed,https://inet-sec.co.jp/study/fx-guide/swap-point/swap_zengetu.pdf,2026-10-10T14:48:31+09:00
ainet_loop,TRY/JPY,2026-09-16,2026-09-17,6,42.0,-180.0,10000,JPY,confirmed,https://inet-sec.co.jp/study/fx-guide/swap-point/swap_zengetu.pdf,2026-10-10T14:48:31+09:00
ainet_loop,TRY/JPY,2026-09-17,2026-09-18,1,9.0,-25.0,10000,JPY,confirmed,https://inet-sec.co.jp/study/fx-guide/swap-point/swap_zengetu.pdf,2026-10-10T14:48:31+09:00
ainet_loop,TRY/JPY,2026-09-18,2026-09-21,0,0.0,0.0,10000,JPY,confirmed,https://inet-sec.co.jp/study/fx-guide/swap-point/swap_zengetu.pdf,2026-10-10T14:48:31+09:00
ainet_loop,TRY/JPY,2026-09-21,2026-09-22,0,0.0,0.0,10000,JPY,confirmed,https://inet-sec.co.jp/study/fx-guide/swap-point/swap_zengetu.pdf,2026-10-10T14:48:31+09:00
ainet_loop,TRY/JPY,2026-09-22,2026-09-23,0,0.0,0.0,10000,JPY,confirmed,https://inet-sec.co.jp/study/fx-guide/swap-point/swap_zengetu.pdf,2026-10-10T14:48:31+09:00
ainet_loop,TRY/JPY,2026-09-23,2026-09-24,3,27.0,-75.0,10000,JPY,confirmed,https://inet-sec.co.jp/study/fx-guide/swap-point/swap_zengetu.pdf,2026-10-10T14:48:31+09:00
ainet_loop,TRY/JPY,2026-09-24,2026-09-25,1,10.0,-30.0,10000,JPY,confirmed,https://inet-sec.co.jp/study/fx-guide/swap-point/swap_zengetu.pdf,2026-10-10T14:48:31+09:00
ainet_loop,TRY/JPY,2026-09-25,2026-09-28,1,10.0,-30.0,10000,JPY,confirmed,https://inet-sec.co.jp/study/fx-guide/swap-point/swap_zengetu.pdf,2026-10-10T14:48:31+09:00
ainet_loop,TRY/JPY,2026-09-28,2026-09-29,1,10.0,-30.0,10000,JPY,confirmed,https://inet-sec.co.jp/study/fx-guide/swap-point/swap_zengetu.pdf,2026-10-10T14:48:31+09:00
ainet_loop,TRY/JPY,2026-09-29,2026-09-30,1,10.0,-30.0,10000,JPY,confirmed,https://inet-sec.co.jp/study/fx-guide/swap-point/swap_zengetu.pdf,2026-10-10T14:48:31+09:00
ainet_loop,TRY/JPY,2026-09-30,2026-10-01,3,30.0,-90.0,10000,JPY,confirmed,https://inet-sec.co.jp/study/fx-guide/swap-point/swap_zengetu.pdf,2026-10-10T14:48:31+09:00
ainet_loop,TRY/JPY,2026-10-01,2026-10-02,1,9.0,-30.0,10000,JPY,confirmed,https://inet-sec.co.jp/study/fx-guide/swap-point/swap_tougetu.pdf,2026-10-10T14:48:33+09:00
ainet_loop,TRY/JPY,2026-10-02,2026-10-05,1,9.0,-30.0,10000,JPY,confirmed,https://inet-sec.co.jp/study/fx-guide/swap-point/swap_tougetu.pdf,2026-10-10T14:48:33+09:00
ainet_loop,TRY/JPY,2026-10-05,2026-10-06,1,9.0,-30.0,10000,JPY,confirmed,https://inet-sec.co.jp/study/fx-guide/swap-point/swap_tougetu.pdf,2026-10-10T14:48:33+09:00
ainet_loop,TRY/JPY,2026-10-06,2026-10-07,1,9.0,-30.0,10000,JPY,confirmed,https://inet-sec.co.jp/study/fx-guide/swap-point/swap_tougetu.pdf,2026-10-10T14:48:33+09:00
ainet_loop,TRY/JPY,2026-10-07,2026-10-08,4,36.0,-120.0,10000,JPY,confirmed,https://inet-sec.co.jp/study/fx-guide/swap-point/swap_tougetu.pdf,2026-10-10T14:48:33+09:00
ainet_loop,TRY/JPY,2026-10-08,2026-10-09,1,6.0,-20.0,10000,JPY,confirmed,https://inet-sec.co.jp/study/fx-guide/swap-point/swap_tougetu.pdf,2026-10-10T14:48:33+09:00
ainet_loop,TRY/JPY,2026-10-09,2026-10-12,0,0.0,0.0,10000,JPY,scheduled,https://inet-sec.co.jp/study/fx-guide/swap-point/swap_tougetu.pdf,2026-10-10T14:48:33+09:00
ainet_loop,TRY/JPY,2026-10-12,2026-10-13,1,6.0,-20.0,10000,JPY,scheduled,https://inet-sec.co.jp/study/fx-guide/swap-point/swap_tougetu.pdf,2026-10-10T14:48:33+09:00
ainet_loop,TRY/JPY,2026-10-13,2026-10-14,1,,,10000,JPY,scheduled,https://inet-sec.co.jp/study/fx-guide/swap-point/swap_tougetu.pdf,2026-10-10T14:48:33+09:00
ainet_loop,TRY/JPY,2026-10-14,2026-10-15,3,,,10000,JPY,scheduled,https://inet-sec.co.jp/study/fx-guide/swap-point/swap_tougetu.pdf,2026-10-10T14:48:33+09:00
ainet_loop,TRY/JPY,2026-10-15,2026-10-16,1,,,10000,JPY,scheduled,https://inet-sec.co.jp/study/fx-guide/swap-point/swap_tougetu.pdf,2026-10-10T14:48:33+09:00
ainet_loop,TRY/JPY,2026-10-16,2026-10-19,1,,,10000,JPY,scheduled,https://inet-sec.co.jp/study/fx-guide/swap-point/swap_tougetu.pdf,2026-10-10T14:48:33+09:00
ainet_loop,TRY/JPY,2026-10-19,2026-10-20,1,,,10000,JPY,scheduled,https://inet-sec.co.jp/study/fx-guide/swap-point/swap_tougetu.pdf,2026-10-10T14:48:33+09:00
ainet_loop,TRY/JPY,2026-10-20,2026-10-21,1,,,10000,JPY,scheduled,https://inet-sec.co.jp/study/fx-guide/swap-point/swap_tougetu.pdf,2026-10-10T14:48:33+09:00
ainet_loop,TRY/JPY,2026-10-21,2026-10-22,3,,,10000,JPY,scheduled,https://inet-sec.co.jp/study/fx-guide/swap-point/swap_tougetu.pdf,2026-10-10T14:48:33+09:00
ainet_loop,TRY/JPY,2026-10-22,2026-10-23,1,,,10000,JPY,scheduled,https://inet-sec.co.jp/study/fx-guide/swap-point/swap_tougetu.pdf,2026-10-10T14:48:33+09:00
ainet_loop,TRY/JPY,2026-10-23,2026-10-26,1,,,10000,JPY,scheduled,https://inet-sec.co.jp/study/fx-guide/swap-point/swap_tougetu.pdf,2026-10-10T14:48:33+09:00
ainet_loop,TRY/JPY,2026-10-26,2026-10-27,2,,,10000,JPY,scheduled,https://inet-sec.co.jp/study/fx-guide/swap-point/swap_tougetu.pdf,2026-10-10T14:48:33+09:00
ainet_loop,TRY/JPY,2026-10-27,2026-10-28,0,,,10000,JPY,scheduled,https://inet-sec.co.jp/study/fx-guide/swap-point/swap_tougetu.pdf,2026-10-10T14:48:33+09:00
ainet_loop,TRY/JPY,2026-10-28,2026-10-29,3,,,10000,JPY,scheduled,https://inet-sec.co.jp/study/fx-guide/swap-point/swap_tougetu.pdf,2026-10-10T14:48:33+09:00
ainet_loop,TRY/JPY,2026-10-29,2026-10-30,2,,,10000,JPY,scheduled,https://inet-sec.co.jp/study/fx-guide/swap-point/swap_tougetu.pdf,2026-10-10T14:48:33+09:00
ainet_loop,TRY/JPY,2026-10-30,2026-11-02,1,,,10000,JPY,scheduled,https://inet-sec.co.jp/study/fx-guide/swap-point/swap_tougetu.pdf,2026-10-10T14:48:33+09:00
ainet_loop,USD/CAD,2026-08-03,2026-08-04,1,35.0,-85.0,10000,JPY,confirmed,https://inet-sec.co.jp/study/fx-guide/swap-point/swap_zengetu.pdf,2026-09-30T14:29:16+09:00
ainet_loop,USD/CAD,2026-08-04,2026-08-05,1,35.0,-85.0,10000,JPY,confirmed,https://inet-sec.co.jp/study/fx-guide/swap-point/swap_zengetu.pdf,2026-09-30T14:29:16+09:00
ainet_loop,USD/CAD,2026-08-05,2026-08-06,1,35.0,-85.0,10000,JPY,confirmed,https://inet-sec.co.jp/study/fx-guide/swap-point/swap_zengetu.pdf,2026-09-30T14:29:16+09:00
ainet_loop,USD/CAD,2026-08-06,2026-08-07,3,105.0,-240.0,10000,JPY,confirmed,https://inet-sec.co.jp/study/fx-guide/swap-point/swap_zengetu.pdf,2026-09-30T14:29:16+09:00
ainet_loop,USD/CAD,2026-08-07,2026-08-10,1,35.0,-80.0,10000,JPY,confirmed,https://inet-sec.co.jp/study/fx-guide/swap-point/swap_zengetu.pdf,2026-09-30T14:29:16+09:00
ainet_loop,USD/CAD,2026-08-10,2026-08-11,1,35.0,-80.0,10000,JPY,confirmed,https://inet-sec.co.jp/study/fx-guide/swap-point/swap_zengetu.pdf,2026-09-30T14:29:16+09:00
ainet_loop,USD/CAD,2026-08-11,2026-08-12,1,35.0,-80.0,10000,JPY,confirmed,https://inet-sec.co.jp/study/fx-guide/swap-point/swap_zengetu.pdf,2026-09-30T14:29:16+09:00
ainet_loop,USD/CAD,2026-08-12,2026-08-13,1,35.0,-80.0,10000,JPY,confirmed,https://inet-sec.co.jp/study/fx-guide/swap-point/swap_zengetu.pdf,2026-09-30T14:29:16+09:00
ainet_loop,USD/CAD,2026-08-13,2026-08-14,3,90.0,-240.0,10000,JPY,confirmed,https://inet-sec.co.jp/study/fx-guide/swap-point/swap_zengetu.pdf,2026-09-30T14:29:16+09:00
ainet_loop,USD/CAD,2026-08-14,2026-08-17,1,30.0,-80.0,10000,JPY,confirmed,https://inet-sec.co.jp/study/fx-guide/swap-point/swap_zengetu.pdf,2026-09-30T14:29:16+09:00
ainet_loop,USD/CAD,2026-08-17,2026-08-18,1,30.0,-80.0,10000,JPY,confirmed,https://inet-sec.co.jp/study/fx-guide/swap-point/swap_zengetu.pdf,2026-09-30T14:29:16+09:00
ainet_loop,USD/CAD,2026-08-18,2026-08-19,1,30.0,-80.0,10000,JPY,confirmed,https://inet-sec.co.jp/study/fx-guide/swap-point/swap_zengetu.pdf,2026-09-30T14:29:16+09:00
ainet_loop,USD/CAD,2026-08-19,2026-08-20,1,30.0,-80.0,10000,JPY,confirmed,https://inet-sec.co.jp/study/fx-guide/swap-point/swap_zengetu.pdf,2026-09-30T14:29:16+09:00
ainet_loop,USD/CAD,2026-08-20,2026-08-21,3,90.0,-240.0,10000,JPY,confirmed,https://inet-sec.co.jp/study/fx-guide/swap-point/swap_zengetu.pdf,2026-09-30T14:29:16+09:00
ainet_loop,USD/CAD,2026-08-21,2026-08-24,1,30.0,-80.0,10000,JPY,confirmed,https://inet-sec.co.jp/study/fx-guide/swap-point/swap_zengetu.pdf,2026-09-30T14:29:16+09:00
ainet_loop,USD/CAD,2026-08-24,2026-08-25,1,30.0,-80.0,10000,JPY,confirmed,https://inet-sec.co.jp/study/fx-guide/swap-point/swap_zengetu.pdf,2026-09-30T14:29:16+09:00
ainet_loop,USD/CAD,2026-08-25,2026-08-26,1,30.0,-80.0,10000,JPY,confirmed,https://inet-sec.co.jp/study/fx-guide/swap-point/swap_zengetu.pdf,2026-09-30T14:29:16+09:00
ainet_loop,USD/CAD,2026-08-26,2026-08-27,1,30.0,-80.0,10000,JPY,confirmed,https://inet-sec.co.jp/study/fx-guide/swap-point/swap_zengetu.pdf,2026-09-30T14:29:16+09:00
ainet_loop,USD/CAD,2026-08-27,2026-08-28,3,105.0,-210.0,10000,JPY,confirmed,https://inet-sec.co.jp/study/fx-guide/swap-point/swap_zengetu.pdf,2026-09-30T14:29:16+09:00
ainet_loop,USD/CAD,2026-08-28,2026-08-31,1,35.0,-70.0,10000,JPY,confirmed,https://inet-sec.co.jp/study/fx-guide/swap-point/swap_zengetu.pdf,2026-09-30T14:29:16+09:00
ainet_loop,USD/CAD,2026-08-31,2026-09-01,1,35.0,-70.0,10000,JPY,confirmed,https://inet-sec.co.jp/study/fx-guide/swap-point/swap_zengetu.pdf,2026-09-30T14:29:16+09:00
ainet_loop,USD/CAD,2026-09-01,2026-09-02,1,35.0,-70.0,10000,JPY,confirmed,https://inet-sec.co.jp/study/fx-guide/swap-point/swap_zengetu.pdf,2026-10-10T14:48:31+09:00
ainet_loop,USD/CAD,2026-09-02,2026-09-03,1,35.0,-70.0,10000,JPY,confirmed,https://inet-sec.co.jp/study/fx-guide/swap-point/swap_zengetu.pdf,2026-10-10T14:48:31+09:00
ainet_loop,USD/CAD,2026-09-03,2026-09-04,4,220.0,-340.0,10000,JPY,confirmed,https://inet-sec.co.jp/study/fx-guide/swap-point/swap_zengetu.pdf,2026-10-10T14:48:31+09:00
ainet_loop,USD/CAD,2026-09-04,2026-09-07,0,0.0,0.0,10000,JPY,confirmed,https://inet-sec.co.jp/study/fx-guide/swap-point/swap_zengetu.pdf,2026-10-10T14:48:31+09:00
ainet_loop,USD/CAD,2026-09-07,2026-09-08,1,55.0,-85.0,10000,JPY,confirmed,https://inet-sec.co.jp/study/fx-guide/swap-point/swap_zengetu.pdf,2026-10-10T14:48:31+09:00
ainet_loop,USD/CAD,2026-09-08,2026-09-09,1,55.0,-85.0,10000,JPY,confirmed,https://inet-sec.co.jp/study/fx-guide/swap-point/swap_zengetu.pdf,2026-10-10T14:48:31+09:00
ainet_loop,USD/CAD,2026-09-09,2026-09-10,1,55.0,-85.0,10000,JPY,confirmed,https://inet-sec.co.jp/study/fx-guide/swap-point/swap_zengetu.pdf,2026-10-10T14:48:31+09:00
ainet_loop,USD/CAD,2026-09-10,2026-09-11,3,75.0,-225.0,10000,JPY,confirmed,https://inet-sec.co.jp/study/fx-guide/swap-point/swap_zengetu.pdf,2026-10-10T14:48:31+09:00
ainet_loop,USD/CAD,2026-09-11,2026-09-14,1,25.0,-75.0,10000,JPY,confirmed,https://inet-sec.co.jp/study/fx-guide/swap-point/swap_zengetu.pdf,2026-10-10T14:48:31+09:00
ainet_loop,USD/CAD,2026-09-14,2026-09-15,1,25.0,-75.0,10000,JPY,confirmed,https://inet-sec.co.jp/study/fx-guide/swap-point/swap_zengetu.pdf,2026-10-10T14:48:31+09:00
ainet_loop,USD/CAD,2026-09-15,2026-09-16,1,25.0,-75.0,10000,JPY,confirmed,https://inet-sec.co.jp/study/fx-guide/swap-point/swap_zengetu.pdf,2026-10-10T14:48:31+09:00
ainet_loop,USD/CAD,2026-09-16,2026-09-17,1,25.0,-75.0,10000,JPY,confirmed,https://inet-sec.co.jp/study/fx-guide/swap-point/swap_zengetu.pdf,2026-10-10T14:48:31+09:00
ainet_loop,USD/CAD,2026-09-17,2026-09-18,3,75.0,-225.0,10000,JPY,confirmed,https://inet-sec.co.jp/study/fx-guide/swap-point/swap_zengetu.pdf,2026-10-10T14:48:31+09:00
ainet_loop,USD/CAD,2026-09-18,2026-09-21,1,25.0,-75.0,10000,JPY,confirmed,https://inet-sec.co.jp/study/fx-guide/swap-point/swap_zengetu.pdf,2026-10-10T14:48:31+09:00
ainet_loop,USD/CAD,2026-09-21,2026-09-22,1,25.0,-75.0,10000,JPY,confirmed,https://inet-sec.co.jp/study/fx-guide/swap-point/swap_zengetu.pdf,2026-10-10T14:48:31+09:00
ainet_loop,USD/CAD,2026-09-22,2026-09-23,1,25.0,-75.0,10000,JPY,confirmed,https://inet-sec.co.jp/study/fx-guide/swap-point/swap_zengetu.pdf,2026-10-10T14:48:31+09:00
ainet_loop,USD/CAD,2026-09-23,2026-09-24,1,25.0,-75.0,10000,JPY,confirmed,https://inet-sec.co.jp/study/fx-guide/swap-point/swap_zengetu.pdf,2026-10-10T14:48:31+09:00
ainet_loop,USD/CAD,2026-09-24,2026-09-25,3,90.0,-255.0,10000,JPY,confirmed,https://inet-sec.co.jp/study/fx-guide/swap-point/swap_zengetu.pdf,2026-10-10T14:48:31+09:00
ainet_loop,USD/CAD,2026-09-25,2026-09-28,1,30.0,-85.0,10000,JPY,confirmed,https://inet-sec.co.jp/study/fx-guide/swap-point/swap_zengetu.pdf,2026-10-10T14:48:31+09:00
ainet_loop,USD/CAD,2026-09-28,2026-09-29,2,60.0,-170.0,10000,JPY,confirmed,https://inet-sec.co.jp/study/fx-guide/swap-point/swap_zengetu.pdf,2026-10-10T14:48:31+09:00
ainet_loop,USD/CAD,2026-09-29,2026-09-30,0,0.0,0.0,10000,JPY,confirmed,https://inet-sec.co.jp/study/fx-guide/swap-point/swap_zengetu.pdf,2026-10-10T14:48:31+09:00
ainet_loop,USD/CAD,2026-09-30,2026-10-01,1,30.0,-85.0,10000,JPY,confirmed,https://inet-sec.co.jp/study/fx-guide/swap-point/swap_zengetu.pdf,2026-10-10T14:48:31+09:00
ainet_loop,USD/CAD,2026-10-01,2026-10-02,3,105.0,-270.0,10000,JPY,confirmed,https://inet-sec.co.jp/study/fx-guide/swap-point/swap_tougetu.pdf,2026-10-10T14:48:33+09:00
ainet_loop,USD/CAD,2026-10-02,2026-10-05,1,35.0,-90.0,10000,JPY,confirmed,https://inet-sec.co.jp/study/fx-guide/swap-point/swap_tougetu.pdf,2026-10-10T14:48:33+09:00
ainet_loop,USD/CAD,2026-10-05,2026-10-06,1,35.0,-90.0,10000,JPY,confirmed,https://inet-sec.co.jp/study/fx-guide/swap-point/swap_tougetu.pdf,2026-10-10T14:48:33+09:00
ainet_loop,USD/CAD,2026-10-06,2026-10-07,1,35.0,-90.0,10000,JPY,confirmed,https://inet-sec.co.jp/study/fx-guide/swap-point/swap_tougetu.pdf,2026-10-10T14:48:33+09:00
ainet_loop,USD/CAD,2026-10-07,2026-10-08,1,35.0,-90.0,10000,JPY,confirmed,https://inet-sec.co.jp/study/fx-guide/swap-point/swap_tougetu.pdf,2026-10-10T14:48:33+09:00
ainet_loop,USD/CAD,2026-10-08,2026-10-09,4,160.0,-380.0,10000,JPY,confirmed,https://inet-sec.co.jp/study/fx-guide/swap-point/swap_tougetu.pdf,2026-10-10T14:48:33+09:00
ainet_loop,USD/CAD,2026-10-09,2026-10-12,0,0.0,0.0,10000,JPY,scheduled,https://inet-sec.co.jp/study/fx-guide/swap-point/swap_tougetu.pdf,2026-10-10T14:48:33+09:00
ainet_loop,USD/CAD,2026-10-12,2026-10-13,1,40.0,-95.0,10000,JPY,scheduled,https://inet-sec.co.jp/study/fx-guide/swap-point/swap_tougetu.pdf,2026-10-10T14:48:33+09:00
ainet_loop,USD/CAD,2026-10-13,2026-10-14,1,,,10000,JPY,scheduled,https://inet-sec.co.jp/study/fx-guide/swap-point/swap_tougetu.pdf,2026-10-10T14:48:33+09:00
ainet_loop,USD/CAD,2026-10-14,2026-10-15,1,,,10000,JPY,scheduled,https://inet-sec.co.jp/study/fx-guide/swap-point/swap_tougetu.pdf,2026-10-10T14:48:33+09:00
ainet_loop,USD/CAD,2026-10-15,2026-10-16,3,,,10000,JPY,scheduled,https://inet-sec.co.jp/study/fx-guide/swap-point/swap_tougetu.pdf,2026-10-10T14:48:33+09:00
ainet_loop,USD/CAD,2026-10-16,2026-10-19,1,,,10000,JPY,scheduled,https://inet-sec.co.jp/study/fx-guide/swap-point/swap_tougetu.pdf,2026-10-10T14:48:33+09:00
ainet_loop,USD/CAD,2026-10-19,2026-10-20,1,,,10000,JPY,scheduled,https://inet-sec.co.jp/study/fx-guide/swap-point/swap_tougetu.pdf,2026-10-10T14:48:33+09:00
ainet_loop,USD/CAD,2026-10-20,2026-10-21,1,,,10000,JPY,scheduled,https://inet-sec.co.jp/study/fx-guide/swap-point/swap_tougetu.pdf,2026-10-10T14:48:33+09:00
ainet_loop,USD/CAD,2026-10-21,2026-10-22,1,,,10000,JPY,scheduled,https://inet-sec.co.jp/study/fx-guide/swap-point/swap_tougetu.pdf,2026-10-10T14:48:33+09:00
ainet_loop,USD/CAD,2026-10-22,2026-10-23,3,,,10000,JPY,scheduled,https://inet-sec.co.jp/study/fx-guide/swap-point/swap_tougetu.pdf,2026-10-10T14:48:33+09:00
ainet_loop,USD/CAD,2026-10-23,2026-10-26,1,,,10000,JPY,scheduled,https://inet-sec.co.jp/study/fx-guide/swap-point/swap_tougetu.pdf,2026-10-10T14:48:33+09:00
ainet_loop,USD/CAD,2026-10-26,2026-10-27,1,,,10000,JPY,scheduled,https://inet-sec.co.jp/study/fx-guide/swap-point/swap_tougetu.pdf,2026-10-10T14:48:33+09:00
ainet_loop,USD/CAD,2026-10-27,2026-10-28,1,,,10000,JPY,scheduled,https://inet-sec.co.jp/study/fx-guide/swap-point/swap_tougetu.pdf,2026-10-10T14:48:33+09:00
ainet_loop,USD/CAD,2026-10-28,2026-10-29,1,,,10000,JPY,scheduled,https://inet-sec.co.jp/study/fx-guide/swap-point/swap_tougetu.pdf,2026-10-10T14:48:33+09:00
ainet_loop,USD/CAD,2026-10-29,2026-10-30,3,,,10000,JPY,scheduled,https://inet-sec.co.jp/study/fx-guide/swap-point/swap_tougetu.pdf,2026-10-10T14:48:33+09:00
ainet_loop,USD/CAD,2026-10-30,2026-11-02,1,,,10000,JPY,scheduled,https://inet-sec.co.jp/study/fx-guide/swap-point/swap_tougetu.pdf,2026-10-10T14:48:33+09:00
ainet_loop,USD/CHF,2026-08-03,2026-08-04,1,140.0,-210.0,10000,JPY,confirmed,https://inet-sec.co.jp/study/fx-guide/swap-point/swap_zengetu.pdf,2026-09-30T14:29:16+09:00
ainet_loop,USD/CHF,2026-08-04,2026-08-05,1,140.0,-210.0,10000,JPY,confirmed,https://inet-sec.co.jp/study/fx-guide/swap-point/swap_zengetu.pdf,2026-09-30T14:29:16+09:00
ainet_loop,USD/CHF,2026-08-05,2026-08-06,3,420.0,-630.0,10000,JPY,confirmed,https://inet-sec.co.jp/study/fx-guide/swap-point/swap_zengetu.pdf,2026-09-30T14:29:16+09:00
ainet_loop,USD/CHF,2026-08-06,2026-08-07,1,125.0,-205.0,10000,JPY,confirmed,https://inet-sec.co.jp/study/fx-guide/swap-point/swap_zengetu.pdf,2026-09-30T14:29:16+09:00
ainet_loop,USD/CHF,2026-08-07,2026-08-10,1,125.0,-205.0,10000,JPY,confirmed,https://inet-sec.co.jp/study/fx-guide/swap-point/swap_zengetu.pdf,2026-09-30T14:29:16+09:00
ainet_loop,USD/CHF,2026-08-10,2026-08-11,1,125.0,-205.0,10000,JPY,confirmed,https://inet-sec.co.jp/study/fx-guide/swap-point/swap_zengetu.pdf,2026-09-30T14:29:16+09:00
ainet_loop,USD/CHF,2026-08-11,2026-08-12,1,125.0,-205.0,10000,JPY,confirmed,https://inet-sec.co.jp/study/fx-guide/swap-point/swap_zengetu.pdf,2026-09-30T14:29:16+09:00
ainet_loop,USD/CHF,2026-08-12,2026-08-13,3,375.0,-615.0,10000,JPY,confirmed,https://inet-sec.co.jp/study/fx-guide/swap-point/swap_zengetu.pdf,2026-09-30T14:29:16+09:00
ainet_loop,USD/CHF,2026-08-13,2026-08-14,1,120.0,-205.0,10000,JPY,confirmed,https://inet-sec.co.jp/study/fx-guide/swap-point/swap_zengetu.pdf,2026-09-30T14:29:16+09:00
ainet_loop,USD/CHF,2026-08-14,2026-08-17,1,120.0,-205.0,10000,JPY,confirmed,https://inet-sec.co.jp/study/fx-guide/swap-point/swap_zengetu.pdf,2026-09-30T14:29:16+09:00
ainet_loop,USD/CHF,2026-08-17,2026-08-18,1,120.0,-205.0,10000,JPY,confirmed,https://inet-sec.co.jp/study/fx-guide/swap-point/swap_zengetu.pdf,2026-09-30T14:29:16+09:00
ainet_loop,USD/CHF,2026-08-18,2026-08-19,1,120.0,-205.0,10000,JPY,confirmed,https://inet-sec.co.jp/study/fx-guide/swap-point/swap_zengetu.pdf,2026-09-30T14:29:16+09:00
ainet_loop,USD/CHF,2026-08-19,2026-08-20,3,360.0,-615.0,10000,JPY,confirmed,https://inet-sec.co.jp/study/fx-guide/swap-point/swap_zengetu.pdf,2026-09-30T14:29:16+09:00
ainet_loop,USD/CHF,2026-08-20,2026-08-21,1,125.0,-205.0,10000,JPY,confirmed,https://inet-sec.co.jp/study/fx-guide/swap-point/swap_zengetu.pdf,2026-09-30T14:29:16+09:00
ainet_loop,USD/CHF,2026-08-21,2026-08-24,1,125.0,-205.0,10000,JPY,confirmed,https://inet-sec.co.jp/study/fx-guide/swap-point/swap_zengetu.pdf,2026-09-30T14:29:16+09:00
ainet_loop,USD/CHF,2026-08-24,2026-08-25,1,125.0,-205.0,10000,JPY,confirmed,https://inet-sec.co.jp/study/fx-guide/swap-point/swap_zengetu.pdf,2026-09-30T14:29:16+09:00
ainet_loop,USD/CHF,2026-08-25,2026-08-26,1,125.0,-205.0,10000,JPY,confirmed,https://inet-sec.co.jp/study/fx-guide/swap-point/swap_zengetu.pdf,2026-09-30T14:29:16+09:00
ainet_loop,USD/CHF,2026-08-26,2026-08-27,3,375.0,-615.0,10000,JPY,confirmed,https://inet-sec.co.jp/study/fx-guide/swap-point/swap_zengetu.pdf,2026-09-30T14:29:16+09:00
ainet_loop,USD/CHF,2026-08-27,2026-08-28,1,110.0,-200.0,10000,JPY,confirmed,https://inet-sec.co.jp/study/fx-guide/swap-point/swap_zengetu.pdf,2026-09-30T14:29:16+09:00
ainet_loop,USD/CHF,2026-08-28,2026-08-31,1,110.0,-200.0,10000,JPY,confirmed,https://inet-sec.co.jp/study/fx-guide/swap-point/swap_zengetu.pdf,2026-09-30T14:29:16+09:00
ainet_loop,USD/CHF,2026-08-31,2026-09-01,1,110.0,-200.0,10000,JPY,confirmed,https://inet-sec.co.jp/study/fx-guide/swap-point/swap_zengetu.pdf,2026-09-30T14:29:16+09:00
ainet_loop,USD/CHF,2026-09-01,2026-09-02,1,110.0,-200.0,10000,JPY,confirmed,https://inet-sec.co.jp/study/fx-guide/swap-point/swap_zengetu.pdf,2026-10-10T14:48:31+09:00
ainet_loop,USD/CHF,2026-09-02,2026-09-03,4,440.0,-800.0,10000,JPY,confirmed,https://inet-sec.co.jp/study/fx-guide/swap-point/swap_zengetu.pdf,2026-10-10T14:48:31+09:00
ainet_loop,USD/CHF,2026-09-03,2026-09-04,0,0.0,0.0,10000,JPY,confirmed,https://inet-sec.co.jp/study/fx-guide/swap-point/swap_zengetu.pdf,2026-10-10T14:48:31+09:00
ainet_loop,USD/CHF,2026-09-04,2026-09-07,1,120.0,-205.0,10000,JPY,confirmed,https://inet-sec.co.jp/study/fx-guide/swap-point/swap_zengetu.pdf,2026-10-10T14:48:31+09:00
ainet_loop,USD/CHF,2026-09-07,2026-09-08,1,120.0,-205.0,10000,JPY,confirmed,https://inet-sec.co.jp/study/fx-guide/swap-point/swap_zengetu.pdf,2026-10-10T14:48:31+09:00
ainet_loop,USD/CHF,2026-09-08,2026-09-09,1,120.0,-205.0,10000,JPY,confirmed,https://inet-sec.co.jp/study/fx-guide/swap-point/swap_zengetu.pdf,2026-10-10T14:48:31+09:00
ainet_loop,USD/CHF,2026-09-09,2026-09-10,3,360.0,-615.0,10000,JPY,confirmed,https://inet-sec.co.jp/study/fx-guide/swap-point/swap_zengetu.pdf,2026-10-10T14:48:31+09:00
ainet_loop,USD/CHF,2026-09-10,2026-09-11,1,95.0,-195.0,10000,JPY,confirmed,https://inet-sec.co.jp/study/fx-guide/swap-point/swap_zengetu.pdf,2026-10-10T14:48:31+09:00
ainet_loop,USD/CHF,2026-09-11,2026-09-14,1,95.0,-195.0,10000,JPY,confirmed,https://inet-sec.co.jp/study/fx-guide/swap-point/swap_zengetu.pdf,2026-10-10T14:48:31+09:00
ainet_loop,USD/CHF,2026-09-14,2026-09-15,1,95.0,-195.0,10000,JPY,confirmed,https://inet-sec.co.jp/study/fx-guide/swap-point/swap_zengetu.pdf,2026-10-10T14:48:31+09:00
ainet_loop,USD/CHF,2026-09-15,2026-09-16,1,95.0,-195.0,10000,JPY,confirmed,https://inet-sec.co.jp/study/fx-guide/swap-point/swap_zengetu.pdf,2026-10-10T14:48:31+09:00
ainet_loop,USD/CHF,2026-09-16,2026-09-17,3,285.0,-585.0,10000,JPY,confirmed,https://inet-sec.co.jp/study/fx-guide/swap-point/swap_zengetu.pdf,2026-10-10T14:48:31+09:00
ainet_loop,USD/CHF,2026-09-17,2026-09-18,1,90.0,-190.0,10000,JPY,confirmed,https://inet-sec.co.jp/study/fx-guide/swap-point/swap_zengetu.pdf,2026-10-10T14:48:31+09:00
ainet_loop,USD/CHF,2026-09-18,2026-09-21,1,90.0,-190.0,10000,JPY,confirmed,https://inet-sec.co.jp/study/fx-guide/swap-point/swap_zengetu.pdf,2026-10-10T14:48:31+09:00
ainet_loop,USD/CHF,2026-09-21,2026-09-22,1,90.0,-190.0,10000,JPY,confirmed,https://inet-sec.co.jp/study/fx-guide/swap-point/swap_zengetu.pdf,2026-10-10T14:48:31+09:00
ainet_loop,USD/CHF,2026-09-22,2026-09-23,1,90.0,-190.0,10000,JPY,confirmed,https://inet-sec.co.jp/study/fx-guide/swap-point/swap_zengetu.pdf,2026-10-10T14:48:31+09:00
ainet_loop,USD/CHF,2026-09-23,2026-09-24,3,270.0,-570.0,10000,JPY,confirmed,https://inet-sec.co.jp/study/fx-guide/swap-point/swap_zengetu.pdf,2026-10-10T14:48:31+09:00
ainet_loop,USD/CHF,2026-09-24,2026-09-25,1,105.0,-205.0,10000,JPY,confirmed,https://inet-sec.co.jp/study/fx-guide/swap-point/swap_zengetu.pdf,2026-10-10T14:48:31+09:00
ainet_loop,USD/CHF,2026-09-25,2026-09-28,1,105.0,-205.0,10000,JPY,confirmed,https://inet-sec.co.jp/study/fx-guide/swap-point/swap_zengetu.pdf,2026-10-10T14:48:31+09:00
ainet_loop,USD/CHF,2026-09-28,2026-09-29,1,105.0,-205.0,10000,JPY,confirmed,https://inet-sec.co.jp/study/fx-guide/swap-point/swap_zengetu.pdf,2026-10-10T14:48:31+09:00
ainet_loop,USD/CHF,2026-09-29,2026-09-30,1,105.0,-205.0,10000,JPY,confirmed,https://inet-sec.co.jp/study/fx-guide/swap-point/swap_zengetu.pdf,2026-10-10T14:48:31+09:00
ainet_loop,USD/CHF,2026-09-30,2026-10-01,3,315.0,-615.0,10000,JPY,confirmed,https://inet-sec.co.jp/study/fx-guide/swap-point/swap_zengetu.pdf,2026-10-10T14:48:31+09:00
ainet_loop,USD/CHF,2026-10-01,2026-10-02,1,110.0,-210.0,10000,JPY,confirmed,https://inet-sec.co.jp/study/fx-guide/swap-point/swap_tougetu.pdf,2026-10-10T14:48:33+09:00
ainet_loop,USD/CHF,2026-10-02,2026-10-05,1,110.0,-210.0,10000,JPY,confirmed,https://inet-sec.co.jp/study/fx-guide/swap-point/swap_tougetu.pdf,2026-10-10T14:48:33+09:00
ainet_loop,USD/CHF,2026-10-05,2026-10-06,1,110.0,-210.0,10000,JPY,confirmed,https://inet-sec.co.jp/study/fx-guide/swap-point/swap_tougetu.pdf,2026-10-10T14:48:33+09:00
ainet_loop,USD/CHF,2026-10-06,2026-10-07,1,110.0,-210.0,10000,JPY,confirmed,https://inet-sec.co.jp/study/fx-guide/swap-point/swap_tougetu.pdf,2026-10-10T14:48:33+09:00
ainet_loop,USD/CHF,2026-10-07,2026-10-08,4,440.0,-840.0,10000,JPY,confirmed,https://inet-sec.co.jp/study/fx-guide/swap-point/swap_tougetu.pdf,2026-10-10T14:48:33+09:00
ainet_loop,USD/CHF,2026-10-08,2026-10-09,0,0.0,0.0,10000,JPY,confirmed,https://inet-sec.co.jp/study/fx-guide/swap-point/swap_tougetu.pdf,2026-10-10T14:48:33+09:00
ainet_loop,USD/CHF,2026-10-09,2026-10-12,1,105.0,-210.0,10000,JPY,scheduled,https://inet-sec.co.jp/study/fx-guide/swap-point/swap_tougetu.pdf,2026-10-10T14:48:33+09:00
ainet_loop,USD/CHF,2026-10-12,2026-10-13,1,105.0,-210.0,10000,JPY,scheduled,https://inet-sec.co.jp/study/fx-guide/swap-point/swap_tougetu.pdf,2026-10-10T14:48:33+09:00
ainet_loop,USD/CHF,2026-10-13,2026-10-14,1,,,10000,JPY,scheduled,https://inet-sec.co.jp/study/fx-guide/swap-point/swap_tougetu.pdf,2026-10-10T14:48:33+09:00
ainet_loop,USD/CHF,2026-10-14,2026-10-15,3,,,10000,JPY,scheduled,https://inet-sec.co.jp/study/fx-guide/swap-point/swap_tougetu.pdf,2026-10-10T14:48:33+09:00
ainet_loop,USD/CHF,2026-10-15,2026-10-16,1,,,10000,JPY,scheduled,https://inet-sec.co.jp/study/fx-guide/swap-point/swap_tougetu.pdf,2026-10-10T14:48:33+09:00
ainet_loop,USD/CHF,2026-10-16,2026-10-19,1,,,10000,JPY,scheduled,https://inet-sec.co.jp/study/fx-guide/swap-point/swap_tougetu.pdf,2026-10-10T14:48:33+09:00
ainet_loop,USD/CHF,2026-10-19,2026-10-20,1,,,10000,JPY,scheduled,https://inet-sec.co.jp/study/fx-guide/swap-point/swap_tougetu.pdf,2026-10-10T14:48:33+09:00
ainet_loop,USD/CHF,2026-10-20,2026-10-21,1,,,10000,JPY,scheduled,https://inet-sec.co.jp/study/fx-guide/swap-point/swap_tougetu.pdf,2026-10-10T14:48:33+09:00
ainet_loop,USD/CHF,2026-10-21,2026-10-22,3,,,10000,JPY,scheduled,https://inet-sec.co.jp/study/fx-guide/swap-point/swap_tougetu.pdf,2026-10-10T14:48:33+09:00
ainet_loop,USD/CHF,2026-10-22,2026-10-23,1,,,10000,JPY,scheduled,https://inet-sec.co.jp/study/fx-guide/swap-point/swap_tougetu.pdf,2026-10-10T14:48:33+09:00
ainet_loop,USD/CHF,2026-10-23,2026-10-26,1,,,10000,JPY,scheduled,https://inet-sec.co.jp/study/fx-guide/swap-point/swap_tougetu.pdf,2026-10-10T14:48:33+09:00
ainet_loop,USD/CHF,2026-10-26,2026-10-27,1,,,10000,JPY,scheduled,https://inet-sec.co.jp/study/fx-guide/swap-point/swap_tougetu.pdf,2026-10-10T14:48:33+09:00
ainet_loop,USD/CHF,2026-10-27,2026-10-28,1,,,10000,JPY,scheduled,https://inet-sec.co.jp/study/fx-guide/swap-point/swap_tougetu.pdf,2026-10-10T14:48:33+09:00
ainet_loop,USD/CHF,2026-10-28,2026-10-29,3,,,10000,JPY,scheduled,https://inet-sec.co.jp/study/fx-guide/swap-point/swap_tougetu.pdf,2026-10-10T14:48:33+09:00
ainet_loop,USD/CHF,2026-10-29,2026-10-30,1,,,10000,JPY,scheduled,https://inet-sec.co.jp/study/fx-guide/swap-point/swap_tougetu.pdf,2026-10-10T14:48:33+09:00
ainet_loop,USD/CHF,2026-10-30,2026-11-02,1,,,10000,JPY,scheduled,https://inet-sec.co.jp/study/fx-guide/swap-point/swap_tougetu.pdf,2026-10-10T14:48:33+09:00
ainet_loop,USD/JPY,2026-08-03,2026-08-04,1,130.0,-145.0,10000,JPY,confirmed,https://inet-sec.co.jp/study/fx-guide/swap-point/swap_zengetu.pdf,2026-09-30T14:29:16+09:00
ainet_loop,USD/JPY,2026-08-04,2026-08-05,1,130.0,-145.0,10000,JPY,confirmed,https://inet-sec.co.jp/study/fx-guide/swap-point/swap_zengetu.pdf,2026-09-30T14:29:16+09:00
ainet_loop,USD/JPY,2026-08-05,2026-08-06,3,390.0,-435.0,10000,JPY,confirmed,https://inet-sec.co.jp/study/fx-guide/swap-point/swap_zengetu.pdf,2026-09-30T14:29:16+09:00
ainet_loop,USD/JPY,2026-08-06,2026-08-07,2,200.0,-240.0,10000,JPY,confirmed,https://inet-sec.co.jp/study/fx-guide/swap-point/swap_zengetu.pdf,2026-09-30T14:29:16+09:00
ainet_loop,USD/JPY,2026-08-07,2026-08-10,1,100.0,-120.0,10000,JPY,confirmed,https://inet-sec.co.jp/study/fx-guide/swap-point/swap_zengetu.pdf,2026-09-30T14:29:16+09:00
ainet_loop,USD/JPY,2026-08-10,2026-08-11,0,0.0,0.0,10000,JPY,confirmed,https://inet-sec.co.jp/study/fx-guide/swap-point/swap_zengetu.pdf,2026-09-30T14:29:16+09:00
ainet_loop,USD/JPY,2026-08-11,2026-08-12,1,100.0,-120.0,10000,JPY,confirmed,https://inet-sec.co.jp/study/fx-guide/swap-point/swap_zengetu.pdf,2026-09-30T14:29:16+09:00
ainet_loop,USD/JPY,2026-08-12,2026-08-13,3,300.0,-360.0,10000,JPY,confirmed,https://inet-sec.co.jp/study/fx-guide/swap-point/swap_zengetu.pdf,2026-09-30T14:29:16+09:00
ainet_loop,USD/JPY,2026-08-13,2026-08-14,1,110.0,-130.0,10000,JPY,confirmed,https://inet-sec.co.jp/study/fx-guide/swap-point/swap_zengetu.pdf,2026-09-30T14:29:16+09:00
ainet_loop,USD/JPY,2026-08-14,2026-08-17,1,110.0,-130.0,10000,JPY,confirmed,https://inet-sec.co.jp/study/fx-guide/swap-point/swap_zengetu.pdf,2026-09-30T14:29:16+09:00
ainet_loop,USD/JPY,2026-08-17,2026-08-18,1,110.0,-130.0,10000,JPY,confirmed,https://inet-sec.co.jp/study/fx-guide/swap-point/swap_zengetu.pdf,2026-09-30T14:29:16+09:00
ainet_loop,USD/JPY,2026-08-18,2026-08-19,1,110.0,-130.0,10000,JPY,confirmed,https://inet-sec.co.jp/study/fx-guide/swap-point/swap_zengetu.pdf,2026-09-30T14:29:16+09:00
ainet_loop,USD/JPY,2026-08-19,2026-08-20,3,330.0,-390.0,10000,JPY,confirmed,https://inet-sec.co.jp/study/fx-guide/swap-point/swap_zengetu.pdf,2026-09-30T14:29:16+09:00
ainet_loop,USD/JPY,2026-08-20,2026-08-21,1,105.0,-120.0,10000,JPY,confirmed,https://inet-sec.co.jp/study/fx-guide/swap-point/swap_zengetu.pdf,2026-09-30T14:29:16+09:00
ainet_loop,USD/JPY,2026-08-21,2026-08-24,1,105.0,-120.0,10000,JPY,confirmed,https://inet-sec.co.jp/study/fx-guide/swap-point/swap_zengetu.pdf,2026-09-30T14:29:16+09:00
ainet_loop,USD/JPY,2026-08-24,2026-08-25,1,105.0,-120.0,10000,JPY,confirmed,https://inet-sec.co.jp/study/fx-guide/swap-point/swap_zengetu.pdf,2026-09-30T14:29:16+09:00
ainet_loop,USD/JPY,2026-08-25,2026-08-26,1,105.0,-120.0,10000,JPY,confirmed,https://inet-sec.co.jp/study/fx-guide/swap-point/swap_zengetu.pdf,2026-09-30T14:29:16+09:00
ainet_loop,USD/JPY,2026-08-26,2026-08-27,3,315.0,-360.0,10000,JPY,confirmed,https://inet-sec.co.jp/study/fx-guide/swap-point/swap_zengetu.pdf,2026-09-30T14:29:16+09:00
ainet_loop,USD/JPY,2026-08-27,2026-08-28,1,105.0,-125.0,10000,JPY,confirmed,https://inet-sec.co.jp/study/fx-guide/swap-point/swap_zengetu.pdf,2026-09-30T14:29:16+09:00
ainet_loop,USD/JPY,2026-08-28,2026-08-31,1,105.0,-125.0,10000,JPY,confirmed,https://inet-sec.co.jp/study/fx-guide/swap-point/swap_zengetu.pdf,2026-09-30T14:29:16+09:00
ainet_loop,USD/JPY,2026-08-31,2026-09-01,1,105.0,-125.0,10000,JPY,confirmed,https://inet-sec.co.jp/study/fx-guide/swap-point/swap_zengetu.pdf,2026-09-30T14:29:16+09:00
ainet_loop,USD/JPY,2026-09-01,2026-09-02,1,105.0,-125.0,10000,JPY,confirmed,https://inet-sec.co.jp/study/fx-guide/swap-point/swap_zengetu.pdf,2026-10-10T14:48:31+09:00
ainet_loop,USD/JPY,2026-09-02,2026-09-03,4,420.0,-500.0,10000,JPY,confirmed,https://inet-sec.co.jp/study/fx-guide/swap-point/swap_zengetu.pdf,2026-10-10T14:48:31+09:00
ainet_loop,USD/JPY,2026-09-03,2026-09-04,0,0.0,0.0,10000,JPY,confirmed,https://inet-sec.co.jp/study/fx-guide/swap-point/swap_zengetu.pdf,2026-10-10T14:48:31+09:00
ainet_loop,USD/JPY,2026-09-04,2026-09-07,1,125.0,-135.0,10000,JPY,confirmed,https://inet-sec.co.jp/study/fx-guide/swap-point/swap_zengetu.pdf,2026-10-10T14:48:31+09:00
ainet_loop,USD/JPY,2026-09-07,2026-09-08,1,125.0,-135.0,10000,JPY,confirmed,https://inet-sec.co.jp/study/fx-guide/swap-point/swap_zengetu.pdf,2026-10-10T14:48:31+09:00
ainet_loop,USD/JPY,2026-09-08,2026-09-09,1,125.0,-135.0,10000,JPY,confirmed,https://inet-sec.co.jp/study/fx-guide/swap-point/swap_zengetu.pdf,2026-10-10T14:48:31+09:00
ainet_loop,USD/JPY,2026-09-09,2026-09-10,3,375.0,-405.0,10000,JPY,confirmed,https://inet-sec.co.jp/study/fx-guide/swap-point/swap_zengetu.pdf,2026-10-10T14:48:31+09:00
ainet_loop,USD/JPY,2026-09-10,2026-09-11,1,95.0,-120.0,10000,JPY,confirmed,https://inet-sec.co.jp/study/fx-guide/swap-point/swap_zengetu.pdf,2026-10-10T14:48:31+09:00
ainet_loop,USD/JPY,2026-09-11,2026-09-14,1,95.0,-120.0,10000,JPY,confirmed,https://inet-sec.co.jp/study/fx-guide/swap-point/swap_zengetu.pdf,2026-10-10T14:48:31+09:00
ainet_loop,USD/JPY,2026-09-14,2026-09-15,1,95.0,-120.0,10000,JPY,confirmed,https://inet-sec.co.jp/study/fx-guide/swap-point/swap_zengetu.pdf,2026-10-10T14:48:31+09:00
ainet_loop,USD/JPY,2026-09-15,2026-09-16,1,95.0,-120.0,10000,JPY,confirmed,https://inet-sec.co.jp/study/fx-guide/swap-point/swap_zengetu.pdf,2026-10-10T14:48:31+09:00
ainet_loop,USD/JPY,2026-09-16,2026-09-17,6,570.0,-720.0,10000,JPY,confirmed,https://inet-sec.co.jp/study/fx-guide/swap-point/swap_zengetu.pdf,2026-10-10T14:48:31+09:00
ainet_loop,USD/JPY,2026-09-17,2026-09-18,1,120.0,-140.0,10000,JPY,confirmed,https://inet-sec.co.jp/study/fx-guide/swap-point/swap_zengetu.pdf,2026-10-10T14:48:31+09:00
ainet_loop,USD/JPY,2026-09-18,2026-09-21,0,0.0,0.0,10000,JPY,confirmed,https://inet-sec.co.jp/study/fx-guide/swap-point/swap_zengetu.pdf,2026-10-10T14:48:31+09:00
ainet_loop,USD/JPY,2026-09-21,2026-09-22,0,0.0,0.0,10000,JPY,confirmed,https://inet-sec.co.jp/study/fx-guide/swap-point/swap_zengetu.pdf,2026-10-10T14:48:31+09:00
ainet_loop,USD/JPY,2026-09-22,2026-09-23,0,0.0,0.0,10000,JPY,confirmed,https://inet-sec.co.jp/study/fx-guide/swap-point/swap_zengetu.pdf,2026-10-10T14:48:31+09:00
ainet_loop,USD/JPY,2026-09-23,2026-09-24,3,360.0,-420.0,10000,JPY,confirmed,https://inet-sec.co.jp/study/fx-guide/swap-point/swap_zengetu.pdf,2026-10-10T14:48:31+09:00
ainet_loop,USD/JPY,2026-09-24,2026-09-25,1,125.0,-140.0,10000,JPY,confirmed,https://inet-sec.co.jp/study/fx-guide/swap-point/swap_zengetu.pdf,2026-10-10T14:48:31+09:00
ainet_loop,USD/JPY,2026-09-25,2026-09-28,1,125.0,-140.0,10000,JPY,confirmed,https://inet-sec.co.jp/study/fx-guide/swap-point/swap_zengetu.pdf,2026-10-10T14:48:31+09:00
ainet_loop,USD/JPY,2026-09-28,2026-09-29,1,125.0,-140.0,10000,JPY,confirmed,https://inet-sec.co.jp/study/fx-guide/swap-point/swap_zengetu.pdf,2026-10-10T14:48:31+09:00
ainet_loop,USD/JPY,2026-09-29,2026-09-30,1,125.0,-140.0,10000,JPY,confirmed,https://inet-sec.co.jp/study/fx-guide/swap-point/swap_zengetu.pdf,2026-10-10T14:48:31+09:00
ainet_loop,USD/JPY,2026-09-30,2026-10-01,3,375.0,-420.0,10000,JPY,confirmed,https://inet-sec.co.jp/study/fx-guide/swap-point/swap_zengetu.pdf,2026-10-10T14:48:31+09:00
ainet_loop,USD/JPY,2026-10-01,2026-10-02,1,130.0,-145.0,10000,JPY,confirmed,https://inet-sec.co.jp/study/fx-guide/swap-point/swap_tougetu.pdf,2026-10-10T14:48:33+09:00
ainet_loop,USD/JPY,2026-10-02,2026-10-05,1,130.0,-145.0,10000,JPY,confirmed,https://inet-sec.co.jp/study/fx-guide/swap-point/swap_tougetu.pdf,2026-10-10T14:48:33+09:00
ainet_loop,USD/JPY,2026-10-05,2026-10-06,1,130.0,-145.0,10000,JPY,confirmed,https://inet-sec.co.jp/study/fx-guide/swap-point/swap_tougetu.pdf,2026-10-10T14:48:33+09:00
ainet_loop,USD/JPY,2026-10-06,2026-10-07,1,130.0,-145.0,10000,JPY,confirmed,https://inet-sec.co.jp/study/fx-guide/swap-point/swap_tougetu.pdf,2026-10-10T14:48:33+09:00
ainet_loop,USD/JPY,2026-10-07,2026-10-08,4,520.0,-580.0,10000,JPY,confirmed,https://inet-sec.co.jp/study/fx-guide/swap-point/swap_tougetu.pdf,2026-10-10T14:48:33+09:00
ainet_loop,USD/JPY,2026-10-08,2026-10-09,1,130.0,-145.0,10000,JPY,confirmed,https://inet-sec.co.jp/study/fx-guide/swap-point/swap_tougetu.pdf,2026-10-10T14:48:33+09:00
ainet_loop,USD/JPY,2026-10-09,2026-10-12,0,0.0,0.0,10000,JPY,scheduled,https://inet-sec.co.jp/study/fx-guide/swap-point/swap_tougetu.pdf,2026-10-10T14:48:33+09:00
ainet_loop,USD/JPY,2026-10-12,2026-10-13,1,130.0,-145.0,10000,JPY,scheduled,https://inet-sec.co.jp/study/fx-guide/swap-point/swap_tougetu.pdf,2026-10-10T14:48:33+09:00
ainet_loop,USD/JPY,2026-10-13,2026-10-14,1,,,10000,JPY,scheduled,https://inet-sec.co.jp/study/fx-guide/swap-point/swap_tougetu.pdf,2026-10-10T14:48:33+09:00
ainet_loop,USD/JPY,2026-10-14,2026-10-15,3,,,10000,JPY,scheduled,https://inet-sec.co.jp/study/fx-guide/swap-point/swap_tougetu.pdf,2026-10-10T14:48:33+09:00
ainet_loop,USD/JPY,2026-10-15,2026-10-16,1,,,10000,JPY,scheduled,https://inet-sec.co.jp/study/fx-guide/swap-point/swap_tougetu.pdf,2026-10-10T14:48:33+09:00
ainet_loop,USD/JPY,2026-10-16,2026-10-19,1,,,10000,JPY,scheduled,https://inet-sec.co.jp/study/fx-guide/swap-point/swap_tougetu.pdf,2026-10-10T14:48:33+09:00
ainet_loop,USD/JPY,2026-10-19,2026-10-20,1,,,10000,JPY,scheduled,https://inet-sec.co.jp/study/fx-guide/swap-point/swap_tougetu.pdf,2026-10-10T14:48:33+09:00
ainet_loop,USD/JPY,2026-10-20,2026-10-21,1,,,10000,JPY,scheduled,https://inet-sec.co.jp/study/fx-guide/swap-point/swap_tougetu.pdf,2026-10-10T14:48:33+09:00
ainet_loop,USD/JPY,2026-10-21,2026-10-22,3,,,10000,JPY,scheduled,https://inet-sec.co.jp/study/fx-guide/swap-point/swap_tougetu.pdf,2026-10-10T14:48:33+09:00
ainet_loop,USD/JPY,2026-10-22,2026-10-23,1,,,10000,JPY,scheduled,https://inet-sec.co.jp/study/fx-guide/swap-point/swap_tougetu.pdf,2026-10-10T14:48:33+09:00
ainet_loop,USD/JPY,2026-10-23,2026-10-26,1,,,10000,JPY,scheduled,https://inet-sec.co.jp/study/fx-guide/swap-point/swap_tougetu.pdf,2026-10-10T14:48:33+09:00
ainet_loop,USD/JPY,2026-10-26,2026-10-27,1,,,10000,JPY,scheduled,https://inet-sec.co.jp/study/fx-guide/swap-point/swap_tougetu.pdf,2026-10-10T14:48:33+09:00
ainet_loop,USD/JPY,2026-10-27,2026-10-28,1,,,10000,JPY,scheduled,https://inet-sec.co.jp/study/fx-guide/swap-point/swap_tougetu.pdf,2026-10-10T14:48:33+09:00
ainet_loop,USD/JPY,2026-10-28,2026-10-29,3,,,10000,JPY,scheduled,https://inet-sec.co.jp/study/fx-guide/swap-point/swap_tougetu.pdf,2026-10-10T14:48:33+09:00
ainet_loop,USD/JPY,2026-10-29,2026-10-30,2,,,10000,JPY,scheduled,https://inet-sec.co.jp/study/fx-guide/swap-point/swap_tougetu.pdf,2026-10-10T14:48:33+09:00
ainet_loop,USD/JPY,2026-10-30,2026-11-02,1,,,10000,JPY,scheduled,https://inet-sec.co.jp/study/fx-guide/swap-point/swap_tougetu.pdf,2026-10-10T14:48:33+09:00
ainet_loop,ZAR/JPY,2026-08-03,2026-08-04,1,10.0,-25.0,10000,JPY,confirmed,https://inet-sec.co.jp/study/fx-guide/swap-point/swap_zengetu.pdf,2026-09-30T14:29:16+09:00
ainet_loop,ZAR/JPY,2026-08-04,2026-08-05,1,10.0,-25.0,10000,JPY,confirmed,https://inet-sec.co.jp/study/fx-guide/swap-point/swap_zengetu.pdf,2026-09-30T14:29:16+09:00
ainet_loop,ZAR/JPY,2026-08-05,2026-08-06,5,50.0,-125.0,10000,JPY,confirmed,https://inet-sec.co.jp/study/fx-guide/swap-point/swap_zengetu.pdf,2026-09-30T14:29:16+09:00
ainet_loop,ZAR/JPY,2026-08-06,2026-08-07,0,0.0,0.0,10000,JPY,confirmed,https://inet-sec.co.jp/study/fx-guide/swap-point/swap_zengetu.pdf,2026-09-30T14:29:16+09:00
ainet_loop,ZAR/JPY,2026-08-07,2026-08-10,1,10.0,-25.0,10000,JPY,confirmed,https://inet-sec.co.jp/study/fx-guide/swap-point/swap_zengetu.pdf,2026-09-30T14:29:16+09:00
ainet_loop,ZAR/JPY,2026-08-10,2026-08-11,0,0.0,0.0,10000,JPY,confirmed,https://inet-sec.co.jp/study/fx-guide/swap-point/swap_zengetu.pdf,2026-09-30T14:29:16+09:00
ainet_loop,ZAR/JPY,2026-08-11,2026-08-12,1,10.0,-25.0,10000,JPY,confirmed,https://inet-sec.co.jp/study/fx-guide/swap-point/swap_zengetu.pdf,2026-09-30T14:29:16+09:00
ainet_loop,ZAR/JPY,2026-08-12,2026-08-13,3,30.0,-75.0,10000,JPY,confirmed,https://inet-sec.co.jp/study/fx-guide/swap-point/swap_zengetu.pdf,2026-09-30T14:29:16+09:00
ainet_loop,ZAR/JPY,2026-08-13,2026-08-14,1,10.0,-25.0,10000,JPY,confirmed,https://inet-sec.co.jp/study/fx-guide/swap-point/swap_zengetu.pdf,2026-09-30T14:29:16+09:00
ainet_loop,ZAR/JPY,2026-08-14,2026-08-17,1,10.0,-25.0,10000,JPY,confirmed,https://inet-sec.co.jp/study/fx-guide/swap-point/swap_zengetu.pdf,2026-09-30T14:29:16+09:00
ainet_loop,ZAR/JPY,2026-08-17,2026-08-18,1,10.0,-25.0,10000,JPY,confirmed,https://inet-sec.co.jp/study/fx-guide/swap-point/swap_zengetu.pdf,2026-09-30T14:29:16+09:00
ainet_loop,ZAR/JPY,2026-08-18,2026-08-19,1,10.0,-25.0,10000,JPY,confirmed,https://inet-sec.co.jp/study/fx-guide/swap-point/swap_zengetu.pdf,2026-09-30T14:29:16+09:00
ainet_loop,ZAR/JPY,2026-08-19,2026-08-20,3,30.0,-75.0,10000,JPY,confirmed,https://inet-sec.co.jp/study/fx-guide/swap-point/swap_zengetu.pdf,2026-09-30T14:29:16+09:00
ainet_loop,ZAR/JPY,2026-08-20,2026-08-21,1,8.0,-20.0,10000,JPY,confirmed,https://inet-sec.co.jp/study/fx-guide/swap-point/swap_zengetu.pdf,2026-09-30T14:29:16+09:00
ainet_loop,ZAR/JPY,2026-08-21,2026-08-24,1,8.0,-20.0,10000,JPY,confirmed,https://inet-sec.co.jp/study/fx-guide/swap-point/swap_zengetu.pdf,2026-09-30T14:29:16+09:00
ainet_loop,ZAR/JPY,2026-08-24,2026-08-25,1,8.0,-20.0,10000,JPY,confirmed,https://inet-sec.co.jp/study/fx-guide/swap-point/swap_zengetu.pdf,2026-09-30T14:29:16+09:00
ainet_loop,ZAR/JPY,2026-08-25,2026-08-26,1,8.0,-20.0,10000,JPY,confirmed,https://inet-sec.co.jp/study/fx-guide/swap-point/swap_zengetu.pdf,2026-09-30T14:29:16+09:00
ainet_loop,ZAR/JPY,2026-08-26,2026-08-27,3,24.0,-60.0,10000,JPY,confirmed,https://inet-sec.co.jp/study/fx-guide/swap-point/swap_zengetu.pdf,2026-09-30T14:29:16+09:00
ainet_loop,ZAR/JPY,2026-08-27,2026-08-28,1,9.0,-20.0,10000,JPY,confirmed,https://inet-sec.co.jp/study/fx-guide/swap-point/swap_zengetu.pdf,2026-09-30T14:29:16+09:00
ainet_loop,ZAR/JPY,2026-08-28,2026-08-31,1,9.0,-20.0,10000,JPY,confirmed,https://inet-sec.co.jp/study/fx-guide/swap-point/swap_zengetu.pdf,2026-09-30T14:29:16+09:00
ainet_loop,ZAR/JPY,2026-08-31,2026-09-01,1,9.0,-20.0,10000,JPY,confirmed,https://inet-sec.co.jp/study/fx-guide/swap-point/swap_zengetu.pdf,2026-09-30T14:29:16+09:00
ainet_loop,ZAR/JPY,2026-09-01,2026-09-02,1,9.0,-20.0,10000,JPY,confirmed,https://inet-sec.co.jp/study/fx-guide/swap-point/swap_zengetu.pdf,2026-10-10T14:48:31+09:00
ainet_loop,ZAR/JPY,2026-09-02,2026-09-03,4,36.0,-80.0,10000,JPY,confirmed,https://inet-sec.co.jp/study/fx-guide/swap-point/swap_zengetu.pdf,2026-10-10T14:48:31+09:00
ainet_loop,ZAR/JPY,2026-09-03,2026-09-04,0,0.0,0.0,10000,JPY,confirmed,https://inet-sec.co.jp/study/fx-guide/swap-point/swap_zengetu.pdf,2026-10-10T14:48:31+09:00
ainet_loop,ZAR/JPY,2026-09-04,2026-09-07,1,9.0,-20.0,10000,JPY,confirmed,https://inet-sec.co.jp/study/fx-guide/swap-point/swap_zengetu.pdf,2026-10-10T14:48:31+09:00
ainet_loop,ZAR/JPY,2026-09-07,2026-09-08,1,9.0,-20.0,10000,JPY,confirmed,https://inet-sec.co.jp/study/fx-guide/swap-point/swap_zengetu.pdf,2026-10-10T14:48:31+09:00
ainet_loop,ZAR/JPY,2026-09-08,2026-09-09,1,9.0,-20.0,10000,JPY,confirmed,https://inet-sec.co.jp/study/fx-guide/swap-point/swap_zengetu.pdf,2026-10-10T14:48:31+09:00
ainet_loop,ZAR/JPY,2026-09-09,2026-09-10,3,27.0,-60.0,10000,JPY,confirmed,https://inet-sec.co.jp/study/fx-guide/swap-point/swap_zengetu.pdf,2026-10-10T14:48:31+09:00
ainet_loop,ZAR/JPY,2026-09-10,2026-09-11,1,6.0,-10.0,10000,JPY,confirmed,https://inet-sec.co.jp/study/fx-guide/swap-point/swap_zengetu.pdf,2026-10-10T14:48:31+09:00
ainet_loop,ZAR/JPY,2026-09-11,2026-09-14,1,6.0,-10.0,10000,JPY,confirmed,https://inet-sec.co.jp/study/fx-guide/swap-point/swap_zengetu.pdf,2026-10-10T14:48:31+09:00
ainet_loop,ZAR/JPY,2026-09-14,2026-09-15,1,6.0,-10.0,10000,JPY,confirmed,https://inet-sec.co.jp/study/fx-guide/swap-point/swap_zengetu.pdf,2026-10-10T14:48:31+09:00
ainet_loop,ZAR/JPY,2026-09-15,2026-09-16,1,6.0,-10.0,10000,JPY,confirmed,https://inet-sec.co.jp/study/fx-guide/swap-point/swap_zengetu.pdf,2026-10-10T14:48:31+09:00
ainet_loop,ZAR/JPY,2026-09-16,2026-09-17,7,42.0,-70.0,10000,JPY,confirmed,https://inet-sec.co.jp/study/fx-guide/swap-point/swap_zengetu.pdf,2026-10-10T14:48:31+09:00
ainet_loop,ZAR/JPY,2026-09-17,2026-09-18,0,0.0,0.0,10000,JPY,confirmed,https://inet-sec.co.jp/study/fx-guide/swap-point/swap_zengetu.pdf,2026-10-10T14:48:31+09:00
ainet_loop,ZAR/JPY,2026-09-18,2026-09-21,0,0.0,0.0,10000,JPY,confirmed,https://inet-sec.co.jp/study/fx-guide/swap-point/swap_zengetu.pdf,2026-10-10T14:48:31+09:00
ainet_loop,ZAR/JPY,2026-09-21,2026-09-22,0,0.0,0.0,10000,JPY,confirmed,https://inet-sec.co.jp/study/fx-guide/swap-point/swap_zengetu.pdf,2026-10-10T14:48:31+09:00
ainet_loop,ZAR/JPY,2026-09-22,2026-09-23,3,21.0,-75.0,10000,JPY,confirmed,https://inet-sec.co.jp/study/fx-guide/swap-point/swap_zengetu.pdf,2026-10-10T14:48:31+09:00
ainet_loop,ZAR/JPY,2026-09-23,2026-09-24,0,0.0,0.0,10000,JPY,confirmed,https://inet-sec.co.jp/study/fx-guide/swap-point/swap_zengetu.pdf,2026-10-10T14:48:31+09:00
ainet_loop,ZAR/JPY,2026-09-24,2026-09-25,1,10.0,-15.0,10000,JPY,confirmed,https://inet-sec.co.jp/study/fx-guide/swap-point/swap_zengetu.pdf,2026-10-10T14:48:31+09:00
ainet_loop,ZAR/JPY,2026-09-25,2026-09-28,1,10.0,-15.0,10000,JPY,confirmed,https://inet-sec.co.jp/study/fx-guide/swap-point/swap_zengetu.pdf,2026-10-10T14:48:31+09:00
ainet_loop,ZAR/JPY,2026-09-28,2026-09-29,1,10.0,-15.0,10000,JPY,confirmed,https://inet-sec.co.jp/study/fx-guide/swap-point/swap_zengetu.pdf,2026-10-10T14:48:31+09:00
ainet_loop,ZAR/JPY,2026-09-29,2026-09-30,1,10.0,-15.0,10000,JPY,confirmed,https://inet-sec.co.jp/study/fx-guide/swap-point/swap_zengetu.pdf,2026-10-10T14:48:31+09:00
ainet_loop,ZAR/JPY,2026-09-30,2026-10-01,3,30.0,-45.0,10000,JPY,confirmed,https://inet-sec.co.jp/study/fx-guide/swap-point/swap_zengetu.pdf,2026-10-10T14:48:31+09:00
ainet_loop,ZAR/JPY,2026-10-01,2026-10-02,1,5.0,-20.0,10000,JPY,confirmed,https://inet-sec.co.jp/study/fx-guide/swap-point/swap_tougetu.pdf,2026-10-10T14:48:33+09:00
ainet_loop,ZAR/JPY,2026-10-02,2026-10-05,1,5.0,-20.0,10000,JPY,confirmed,https://inet-sec.co.jp/study/fx-guide/swap-point/swap_tougetu.pdf,2026-10-10T14:48:33+09:00
ainet_loop,ZAR/JPY,2026-10-05,2026-10-06,1,5.0,-20.0,10000,JPY,confirmed,https://inet-sec.co.jp/study/fx-guide/swap-point/swap_tougetu.pdf,2026-10-10T14:48:33+09:00
ainet_loop,ZAR/JPY,2026-10-06,2026-10-07,1,5.0,-20.0,10000,JPY,confirmed,https://inet-sec.co.jp/study/fx-guide/swap-point/swap_tougetu.pdf,2026-10-10T14:48:33+09:00
ainet_loop,ZAR/JPY,2026-10-07,2026-10-08,4,20.0,-80.0,10000,JPY,confirmed,https://inet-sec.co.jp/study/fx-guide/swap-point/swap_tougetu.pdf,2026-10-10T14:48:33+09:00
ainet_loop,ZAR/JPY,2026-10-08,2026-10-09,1,5.0,-20.0,10000,JPY,confirmed,https://inet-sec.co.jp/study/fx-guide/swap-point/swap_tougetu.pdf,2026-10-10T14:48:33+09:00
ainet_loop,ZAR/JPY,2026-10-09,2026-10-12,0,0.0,0.0,10000,JPY,scheduled,https://inet-sec.co.jp/study/fx-guide/swap-point/swap_tougetu.pdf,2026-10-10T14:48:33+09:00
ainet_loop,ZAR/JPY,2026-10-12,2026-10-13,1,5.0,-20.0,10000,JPY,scheduled,https://inet-sec.co.jp/study/fx-guide/swap-point/swap_tougetu.pdf,2026-10-10T14:48:33+09:00
ainet_loop,ZAR/JPY,2026-10-13,2026-10-14,1,,,10000,JPY,scheduled,https://inet-sec.co.jp/study/fx-guide/swap-point/swap_tougetu.pdf,2026-10-10T14:48:33+09:00
ainet_loop,ZAR/JPY,2026-10-14,2026-10-15,3,,,10000,JPY,scheduled,https://inet-sec.co.jp/study/fx-guide/swap-point/swap_tougetu.pdf,2026-10-10T14:48:33+09:00
ainet_loop,ZAR/JPY,2026-10-15,2026-10-16,1,,,10000,JPY,scheduled,https://inet-sec.co.jp/study/fx-guide/swap-point/swap_tougetu.pdf,2026-10-10T14:48:33+09:00
ainet_loop,ZAR/JPY,2026-10-16,2026-10-19,1,,,10000,JPY,scheduled,https://inet-sec.co.jp/study/fx-guide/swap-point/swap_tougetu.pdf,2026-10-10T14:48:33+09:00
ainet_loop,ZAR/JPY,2026-10-19,2026-10-20,1,,,10000,JPY,scheduled,https://inet-sec.co.jp/study/fx-guide/swap-point/swap_tougetu.pdf,2026-10-10T14:48:33+09:00
ainet_loop,ZAR/JPY,2026-10-20,2026-10-21,1,,,10000,JPY,scheduled,https://inet-sec.co.jp/study/fx-guide/swap-point/swap_tougetu.pdf,2026-10-10T14:48:33+09:00
ainet_loop,ZAR/JPY,2026-10-21,2026-10-22,3,,,10000,JPY,scheduled,https://inet-sec.co.jp/study/fx-guide/swap-point/swap_tougetu.pdf,2026-10-10T14:48:33+09:00
ainet_loop,ZAR/JPY,2026-10-22,2026-10-23,1,,,10000,JPY,scheduled,https://inet-sec.co.jp/study/fx-guide/swap-point/swap_tougetu.pdf,2026-10-10T14:48:33+09:00
ainet_loop,ZAR/JPY,2026-10-23,2026-10-26,1,,,10000,JPY,scheduled,https://inet-sec.co.jp/study/fx-guide/swap-point/swap_tougetu.pdf,2026-10-10T14:48:33+09:00
ainet_loop,ZAR/JPY,2026-10-26,2026-10-27,1,,,10000,JPY,scheduled,https://inet-sec.co.jp/study/fx-guide/swap-point/swap_tougetu.pdf,2026-10-10T14:48:33+09:00
ainet_loop,ZAR/JPY,2026-10-27,2026-10-28,1,,,10000,JPY,scheduled,https://inet-sec.co.jp/study/fx-guide/swap-point/swap_tougetu.pdf,2026-10-10T14:48:33+09:00
ainet_loop,ZAR/JPY,2026-10-28,2026-10-29,3,,,10000,JPY,scheduled,https://inet-sec.co.jp/study/fx-guide/swap-point/swap_tougetu.pdf,2026-10-10T14:48:33+09:00
ainet_loop,ZAR/JPY,2026-10-29,2026-10-30,3,,,10000,JPY,scheduled,https://inet-sec.co.jp/study/fx-guide/swap-point/swap_tougetu.pdf,2026-10-10T14:48:33+09:00
ainet_loop,ZAR/JPY,2026-10-30,2026-11-02,0,,,10000,JPY,scheduled,https://inet-sec.co.jp/study/fx-guide/swap-point/swap_tougetu.pdf,2026-10-10T14:48:33+09:00
