broker,pair,trade_date,effective_date,sp_days,long_swap_jpy,short_swap_jpy,unit,swap_currency,status,source,fetched_at
dmm_fx,AUD/JPY,2026-08-03,2026-08-03,0,0.0,0.0,10000,JPY,confirmed,https://fx.dmm.com/api/fx/swap/swapcalendar_AUD_JPY.json,2026-09-30T14:29:23+09:00
dmm_fx,AUD/JPY,2026-08-04,2026-08-04,1,105.0,-108.0,10000,JPY,confirmed,https://fx.dmm.com/api/fx/swap/swapcalendar_AUD_JPY.json,2026-09-30T14:29:23+09:00
dmm_fx,AUD/JPY,2026-08-05,2026-08-05,1,98.0,-101.0,10000,JPY,confirmed,https://fx.dmm.com/api/fx/swap/swapcalendar_AUD_JPY.json,2026-09-30T14:29:23+09:00
dmm_fx,AUD/JPY,2026-08-06,2026-08-06,3,294.0,-303.0,10000,JPY,confirmed,https://fx.dmm.com/api/fx/swap/swapcalendar_AUD_JPY.json,2026-09-30T14:29:23+09:00
dmm_fx,AUD/JPY,2026-08-07,2026-08-07,2,196.0,-202.0,10000,JPY,confirmed,https://fx.dmm.com/api/fx/swap/swapcalendar_AUD_JPY.json,2026-09-30T14:29:23+09:00
dmm_fx,AUD/JPY,2026-08-10,2026-08-10,1,98.0,-101.0,10000,JPY,confirmed,https://fx.dmm.com/api/fx/swap/swapcalendar_AUD_JPY.json,2026-09-30T14:29:23+09:00
dmm_fx,AUD/JPY,2026-08-11,2026-08-11,0,0.0,0.0,10000,JPY,confirmed,https://fx.dmm.com/api/fx/swap/swapcalendar_AUD_JPY.json,2026-09-30T14:29:23+09:00
dmm_fx,AUD/JPY,2026-08-12,2026-08-12,1,98.0,-101.0,10000,JPY,confirmed,https://fx.dmm.com/api/fx/swap/swapcalendar_AUD_JPY.json,2026-09-30T14:29:23+09:00
dmm_fx,AUD/JPY,2026-08-13,2026-08-13,3,300.0,-309.0,10000,JPY,confirmed,https://fx.dmm.com/api/fx/swap/swapcalendar_AUD_JPY.json,2026-09-30T14:29:23+09:00
dmm_fx,AUD/JPY,2026-08-14,2026-08-14,1,100.0,-103.0,10000,JPY,confirmed,https://fx.dmm.com/api/fx/swap/swapcalendar_AUD_JPY.json,2026-09-30T14:29:23+09:00
dmm_fx,AUD/JPY,2026-08-17,2026-08-17,1,99.0,-102.0,10000,JPY,confirmed,https://fx.dmm.com/api/fx/swap/swapcalendar_AUD_JPY.json,2026-09-30T14:29:23+09:00
dmm_fx,AUD/JPY,2026-08-18,2026-08-18,1,99.0,-102.0,10000,JPY,confirmed,https://fx.dmm.com/api/fx/swap/swapcalendar_AUD_JPY.json,2026-09-30T14:29:23+09:00
dmm_fx,AUD/JPY,2026-08-19,2026-08-19,1,99.0,-102.0,10000,JPY,confirmed,https://fx.dmm.com/api/fx/swap/swapcalendar_AUD_JPY.json,2026-09-30T14:29:23+09:00
dmm_fx,AUD/JPY,2026-08-20,2026-08-20,3,297.0,-306.0,10000,JPY,confirmed,https://fx.dmm.com/api/fx/swap/swapcalendar_AUD_JPY.json,2026-09-30T14:29:23+09:00
dmm_fx,AUD/JPY,2026-08-21,2026-08-21,1,95.0,-98.0,10000,JPY,confirmed,https://fx.dmm.com/api/fx/swap/swapcalendar_AUD_JPY.json,2026-09-30T14:29:23+09:00
dmm_fx,AUD/JPY,2026-08-24,2026-08-24,1,95.0,-98.0,10000,JPY,confirmed,https://fx.dmm.com/api/fx/swap/swapcalendar_AUD_JPY.json,2026-09-30T14:29:23+09:00
dmm_fx,AUD/JPY,2026-08-25,2026-08-25,1,97.0,-100.0,10000,JPY,confirmed,https://fx.dmm.com/api/fx/swap/swapcalendar_AUD_JPY.json,2026-09-30T14:29:23+09:00
dmm_fx,AUD/JPY,2026-08-26,2026-08-26,1,102.0,-105.0,10000,JPY,confirmed,https://fx.dmm.com/api/fx/swap/swapcalendar_AUD_JPY.json,2026-09-30T14:29:23+09:00
dmm_fx,AUD/JPY,2026-08-27,2026-08-27,3,300.0,-309.0,10000,JPY,confirmed,https://fx.dmm.com/api/fx/swap/swapcalendar_AUD_JPY.json,2026-09-30T14:29:23+09:00
dmm_fx,AUD/JPY,2026-08-28,2026-08-28,1,100.0,-103.0,10000,JPY,confirmed,https://fx.dmm.com/api/fx/swap/swapcalendar_AUD_JPY.json,2026-09-30T14:29:23+09:00
dmm_fx,AUD/JPY,2026-08-31,2026-08-31,1,100.0,-103.0,10000,JPY,confirmed,https://fx.dmm.com/api/fx/swap/swapcalendar_AUD_JPY.json,2026-09-30T14:29:23+09:00
dmm_fx,AUD/JPY,2026-09-01,2026-09-01,1,104.0,-107.0,10000,JPY,confirmed,https://fx.dmm.com/api/fx/swap/swapcalendar_AUD_JPY.json,2026-09-30T14:29:23+09:00
dmm_fx,AUD/JPY,2026-09-02,2026-09-02,1,104.0,-107.0,10000,JPY,confirmed,https://fx.dmm.com/api/fx/swap/swapcalendar_AUD_JPY.json,2026-09-30T14:29:23+09:00
dmm_fx,AUD/JPY,2026-09-03,2026-09-03,4,412.0,-424.0,10000,JPY,confirmed,https://fx.dmm.com/api/fx/swap/swapcalendar_AUD_JPY.json,2026-09-30T14:29:23+09:00
dmm_fx,AUD/JPY,2026-09-04,2026-09-04,0,0.0,0.0,10000,JPY,confirmed,https://fx.dmm.com/api/fx/swap/swapcalendar_AUD_JPY.json,2026-09-30T14:29:23+09:00
dmm_fx,AUD/JPY,2026-09-07,2026-09-07,1,95.0,-98.0,10000,JPY,confirmed,https://fx.dmm.com/api/fx/swap/swapcalendar_AUD_JPY.json,2026-09-30T14:29:23+09:00
dmm_fx,AUD/JPY,2026-09-08,2026-09-08,1,95.0,-98.0,10000,JPY,confirmed,https://fx.dmm.com/api/fx/swap/swapcalendar_AUD_JPY.json,2026-09-30T14:29:23+09:00
dmm_fx,AUD/JPY,2026-09-09,2026-09-09,1,91.0,-94.0,10000,JPY,confirmed,https://fx.dmm.com/api/fx/swap/swapcalendar_AUD_JPY.json,2026-09-30T14:29:23+09:00
dmm_fx,AUD/JPY,2026-09-10,2026-09-10,3,273.0,-282.0,10000,JPY,confirmed,https://fx.dmm.com/api/fx/swap/swapcalendar_AUD_JPY.json,2026-09-30T14:29:23+09:00
dmm_fx,AUD/JPY,2026-09-11,2026-09-11,1,93.0,-96.0,10000,JPY,confirmed,https://fx.dmm.com/api/fx/swap/swapcalendar_AUD_JPY.json,2026-09-30T14:29:23+09:00
dmm_fx,AUD/JPY,2026-09-14,2026-09-14,1,93.0,-96.0,10000,JPY,confirmed,https://fx.dmm.com/api/fx/swap/swapcalendar_AUD_JPY.json,2026-09-30T14:29:23+09:00
dmm_fx,AUD/JPY,2026-09-15,2026-09-15,1,94.0,-97.0,10000,JPY,confirmed,https://fx.dmm.com/api/fx/swap/swapcalendar_AUD_JPY.json,2026-09-30T14:29:23+09:00
dmm_fx,AUD/JPY,2026-09-16,2026-09-16,1,94.0,-97.0,10000,JPY,confirmed,https://fx.dmm.com/api/fx/swap/swapcalendar_AUD_JPY.json,2026-09-30T14:29:23+09:00
dmm_fx,AUD/JPY,2026-09-17,2026-09-17,6,564.0,-582.0,10000,JPY,confirmed,https://fx.dmm.com/api/fx/swap/swapcalendar_AUD_JPY.json,2026-09-30T14:29:23+09:00
dmm_fx,AUD/JPY,2026-09-18,2026-09-18,1,94.0,-97.0,10000,JPY,confirmed,https://fx.dmm.com/api/fx/swap/swapcalendar_AUD_JPY.json,2026-09-30T14:29:23+09:00
dmm_fx,AUD/JPY,2026-09-21,2026-09-21,0,0.0,0.0,10000,JPY,confirmed,https://fx.dmm.com/api/fx/swap/swapcalendar_AUD_JPY.json,2026-09-30T14:29:23+09:00
dmm_fx,AUD/JPY,2026-09-22,2026-09-22,0,0.0,0.0,10000,JPY,confirmed,https://fx.dmm.com/api/fx/swap/swapcalendar_AUD_JPY.json,2026-09-30T14:29:23+09:00
dmm_fx,AUD/JPY,2026-09-23,2026-09-23,0,0.0,0.0,10000,JPY,confirmed,https://fx.dmm.com/api/fx/swap/swapcalendar_AUD_JPY.json,2026-09-30T14:29:23+09:00
dmm_fx,AUD/JPY,2026-09-24,2026-09-24,3,270.0,-279.0,10000,JPY,confirmed,https://fx.dmm.com/api/fx/swap/swapcalendar_AUD_JPY.json,2026-09-30T14:29:23+09:00
dmm_fx,AUD/JPY,2026-09-25,2026-09-25,1,90.0,-93.0,10000,JPY,confirmed,https://fx.dmm.com/api/fx/swap/swapcalendar_AUD_JPY.json,2026-09-30T14:29:23+09:00
dmm_fx,AUD/JPY,2026-09-28,2026-09-28,1,90.0,-93.0,10000,JPY,confirmed,https://fx.dmm.com/api/fx/swap/swapcalendar_AUD_JPY.json,2026-09-30T14:29:23+09:00
dmm_fx,AUD/JPY,2026-09-29,2026-09-29,1,90.0,-93.0,10000,JPY,confirmed,https://fx.dmm.com/api/fx/swap/swapcalendar_AUD_JPY.json,2026-09-30T14:29:23+09:00
dmm_fx,AUD/JPY,2026-09-30,2026-09-30,1,90.0,-93.0,10000,JPY,confirmed,https://fx.dmm.com/api/fx/swap/swapcalendar_AUD_JPY.json,2026-09-30T14:29:23+09:00
dmm_fx,AUD/JPY,2026-10-01,2026-10-01,4,368.0,-380.0,10000,JPY,scheduled,https://fx.dmm.com/api/fx/swap/swapcalendar_AUD_JPY.json,2026-09-30T14:29:23+09:00
dmm_fx,AUD/NZD,2026-08-03,2026-08-03,0,0.0,0.0,10000,JPY,confirmed,https://fx.dmm.com/api/fx/swap/swapcalendar_AUD_NZD.json,2026-09-30T14:29:26+09:00
dmm_fx,AUD/NZD,2026-08-04,2026-08-04,1,54.0,-57.0,10000,JPY,confirmed,https://fx.dmm.com/api/fx/swap/swapcalendar_AUD_NZD.json,2026-09-30T14:29:26+09:00
dmm_fx,AUD/NZD,2026-08-05,2026-08-05,1,54.0,-57.0,10000,JPY,confirmed,https://fx.dmm.com/api/fx/swap/swapcalendar_AUD_NZD.json,2026-09-30T14:29:26+09:00
dmm_fx,AUD/NZD,2026-08-06,2026-08-06,3,162.0,-171.0,10000,JPY,confirmed,https://fx.dmm.com/api/fx/swap/swapcalendar_AUD_NZD.json,2026-09-30T14:29:26+09:00
dmm_fx,AUD/NZD,2026-08-07,2026-08-07,1,51.0,-54.0,10000,JPY,confirmed,https://fx.dmm.com/api/fx/swap/swapcalendar_AUD_NZD.json,2026-09-30T14:29:26+09:00
dmm_fx,AUD/NZD,2026-08-10,2026-08-10,1,51.0,-54.0,10000,JPY,confirmed,https://fx.dmm.com/api/fx/swap/swapcalendar_AUD_NZD.json,2026-09-30T14:29:26+09:00
dmm_fx,AUD/NZD,2026-08-11,2026-08-11,1,52.0,-55.0,10000,JPY,confirmed,https://fx.dmm.com/api/fx/swap/swapcalendar_AUD_NZD.json,2026-09-30T14:29:26+09:00
dmm_fx,AUD/NZD,2026-08-12,2026-08-12,1,52.0,-55.0,10000,JPY,confirmed,https://fx.dmm.com/api/fx/swap/swapcalendar_AUD_NZD.json,2026-09-30T14:29:26+09:00
dmm_fx,AUD/NZD,2026-08-13,2026-08-13,3,156.0,-165.0,10000,JPY,confirmed,https://fx.dmm.com/api/fx/swap/swapcalendar_AUD_NZD.json,2026-09-30T14:29:26+09:00
dmm_fx,AUD/NZD,2026-08-14,2026-08-14,1,52.0,-55.0,10000,JPY,confirmed,https://fx.dmm.com/api/fx/swap/swapcalendar_AUD_NZD.json,2026-09-30T14:29:26+09:00
dmm_fx,AUD/NZD,2026-08-17,2026-08-17,1,55.0,-58.0,10000,JPY,confirmed,https://fx.dmm.com/api/fx/swap/swapcalendar_AUD_NZD.json,2026-09-30T14:29:26+09:00
dmm_fx,AUD/NZD,2026-08-18,2026-08-18,1,55.0,-58.0,10000,JPY,confirmed,https://fx.dmm.com/api/fx/swap/swapcalendar_AUD_NZD.json,2026-09-30T14:29:26+09:00
dmm_fx,AUD/NZD,2026-08-19,2026-08-19,1,52.0,-55.0,10000,JPY,confirmed,https://fx.dmm.com/api/fx/swap/swapcalendar_AUD_NZD.json,2026-09-30T14:29:26+09:00
dmm_fx,AUD/NZD,2026-08-20,2026-08-20,3,156.0,-165.0,10000,JPY,confirmed,https://fx.dmm.com/api/fx/swap/swapcalendar_AUD_NZD.json,2026-09-30T14:29:26+09:00
dmm_fx,AUD/NZD,2026-08-21,2026-08-21,1,52.0,-55.0,10000,JPY,confirmed,https://fx.dmm.com/api/fx/swap/swapcalendar_AUD_NZD.json,2026-09-30T14:29:26+09:00
dmm_fx,AUD/NZD,2026-08-24,2026-08-24,1,50.0,-53.0,10000,JPY,confirmed,https://fx.dmm.com/api/fx/swap/swapcalendar_AUD_NZD.json,2026-09-30T14:29:26+09:00
dmm_fx,AUD/NZD,2026-08-25,2026-08-25,1,50.0,-53.0,10000,JPY,confirmed,https://fx.dmm.com/api/fx/swap/swapcalendar_AUD_NZD.json,2026-09-30T14:29:26+09:00
dmm_fx,AUD/NZD,2026-08-26,2026-08-26,1,50.0,-53.0,10000,JPY,confirmed,https://fx.dmm.com/api/fx/swap/swapcalendar_AUD_NZD.json,2026-09-30T14:29:26+09:00
dmm_fx,AUD/NZD,2026-08-27,2026-08-27,3,150.0,-159.0,10000,JPY,confirmed,https://fx.dmm.com/api/fx/swap/swapcalendar_AUD_NZD.json,2026-09-30T14:29:26+09:00
dmm_fx,AUD/NZD,2026-08-28,2026-08-28,1,49.0,-52.0,10000,JPY,confirmed,https://fx.dmm.com/api/fx/swap/swapcalendar_AUD_NZD.json,2026-09-30T14:29:26+09:00
dmm_fx,AUD/NZD,2026-08-31,2026-08-31,1,49.0,-52.0,10000,JPY,confirmed,https://fx.dmm.com/api/fx/swap/swapcalendar_AUD_NZD.json,2026-09-30T14:29:26+09:00
dmm_fx,AUD/NZD,2026-09-01,2026-09-01,1,49.0,-52.0,10000,JPY,confirmed,https://fx.dmm.com/api/fx/swap/swapcalendar_AUD_NZD.json,2026-09-30T14:29:26+09:00
dmm_fx,AUD/NZD,2026-09-02,2026-09-02,1,50.0,-53.0,10000,JPY,confirmed,https://fx.dmm.com/api/fx/swap/swapcalendar_AUD_NZD.json,2026-09-30T14:29:26+09:00
dmm_fx,AUD/NZD,2026-09-03,2026-09-03,4,200.0,-212.0,10000,JPY,confirmed,https://fx.dmm.com/api/fx/swap/swapcalendar_AUD_NZD.json,2026-09-30T14:29:26+09:00
dmm_fx,AUD/NZD,2026-09-04,2026-09-04,0,0.0,0.0,10000,JPY,confirmed,https://fx.dmm.com/api/fx/swap/swapcalendar_AUD_NZD.json,2026-09-30T14:29:26+09:00
dmm_fx,AUD/NZD,2026-09-07,2026-09-07,1,42.0,-45.0,10000,JPY,confirmed,https://fx.dmm.com/api/fx/swap/swapcalendar_AUD_NZD.json,2026-09-30T14:29:26+09:00
dmm_fx,AUD/NZD,2026-09-08,2026-09-08,1,42.0,-45.0,10000,JPY,confirmed,https://fx.dmm.com/api/fx/swap/swapcalendar_AUD_NZD.json,2026-09-30T14:29:26+09:00
dmm_fx,AUD/NZD,2026-09-09,2026-09-09,1,42.0,-45.0,10000,JPY,confirmed,https://fx.dmm.com/api/fx/swap/swapcalendar_AUD_NZD.json,2026-09-30T14:29:26+09:00
dmm_fx,AUD/NZD,2026-09-10,2026-09-10,3,126.0,-135.0,10000,JPY,confirmed,https://fx.dmm.com/api/fx/swap/swapcalendar_AUD_NZD.json,2026-09-30T14:29:26+09:00
dmm_fx,AUD/NZD,2026-09-11,2026-09-11,1,42.0,-45.0,10000,JPY,confirmed,https://fx.dmm.com/api/fx/swap/swapcalendar_AUD_NZD.json,2026-09-30T14:29:26+09:00
dmm_fx,AUD/NZD,2026-09-14,2026-09-14,1,45.0,-48.0,10000,JPY,confirmed,https://fx.dmm.com/api/fx/swap/swapcalendar_AUD_NZD.json,2026-09-30T14:29:26+09:00
dmm_fx,AUD/NZD,2026-09-15,2026-09-15,1,45.0,-48.0,10000,JPY,confirmed,https://fx.dmm.com/api/fx/swap/swapcalendar_AUD_NZD.json,2026-09-30T14:29:26+09:00
dmm_fx,AUD/NZD,2026-09-16,2026-09-16,1,45.0,-48.0,10000,JPY,confirmed,https://fx.dmm.com/api/fx/swap/swapcalendar_AUD_NZD.json,2026-09-30T14:29:26+09:00
dmm_fx,AUD/NZD,2026-09-17,2026-09-17,3,126.0,-135.0,10000,JPY,confirmed,https://fx.dmm.com/api/fx/swap/swapcalendar_AUD_NZD.json,2026-09-30T14:29:26+09:00
dmm_fx,AUD/NZD,2026-09-18,2026-09-18,1,46.0,-49.0,10000,JPY,confirmed,https://fx.dmm.com/api/fx/swap/swapcalendar_AUD_NZD.json,2026-09-30T14:29:26+09:00
dmm_fx,AUD/NZD,2026-09-21,2026-09-21,1,49.0,-52.0,10000,JPY,confirmed,https://fx.dmm.com/api/fx/swap/swapcalendar_AUD_NZD.json,2026-09-30T14:29:26+09:00
dmm_fx,AUD/NZD,2026-09-22,2026-09-22,1,49.0,-52.0,10000,JPY,confirmed,https://fx.dmm.com/api/fx/swap/swapcalendar_AUD_NZD.json,2026-09-30T14:29:26+09:00
dmm_fx,AUD/NZD,2026-09-23,2026-09-23,1,49.0,-52.0,10000,JPY,confirmed,https://fx.dmm.com/api/fx/swap/swapcalendar_AUD_NZD.json,2026-09-30T14:29:26+09:00
dmm_fx,AUD/NZD,2026-09-24,2026-09-24,3,144.0,-153.0,10000,JPY,confirmed,https://fx.dmm.com/api/fx/swap/swapcalendar_AUD_NZD.json,2026-09-30T14:29:26+09:00
dmm_fx,AUD/NZD,2026-09-25,2026-09-25,1,48.0,-51.0,10000,JPY,confirmed,https://fx.dmm.com/api/fx/swap/swapcalendar_AUD_NZD.json,2026-09-30T14:29:26+09:00
dmm_fx,AUD/NZD,2026-09-28,2026-09-28,1,48.0,-51.0,10000,JPY,confirmed,https://fx.dmm.com/api/fx/swap/swapcalendar_AUD_NZD.json,2026-09-30T14:29:26+09:00
dmm_fx,AUD/NZD,2026-09-29,2026-09-29,1,51.0,-54.0,10000,JPY,confirmed,https://fx.dmm.com/api/fx/swap/swapcalendar_AUD_NZD.json,2026-09-30T14:29:26+09:00
dmm_fx,AUD/NZD,2026-09-30,2026-09-30,1,56.0,-59.0,10000,JPY,confirmed,https://fx.dmm.com/api/fx/swap/swapcalendar_AUD_NZD.json,2026-09-30T14:29:26+09:00
dmm_fx,AUD/NZD,2026-10-01,2026-10-01,4,224.0,-236.0,10000,JPY,scheduled,https://fx.dmm.com/api/fx/swap/swapcalendar_AUD_NZD.json,2026-09-30T14:29:26+09:00
dmm_fx,AUD/USD,2026-08-03,2026-08-03,0,0.0,0.0,10000,JPY,confirmed,https://fx.dmm.com/api/fx/swap/swapcalendar_AUD_USD.json,2026-09-30T14:29:25+09:00
dmm_fx,AUD/USD,2026-08-04,2026-08-04,1,14.0,-17.0,10000,JPY,confirmed,https://fx.dmm.com/api/fx/swap/swapcalendar_AUD_USD.json,2026-09-30T14:29:25+09:00
dmm_fx,AUD/USD,2026-08-05,2026-08-05,1,14.0,-17.0,10000,JPY,confirmed,https://fx.dmm.com/api/fx/swap/swapcalendar_AUD_USD.json,2026-09-30T14:29:25+09:00
dmm_fx,AUD/USD,2026-08-06,2026-08-06,3,42.0,-51.0,10000,JPY,confirmed,https://fx.dmm.com/api/fx/swap/swapcalendar_AUD_USD.json,2026-09-30T14:29:25+09:00
dmm_fx,AUD/USD,2026-08-07,2026-08-07,1,14.0,-17.0,10000,JPY,confirmed,https://fx.dmm.com/api/fx/swap/swapcalendar_AUD_USD.json,2026-09-30T14:29:25+09:00
dmm_fx,AUD/USD,2026-08-10,2026-08-10,1,14.0,-17.0,10000,JPY,confirmed,https://fx.dmm.com/api/fx/swap/swapcalendar_AUD_USD.json,2026-09-30T14:29:25+09:00
dmm_fx,AUD/USD,2026-08-11,2026-08-11,1,14.0,-17.0,10000,JPY,confirmed,https://fx.dmm.com/api/fx/swap/swapcalendar_AUD_USD.json,2026-09-30T14:29:25+09:00
dmm_fx,AUD/USD,2026-08-12,2026-08-12,1,14.0,-17.0,10000,JPY,confirmed,https://fx.dmm.com/api/fx/swap/swapcalendar_AUD_USD.json,2026-09-30T14:29:25+09:00
dmm_fx,AUD/USD,2026-08-13,2026-08-13,3,42.0,-51.0,10000,JPY,confirmed,https://fx.dmm.com/api/fx/swap/swapcalendar_AUD_USD.json,2026-09-30T14:29:25+09:00
dmm_fx,AUD/USD,2026-08-14,2026-08-14,1,14.0,-17.0,10000,JPY,confirmed,https://fx.dmm.com/api/fx/swap/swapcalendar_AUD_USD.json,2026-09-30T14:29:25+09:00
dmm_fx,AUD/USD,2026-08-17,2026-08-17,1,14.0,-17.0,10000,JPY,confirmed,https://fx.dmm.com/api/fx/swap/swapcalendar_AUD_USD.json,2026-09-30T14:29:25+09:00
dmm_fx,AUD/USD,2026-08-18,2026-08-18,1,14.0,-17.0,10000,JPY,confirmed,https://fx.dmm.com/api/fx/swap/swapcalendar_AUD_USD.json,2026-09-30T14:29:25+09:00
dmm_fx,AUD/USD,2026-08-19,2026-08-19,1,14.0,-17.0,10000,JPY,confirmed,https://fx.dmm.com/api/fx/swap/swapcalendar_AUD_USD.json,2026-09-30T14:29:25+09:00
dmm_fx,AUD/USD,2026-08-20,2026-08-20,3,42.0,-51.0,10000,JPY,confirmed,https://fx.dmm.com/api/fx/swap/swapcalendar_AUD_USD.json,2026-09-30T14:29:25+09:00
dmm_fx,AUD/USD,2026-08-21,2026-08-21,1,12.0,-15.0,10000,JPY,confirmed,https://fx.dmm.com/api/fx/swap/swapcalendar_AUD_USD.json,2026-09-30T14:29:25+09:00
dmm_fx,AUD/USD,2026-08-24,2026-08-24,1,12.0,-15.0,10000,JPY,confirmed,https://fx.dmm.com/api/fx/swap/swapcalendar_AUD_USD.json,2026-09-30T14:29:25+09:00
dmm_fx,AUD/USD,2026-08-25,2026-08-25,1,15.0,-18.0,10000,JPY,confirmed,https://fx.dmm.com/api/fx/swap/swapcalendar_AUD_USD.json,2026-09-30T14:29:25+09:00
dmm_fx,AUD/USD,2026-08-26,2026-08-26,1,15.0,-18.0,10000,JPY,confirmed,https://fx.dmm.com/api/fx/swap/swapcalendar_AUD_USD.json,2026-09-30T14:29:25+09:00
dmm_fx,AUD/USD,2026-08-27,2026-08-27,3,45.0,-54.0,10000,JPY,confirmed,https://fx.dmm.com/api/fx/swap/swapcalendar_AUD_USD.json,2026-09-30T14:29:25+09:00
dmm_fx,AUD/USD,2026-08-28,2026-08-28,1,15.0,-18.0,10000,JPY,confirmed,https://fx.dmm.com/api/fx/swap/swapcalendar_AUD_USD.json,2026-09-30T14:29:25+09:00
dmm_fx,AUD/USD,2026-08-31,2026-08-31,1,15.0,-18.0,10000,JPY,confirmed,https://fx.dmm.com/api/fx/swap/swapcalendar_AUD_USD.json,2026-09-30T14:29:25+09:00
dmm_fx,AUD/USD,2026-09-01,2026-09-01,1,17.0,-20.0,10000,JPY,confirmed,https://fx.dmm.com/api/fx/swap/swapcalendar_AUD_USD.json,2026-09-30T14:29:25+09:00
dmm_fx,AUD/USD,2026-09-02,2026-09-02,1,17.0,-20.0,10000,JPY,confirmed,https://fx.dmm.com/api/fx/swap/swapcalendar_AUD_USD.json,2026-09-30T14:29:25+09:00
dmm_fx,AUD/USD,2026-09-03,2026-09-03,4,56.0,-68.0,10000,JPY,confirmed,https://fx.dmm.com/api/fx/swap/swapcalendar_AUD_USD.json,2026-09-30T14:29:25+09:00
dmm_fx,AUD/USD,2026-09-04,2026-09-04,0,0.0,0.0,10000,JPY,confirmed,https://fx.dmm.com/api/fx/swap/swapcalendar_AUD_USD.json,2026-09-30T14:29:25+09:00
dmm_fx,AUD/USD,2026-09-07,2026-09-07,1,12.0,-15.0,10000,JPY,confirmed,https://fx.dmm.com/api/fx/swap/swapcalendar_AUD_USD.json,2026-09-30T14:29:25+09:00
dmm_fx,AUD/USD,2026-09-08,2026-09-08,1,16.0,-19.0,10000,JPY,confirmed,https://fx.dmm.com/api/fx/swap/swapcalendar_AUD_USD.json,2026-09-30T14:29:25+09:00
dmm_fx,AUD/USD,2026-09-09,2026-09-09,1,16.0,-19.0,10000,JPY,confirmed,https://fx.dmm.com/api/fx/swap/swapcalendar_AUD_USD.json,2026-09-30T14:29:25+09:00
dmm_fx,AUD/USD,2026-09-10,2026-09-10,3,48.0,-57.0,10000,JPY,confirmed,https://fx.dmm.com/api/fx/swap/swapcalendar_AUD_USD.json,2026-09-30T14:29:25+09:00
dmm_fx,AUD/USD,2026-09-11,2026-09-11,1,16.0,-19.0,10000,JPY,confirmed,https://fx.dmm.com/api/fx/swap/swapcalendar_AUD_USD.json,2026-09-30T14:29:25+09:00
dmm_fx,AUD/USD,2026-09-14,2026-09-14,1,18.0,-21.0,10000,JPY,confirmed,https://fx.dmm.com/api/fx/swap/swapcalendar_AUD_USD.json,2026-09-30T14:29:25+09:00
dmm_fx,AUD/USD,2026-09-15,2026-09-15,1,15.0,-18.0,10000,JPY,confirmed,https://fx.dmm.com/api/fx/swap/swapcalendar_AUD_USD.json,2026-09-30T14:29:25+09:00
dmm_fx,AUD/USD,2026-09-16,2026-09-16,1,15.0,-18.0,10000,JPY,confirmed,https://fx.dmm.com/api/fx/swap/swapcalendar_AUD_USD.json,2026-09-30T14:29:25+09:00
dmm_fx,AUD/USD,2026-09-17,2026-09-17,3,45.0,-54.0,10000,JPY,confirmed,https://fx.dmm.com/api/fx/swap/swapcalendar_AUD_USD.json,2026-09-30T14:29:25+09:00
dmm_fx,AUD/USD,2026-09-18,2026-09-18,1,10.0,-13.0,10000,JPY,confirmed,https://fx.dmm.com/api/fx/swap/swapcalendar_AUD_USD.json,2026-09-30T14:29:25+09:00
dmm_fx,AUD/USD,2026-09-21,2026-09-21,1,10.0,-13.0,10000,JPY,confirmed,https://fx.dmm.com/api/fx/swap/swapcalendar_AUD_USD.json,2026-09-30T14:29:25+09:00
dmm_fx,AUD/USD,2026-09-22,2026-09-22,1,9.0,-12.0,10000,JPY,confirmed,https://fx.dmm.com/api/fx/swap/swapcalendar_AUD_USD.json,2026-09-30T14:29:25+09:00
dmm_fx,AUD/USD,2026-09-23,2026-09-23,1,7.0,-10.0,10000,JPY,confirmed,https://fx.dmm.com/api/fx/swap/swapcalendar_AUD_USD.json,2026-09-30T14:29:25+09:00
dmm_fx,AUD/USD,2026-09-24,2026-09-24,3,12.0,-21.0,10000,JPY,confirmed,https://fx.dmm.com/api/fx/swap/swapcalendar_AUD_USD.json,2026-09-30T14:29:25+09:00
dmm_fx,AUD/USD,2026-09-25,2026-09-25,1,4.0,-7.0,10000,JPY,confirmed,https://fx.dmm.com/api/fx/swap/swapcalendar_AUD_USD.json,2026-09-30T14:29:25+09:00
dmm_fx,AUD/USD,2026-09-28,2026-09-28,1,4.0,-7.0,10000,JPY,confirmed,https://fx.dmm.com/api/fx/swap/swapcalendar_AUD_USD.json,2026-09-30T14:29:25+09:00
dmm_fx,AUD/USD,2026-09-29,2026-09-29,1,4.0,-7.0,10000,JPY,confirmed,https://fx.dmm.com/api/fx/swap/swapcalendar_AUD_USD.json,2026-09-30T14:29:25+09:00
dmm_fx,AUD/USD,2026-09-30,2026-09-30,1,6.0,-9.0,10000,JPY,confirmed,https://fx.dmm.com/api/fx/swap/swapcalendar_AUD_USD.json,2026-09-30T14:29:25+09:00
dmm_fx,AUD/USD,2026-10-01,2026-10-01,4,24.0,-36.0,10000,JPY,scheduled,https://fx.dmm.com/api/fx/swap/swapcalendar_AUD_USD.json,2026-09-30T14:29:25+09:00
dmm_fx,CAD/JPY,2026-08-03,2026-08-03,1,40.0,-43.0,10000,JPY,confirmed,https://fx.dmm.com/api/fx/swap/swapcalendar_CAD_JPY.json,2026-09-30T14:29:23+09:00
dmm_fx,CAD/JPY,2026-08-04,2026-08-04,1,40.0,-43.0,10000,JPY,confirmed,https://fx.dmm.com/api/fx/swap/swapcalendar_CAD_JPY.json,2026-09-30T14:29:23+09:00
dmm_fx,CAD/JPY,2026-08-05,2026-08-05,1,35.0,-38.0,10000,JPY,confirmed,https://fx.dmm.com/api/fx/swap/swapcalendar_CAD_JPY.json,2026-09-30T14:29:23+09:00
dmm_fx,CAD/JPY,2026-08-06,2026-08-06,3,105.0,-114.0,10000,JPY,confirmed,https://fx.dmm.com/api/fx/swap/swapcalendar_CAD_JPY.json,2026-09-30T14:29:23+09:00
dmm_fx,CAD/JPY,2026-08-07,2026-08-07,2,70.0,-76.0,10000,JPY,confirmed,https://fx.dmm.com/api/fx/swap/swapcalendar_CAD_JPY.json,2026-09-30T14:29:23+09:00
dmm_fx,CAD/JPY,2026-08-10,2026-08-10,1,35.0,-38.0,10000,JPY,confirmed,https://fx.dmm.com/api/fx/swap/swapcalendar_CAD_JPY.json,2026-09-30T14:29:23+09:00
dmm_fx,CAD/JPY,2026-08-11,2026-08-11,0,0.0,0.0,10000,JPY,confirmed,https://fx.dmm.com/api/fx/swap/swapcalendar_CAD_JPY.json,2026-09-30T14:29:23+09:00
dmm_fx,CAD/JPY,2026-08-12,2026-08-12,1,36.0,-39.0,10000,JPY,confirmed,https://fx.dmm.com/api/fx/swap/swapcalendar_CAD_JPY.json,2026-09-30T14:29:23+09:00
dmm_fx,CAD/JPY,2026-08-13,2026-08-13,3,123.0,-132.0,10000,JPY,confirmed,https://fx.dmm.com/api/fx/swap/swapcalendar_CAD_JPY.json,2026-09-30T14:29:23+09:00
dmm_fx,CAD/JPY,2026-08-14,2026-08-14,1,41.0,-44.0,10000,JPY,confirmed,https://fx.dmm.com/api/fx/swap/swapcalendar_CAD_JPY.json,2026-09-30T14:29:23+09:00
dmm_fx,CAD/JPY,2026-08-17,2026-08-17,1,41.0,-44.0,10000,JPY,confirmed,https://fx.dmm.com/api/fx/swap/swapcalendar_CAD_JPY.json,2026-09-30T14:29:23+09:00
dmm_fx,CAD/JPY,2026-08-18,2026-08-18,1,41.0,-44.0,10000,JPY,confirmed,https://fx.dmm.com/api/fx/swap/swapcalendar_CAD_JPY.json,2026-09-30T14:29:23+09:00
dmm_fx,CAD/JPY,2026-08-19,2026-08-19,1,41.0,-44.0,10000,JPY,confirmed,https://fx.dmm.com/api/fx/swap/swapcalendar_CAD_JPY.json,2026-09-30T14:29:23+09:00
dmm_fx,CAD/JPY,2026-08-20,2026-08-20,3,123.0,-132.0,10000,JPY,confirmed,https://fx.dmm.com/api/fx/swap/swapcalendar_CAD_JPY.json,2026-09-30T14:29:23+09:00
dmm_fx,CAD/JPY,2026-08-21,2026-08-21,1,41.0,-44.0,10000,JPY,confirmed,https://fx.dmm.com/api/fx/swap/swapcalendar_CAD_JPY.json,2026-09-30T14:29:23+09:00
dmm_fx,CAD/JPY,2026-08-24,2026-08-24,1,39.0,-42.0,10000,JPY,confirmed,https://fx.dmm.com/api/fx/swap/swapcalendar_CAD_JPY.json,2026-09-30T14:29:23+09:00
dmm_fx,CAD/JPY,2026-08-25,2026-08-25,1,39.0,-42.0,10000,JPY,confirmed,https://fx.dmm.com/api/fx/swap/swapcalendar_CAD_JPY.json,2026-09-30T14:29:23+09:00
dmm_fx,CAD/JPY,2026-08-26,2026-08-26,1,39.0,-42.0,10000,JPY,confirmed,https://fx.dmm.com/api/fx/swap/swapcalendar_CAD_JPY.json,2026-09-30T14:29:23+09:00
dmm_fx,CAD/JPY,2026-08-27,2026-08-27,3,114.0,-123.0,10000,JPY,confirmed,https://fx.dmm.com/api/fx/swap/swapcalendar_CAD_JPY.json,2026-09-30T14:29:23+09:00
dmm_fx,CAD/JPY,2026-08-28,2026-08-28,1,38.0,-41.0,10000,JPY,confirmed,https://fx.dmm.com/api/fx/swap/swapcalendar_CAD_JPY.json,2026-09-30T14:29:23+09:00
dmm_fx,CAD/JPY,2026-08-31,2026-08-31,1,38.0,-41.0,10000,JPY,confirmed,https://fx.dmm.com/api/fx/swap/swapcalendar_CAD_JPY.json,2026-09-30T14:29:23+09:00
dmm_fx,CAD/JPY,2026-09-01,2026-09-01,1,38.0,-41.0,10000,JPY,confirmed,https://fx.dmm.com/api/fx/swap/swapcalendar_CAD_JPY.json,2026-09-30T14:29:23+09:00
dmm_fx,CAD/JPY,2026-09-02,2026-09-02,1,38.0,-41.0,10000,JPY,confirmed,https://fx.dmm.com/api/fx/swap/swapcalendar_CAD_JPY.json,2026-09-30T14:29:23+09:00
dmm_fx,CAD/JPY,2026-09-03,2026-09-03,4,156.0,-168.0,10000,JPY,confirmed,https://fx.dmm.com/api/fx/swap/swapcalendar_CAD_JPY.json,2026-09-30T14:29:23+09:00
dmm_fx,CAD/JPY,2026-09-04,2026-09-04,0,0.0,0.0,10000,JPY,confirmed,https://fx.dmm.com/api/fx/swap/swapcalendar_CAD_JPY.json,2026-09-30T14:29:23+09:00
dmm_fx,CAD/JPY,2026-09-07,2026-09-07,1,37.0,-40.0,10000,JPY,confirmed,https://fx.dmm.com/api/fx/swap/swapcalendar_CAD_JPY.json,2026-09-30T14:29:23+09:00
dmm_fx,CAD/JPY,2026-09-08,2026-09-08,1,37.0,-40.0,10000,JPY,confirmed,https://fx.dmm.com/api/fx/swap/swapcalendar_CAD_JPY.json,2026-09-30T14:29:23+09:00
dmm_fx,CAD/JPY,2026-09-09,2026-09-09,1,37.0,-40.0,10000,JPY,confirmed,https://fx.dmm.com/api/fx/swap/swapcalendar_CAD_JPY.json,2026-09-30T14:29:23+09:00
dmm_fx,CAD/JPY,2026-09-10,2026-09-10,3,111.0,-120.0,10000,JPY,confirmed,https://fx.dmm.com/api/fx/swap/swapcalendar_CAD_JPY.json,2026-09-30T14:29:23+09:00
dmm_fx,CAD/JPY,2026-09-11,2026-09-11,1,37.0,-40.0,10000,JPY,confirmed,https://fx.dmm.com/api/fx/swap/swapcalendar_CAD_JPY.json,2026-09-30T14:29:23+09:00
dmm_fx,CAD/JPY,2026-09-14,2026-09-14,1,37.0,-40.0,10000,JPY,confirmed,https://fx.dmm.com/api/fx/swap/swapcalendar_CAD_JPY.json,2026-09-30T14:29:23+09:00
dmm_fx,CAD/JPY,2026-09-15,2026-09-15,1,37.0,-40.0,10000,JPY,confirmed,https://fx.dmm.com/api/fx/swap/swapcalendar_CAD_JPY.json,2026-09-30T14:29:23+09:00
dmm_fx,CAD/JPY,2026-09-16,2026-09-16,1,37.0,-40.0,10000,JPY,confirmed,https://fx.dmm.com/api/fx/swap/swapcalendar_CAD_JPY.json,2026-09-30T14:29:23+09:00
dmm_fx,CAD/JPY,2026-09-17,2026-09-17,6,222.0,-240.0,10000,JPY,confirmed,https://fx.dmm.com/api/fx/swap/swapcalendar_CAD_JPY.json,2026-09-30T14:29:23+09:00
dmm_fx,CAD/JPY,2026-09-18,2026-09-18,1,37.0,-40.0,10000,JPY,confirmed,https://fx.dmm.com/api/fx/swap/swapcalendar_CAD_JPY.json,2026-09-30T14:29:23+09:00
dmm_fx,CAD/JPY,2026-09-21,2026-09-21,0,0.0,0.0,10000,JPY,confirmed,https://fx.dmm.com/api/fx/swap/swapcalendar_CAD_JPY.json,2026-09-30T14:29:23+09:00
dmm_fx,CAD/JPY,2026-09-22,2026-09-22,0,0.0,0.0,10000,JPY,confirmed,https://fx.dmm.com/api/fx/swap/swapcalendar_CAD_JPY.json,2026-09-30T14:29:23+09:00
dmm_fx,CAD/JPY,2026-09-23,2026-09-23,0,0.0,0.0,10000,JPY,confirmed,https://fx.dmm.com/api/fx/swap/swapcalendar_CAD_JPY.json,2026-09-30T14:29:23+09:00
dmm_fx,CAD/JPY,2026-09-24,2026-09-24,3,90.0,-99.0,10000,JPY,confirmed,https://fx.dmm.com/api/fx/swap/swapcalendar_CAD_JPY.json,2026-09-30T14:29:23+09:00
dmm_fx,CAD/JPY,2026-09-25,2026-09-25,1,30.0,-33.0,10000,JPY,confirmed,https://fx.dmm.com/api/fx/swap/swapcalendar_CAD_JPY.json,2026-09-30T14:29:23+09:00
dmm_fx,CAD/JPY,2026-09-28,2026-09-28,2,58.0,-64.0,10000,JPY,confirmed,https://fx.dmm.com/api/fx/swap/swapcalendar_CAD_JPY.json,2026-09-30T14:29:23+09:00
dmm_fx,CAD/JPY,2026-09-29,2026-09-29,0,0.0,0.0,10000,JPY,confirmed,https://fx.dmm.com/api/fx/swap/swapcalendar_CAD_JPY.json,2026-09-30T14:29:23+09:00
dmm_fx,CAD/JPY,2026-09-30,2026-09-30,1,29.0,-32.0,10000,JPY,confirmed,https://fx.dmm.com/api/fx/swap/swapcalendar_CAD_JPY.json,2026-09-30T14:29:23+09:00
dmm_fx,CAD/JPY,2026-10-01,2026-10-01,3,87.0,-96.0,10000,JPY,scheduled,https://fx.dmm.com/api/fx/swap/swapcalendar_CAD_JPY.json,2026-09-30T14:29:23+09:00
dmm_fx,CHF/JPY,2026-08-03,2026-08-03,1,-29.0,26.0,10000,JPY,confirmed,https://fx.dmm.com/api/fx/swap/swapcalendar_CHF_JPY.json,2026-09-30T14:29:23+09:00
dmm_fx,CHF/JPY,2026-08-04,2026-08-04,1,-29.0,26.0,10000,JPY,confirmed,https://fx.dmm.com/api/fx/swap/swapcalendar_CHF_JPY.json,2026-09-30T14:29:23+09:00
dmm_fx,CHF/JPY,2026-08-05,2026-08-05,1,-29.0,26.0,10000,JPY,confirmed,https://fx.dmm.com/api/fx/swap/swapcalendar_CHF_JPY.json,2026-09-30T14:29:23+09:00
dmm_fx,CHF/JPY,2026-08-06,2026-08-06,3,-87.0,78.0,10000,JPY,confirmed,https://fx.dmm.com/api/fx/swap/swapcalendar_CHF_JPY.json,2026-09-30T14:29:23+09:00
dmm_fx,CHF/JPY,2026-08-07,2026-08-07,2,-58.0,52.0,10000,JPY,confirmed,https://fx.dmm.com/api/fx/swap/swapcalendar_CHF_JPY.json,2026-09-30T14:29:23+09:00
dmm_fx,CHF/JPY,2026-08-10,2026-08-10,1,-29.0,26.0,10000,JPY,confirmed,https://fx.dmm.com/api/fx/swap/swapcalendar_CHF_JPY.json,2026-09-30T14:29:23+09:00
dmm_fx,CHF/JPY,2026-08-11,2026-08-11,0,0.0,0.0,10000,JPY,confirmed,https://fx.dmm.com/api/fx/swap/swapcalendar_CHF_JPY.json,2026-09-30T14:29:23+09:00
dmm_fx,CHF/JPY,2026-08-12,2026-08-12,1,-29.0,26.0,10000,JPY,confirmed,https://fx.dmm.com/api/fx/swap/swapcalendar_CHF_JPY.json,2026-09-30T14:29:23+09:00
dmm_fx,CHF/JPY,2026-08-13,2026-08-13,3,-87.0,78.0,10000,JPY,confirmed,https://fx.dmm.com/api/fx/swap/swapcalendar_CHF_JPY.json,2026-09-30T14:29:23+09:00
dmm_fx,CHF/JPY,2026-08-14,2026-08-14,1,-29.0,26.0,10000,JPY,confirmed,https://fx.dmm.com/api/fx/swap/swapcalendar_CHF_JPY.json,2026-09-30T14:29:23+09:00
dmm_fx,CHF/JPY,2026-08-17,2026-08-17,1,-29.0,26.0,10000,JPY,confirmed,https://fx.dmm.com/api/fx/swap/swapcalendar_CHF_JPY.json,2026-09-30T14:29:23+09:00
dmm_fx,CHF/JPY,2026-08-18,2026-08-18,1,-29.0,26.0,10000,JPY,confirmed,https://fx.dmm.com/api/fx/swap/swapcalendar_CHF_JPY.json,2026-09-30T14:29:23+09:00
dmm_fx,CHF/JPY,2026-08-19,2026-08-19,1,-32.0,29.0,10000,JPY,confirmed,https://fx.dmm.com/api/fx/swap/swapcalendar_CHF_JPY.json,2026-09-30T14:29:23+09:00
dmm_fx,CHF/JPY,2026-08-20,2026-08-20,3,-96.0,87.0,10000,JPY,confirmed,https://fx.dmm.com/api/fx/swap/swapcalendar_CHF_JPY.json,2026-09-30T14:29:23+09:00
dmm_fx,CHF/JPY,2026-08-21,2026-08-21,1,-32.0,29.0,10000,JPY,confirmed,https://fx.dmm.com/api/fx/swap/swapcalendar_CHF_JPY.json,2026-09-30T14:29:23+09:00
dmm_fx,CHF/JPY,2026-08-24,2026-08-24,1,-32.0,29.0,10000,JPY,confirmed,https://fx.dmm.com/api/fx/swap/swapcalendar_CHF_JPY.json,2026-09-30T14:29:23+09:00
dmm_fx,CHF/JPY,2026-08-25,2026-08-25,1,-32.0,29.0,10000,JPY,confirmed,https://fx.dmm.com/api/fx/swap/swapcalendar_CHF_JPY.json,2026-09-30T14:29:23+09:00
dmm_fx,CHF/JPY,2026-08-26,2026-08-26,1,-32.0,29.0,10000,JPY,confirmed,https://fx.dmm.com/api/fx/swap/swapcalendar_CHF_JPY.json,2026-09-30T14:29:23+09:00
dmm_fx,CHF/JPY,2026-08-27,2026-08-27,3,-96.0,87.0,10000,JPY,confirmed,https://fx.dmm.com/api/fx/swap/swapcalendar_CHF_JPY.json,2026-09-30T14:29:23+09:00
dmm_fx,CHF/JPY,2026-08-28,2026-08-28,1,-33.0,30.0,10000,JPY,confirmed,https://fx.dmm.com/api/fx/swap/swapcalendar_CHF_JPY.json,2026-09-30T14:29:23+09:00
dmm_fx,CHF/JPY,2026-08-31,2026-08-31,1,-33.0,30.0,10000,JPY,confirmed,https://fx.dmm.com/api/fx/swap/swapcalendar_CHF_JPY.json,2026-09-30T14:29:23+09:00
dmm_fx,CHF/JPY,2026-09-01,2026-09-01,1,-33.0,30.0,10000,JPY,confirmed,https://fx.dmm.com/api/fx/swap/swapcalendar_CHF_JPY.json,2026-09-30T14:29:23+09:00
dmm_fx,CHF/JPY,2026-09-02,2026-09-02,1,-33.0,30.0,10000,JPY,confirmed,https://fx.dmm.com/api/fx/swap/swapcalendar_CHF_JPY.json,2026-09-30T14:29:23+09:00
dmm_fx,CHF/JPY,2026-09-03,2026-09-03,4,-132.0,120.0,10000,JPY,confirmed,https://fx.dmm.com/api/fx/swap/swapcalendar_CHF_JPY.json,2026-09-30T14:29:23+09:00
dmm_fx,CHF/JPY,2026-09-04,2026-09-04,0,0.0,0.0,10000,JPY,confirmed,https://fx.dmm.com/api/fx/swap/swapcalendar_CHF_JPY.json,2026-09-30T14:29:23+09:00
dmm_fx,CHF/JPY,2026-09-07,2026-09-07,1,-33.0,30.0,10000,JPY,confirmed,https://fx.dmm.com/api/fx/swap/swapcalendar_CHF_JPY.json,2026-09-30T14:29:23+09:00
dmm_fx,CHF/JPY,2026-09-08,2026-09-08,1,-33.0,30.0,10000,JPY,confirmed,https://fx.dmm.com/api/fx/swap/swapcalendar_CHF_JPY.json,2026-09-30T14:29:23+09:00
dmm_fx,CHF/JPY,2026-09-09,2026-09-09,1,-33.0,30.0,10000,JPY,confirmed,https://fx.dmm.com/api/fx/swap/swapcalendar_CHF_JPY.json,2026-09-30T14:29:23+09:00
dmm_fx,CHF/JPY,2026-09-10,2026-09-10,3,-99.0,90.0,10000,JPY,confirmed,https://fx.dmm.com/api/fx/swap/swapcalendar_CHF_JPY.json,2026-09-30T14:29:23+09:00
dmm_fx,CHF/JPY,2026-09-11,2026-09-11,1,-33.0,30.0,10000,JPY,confirmed,https://fx.dmm.com/api/fx/swap/swapcalendar_CHF_JPY.json,2026-09-30T14:29:23+09:00
dmm_fx,CHF/JPY,2026-09-14,2026-09-14,1,-33.0,30.0,10000,JPY,confirmed,https://fx.dmm.com/api/fx/swap/swapcalendar_CHF_JPY.json,2026-09-30T14:29:23+09:00
dmm_fx,CHF/JPY,2026-09-15,2026-09-15,1,-33.0,30.0,10000,JPY,confirmed,https://fx.dmm.com/api/fx/swap/swapcalendar_CHF_JPY.json,2026-09-30T14:29:23+09:00
dmm_fx,CHF/JPY,2026-09-16,2026-09-16,1,-33.0,30.0,10000,JPY,confirmed,https://fx.dmm.com/api/fx/swap/swapcalendar_CHF_JPY.json,2026-09-30T14:29:23+09:00
dmm_fx,CHF/JPY,2026-09-17,2026-09-17,6,-198.0,180.0,10000,JPY,confirmed,https://fx.dmm.com/api/fx/swap/swapcalendar_CHF_JPY.json,2026-09-30T14:29:23+09:00
dmm_fx,CHF/JPY,2026-09-18,2026-09-18,1,-33.0,30.0,10000,JPY,confirmed,https://fx.dmm.com/api/fx/swap/swapcalendar_CHF_JPY.json,2026-09-30T14:29:23+09:00
dmm_fx,CHF/JPY,2026-09-21,2026-09-21,0,0.0,0.0,10000,JPY,confirmed,https://fx.dmm.com/api/fx/swap/swapcalendar_CHF_JPY.json,2026-09-30T14:29:23+09:00
dmm_fx,CHF/JPY,2026-09-22,2026-09-22,0,0.0,0.0,10000,JPY,confirmed,https://fx.dmm.com/api/fx/swap/swapcalendar_CHF_JPY.json,2026-09-30T14:29:23+09:00
dmm_fx,CHF/JPY,2026-09-23,2026-09-23,0,0.0,0.0,10000,JPY,confirmed,https://fx.dmm.com/api/fx/swap/swapcalendar_CHF_JPY.json,2026-09-30T14:29:23+09:00
dmm_fx,CHF/JPY,2026-09-24,2026-09-24,3,-99.0,90.0,10000,JPY,confirmed,https://fx.dmm.com/api/fx/swap/swapcalendar_CHF_JPY.json,2026-09-30T14:29:23+09:00
dmm_fx,CHF/JPY,2026-09-25,2026-09-25,1,-33.0,30.0,10000,JPY,confirmed,https://fx.dmm.com/api/fx/swap/swapcalendar_CHF_JPY.json,2026-09-30T14:29:23+09:00
dmm_fx,CHF/JPY,2026-09-28,2026-09-28,1,-33.0,30.0,10000,JPY,confirmed,https://fx.dmm.com/api/fx/swap/swapcalendar_CHF_JPY.json,2026-09-30T14:29:23+09:00
dmm_fx,CHF/JPY,2026-09-29,2026-09-29,1,-33.0,30.0,10000,JPY,confirmed,https://fx.dmm.com/api/fx/swap/swapcalendar_CHF_JPY.json,2026-09-30T14:29:23+09:00
dmm_fx,CHF/JPY,2026-09-30,2026-09-30,1,-33.0,30.0,10000,JPY,confirmed,https://fx.dmm.com/api/fx/swap/swapcalendar_CHF_JPY.json,2026-09-30T14:29:23+09:00
dmm_fx,CHF/JPY,2026-10-01,2026-10-01,3,-99.0,90.0,10000,JPY,scheduled,https://fx.dmm.com/api/fx/swap/swapcalendar_CHF_JPY.json,2026-09-30T14:29:23+09:00
dmm_fx,EUR/AUD,2026-08-03,2026-08-03,0,0.0,0.0,10000,JPY,confirmed,https://fx.dmm.com/api/fx/swap/swapcalendar_EUR_AUD.json,2026-09-30T14:29:25+09:00
dmm_fx,EUR/AUD,2026-08-04,2026-08-04,1,-97.0,94.0,10000,JPY,confirmed,https://fx.dmm.com/api/fx/swap/swapcalendar_EUR_AUD.json,2026-09-30T14:29:25+09:00
dmm_fx,EUR/AUD,2026-08-05,2026-08-05,1,-97.0,94.0,10000,JPY,confirmed,https://fx.dmm.com/api/fx/swap/swapcalendar_EUR_AUD.json,2026-09-30T14:29:25+09:00
dmm_fx,EUR/AUD,2026-08-06,2026-08-06,3,-291.0,282.0,10000,JPY,confirmed,https://fx.dmm.com/api/fx/swap/swapcalendar_EUR_AUD.json,2026-09-30T14:29:25+09:00
dmm_fx,EUR/AUD,2026-08-07,2026-08-07,1,-97.0,94.0,10000,JPY,confirmed,https://fx.dmm.com/api/fx/swap/swapcalendar_EUR_AUD.json,2026-09-30T14:29:25+09:00
dmm_fx,EUR/AUD,2026-08-10,2026-08-10,1,-97.0,94.0,10000,JPY,confirmed,https://fx.dmm.com/api/fx/swap/swapcalendar_EUR_AUD.json,2026-09-30T14:29:25+09:00
dmm_fx,EUR/AUD,2026-08-11,2026-08-11,1,-97.0,94.0,10000,JPY,confirmed,https://fx.dmm.com/api/fx/swap/swapcalendar_EUR_AUD.json,2026-09-30T14:29:25+09:00
dmm_fx,EUR/AUD,2026-08-12,2026-08-12,1,-97.0,94.0,10000,JPY,confirmed,https://fx.dmm.com/api/fx/swap/swapcalendar_EUR_AUD.json,2026-09-30T14:29:25+09:00
dmm_fx,EUR/AUD,2026-08-13,2026-08-13,3,-282.0,273.0,10000,JPY,confirmed,https://fx.dmm.com/api/fx/swap/swapcalendar_EUR_AUD.json,2026-09-30T14:29:25+09:00
dmm_fx,EUR/AUD,2026-08-14,2026-08-14,1,-94.0,91.0,10000,JPY,confirmed,https://fx.dmm.com/api/fx/swap/swapcalendar_EUR_AUD.json,2026-09-30T14:29:25+09:00
dmm_fx,EUR/AUD,2026-08-17,2026-08-17,1,-94.0,91.0,10000,JPY,confirmed,https://fx.dmm.com/api/fx/swap/swapcalendar_EUR_AUD.json,2026-09-30T14:29:25+09:00
dmm_fx,EUR/AUD,2026-08-18,2026-08-18,1,-94.0,91.0,10000,JPY,confirmed,https://fx.dmm.com/api/fx/swap/swapcalendar_EUR_AUD.json,2026-09-30T14:29:25+09:00
dmm_fx,EUR/AUD,2026-08-19,2026-08-19,1,-94.0,91.0,10000,JPY,confirmed,https://fx.dmm.com/api/fx/swap/swapcalendar_EUR_AUD.json,2026-09-30T14:29:25+09:00
dmm_fx,EUR/AUD,2026-08-20,2026-08-20,3,-282.0,273.0,10000,JPY,confirmed,https://fx.dmm.com/api/fx/swap/swapcalendar_EUR_AUD.json,2026-09-30T14:29:25+09:00
dmm_fx,EUR/AUD,2026-08-21,2026-08-21,1,-94.0,91.0,10000,JPY,confirmed,https://fx.dmm.com/api/fx/swap/swapcalendar_EUR_AUD.json,2026-09-30T14:29:25+09:00
dmm_fx,EUR/AUD,2026-08-24,2026-08-24,1,-94.0,91.0,10000,JPY,confirmed,https://fx.dmm.com/api/fx/swap/swapcalendar_EUR_AUD.json,2026-09-30T14:29:25+09:00
dmm_fx,EUR/AUD,2026-08-25,2026-08-25,1,-94.0,91.0,10000,JPY,confirmed,https://fx.dmm.com/api/fx/swap/swapcalendar_EUR_AUD.json,2026-09-30T14:29:25+09:00
dmm_fx,EUR/AUD,2026-08-26,2026-08-26,1,-94.0,91.0,10000,JPY,confirmed,https://fx.dmm.com/api/fx/swap/swapcalendar_EUR_AUD.json,2026-09-30T14:29:25+09:00
dmm_fx,EUR/AUD,2026-08-27,2026-08-27,3,-282.0,273.0,10000,JPY,confirmed,https://fx.dmm.com/api/fx/swap/swapcalendar_EUR_AUD.json,2026-09-30T14:29:25+09:00
dmm_fx,EUR/AUD,2026-08-28,2026-08-28,1,-94.0,91.0,10000,JPY,confirmed,https://fx.dmm.com/api/fx/swap/swapcalendar_EUR_AUD.json,2026-09-30T14:29:25+09:00
dmm_fx,EUR/AUD,2026-08-31,2026-08-31,1,-94.0,91.0,10000,JPY,confirmed,https://fx.dmm.com/api/fx/swap/swapcalendar_EUR_AUD.json,2026-09-30T14:29:25+09:00
dmm_fx,EUR/AUD,2026-09-01,2026-09-01,1,-94.0,91.0,10000,JPY,confirmed,https://fx.dmm.com/api/fx/swap/swapcalendar_EUR_AUD.json,2026-09-30T14:29:25+09:00
dmm_fx,EUR/AUD,2026-09-02,2026-09-02,1,-94.0,91.0,10000,JPY,confirmed,https://fx.dmm.com/api/fx/swap/swapcalendar_EUR_AUD.json,2026-09-30T14:29:25+09:00
dmm_fx,EUR/AUD,2026-09-03,2026-09-03,4,-376.0,364.0,10000,JPY,confirmed,https://fx.dmm.com/api/fx/swap/swapcalendar_EUR_AUD.json,2026-09-30T14:29:25+09:00
dmm_fx,EUR/AUD,2026-09-04,2026-09-04,0,0.0,0.0,10000,JPY,confirmed,https://fx.dmm.com/api/fx/swap/swapcalendar_EUR_AUD.json,2026-09-30T14:29:25+09:00
dmm_fx,EUR/AUD,2026-09-07,2026-09-07,1,-91.0,88.0,10000,JPY,confirmed,https://fx.dmm.com/api/fx/swap/swapcalendar_EUR_AUD.json,2026-09-30T14:29:25+09:00
dmm_fx,EUR/AUD,2026-09-08,2026-09-08,1,-91.0,88.0,10000,JPY,confirmed,https://fx.dmm.com/api/fx/swap/swapcalendar_EUR_AUD.json,2026-09-30T14:29:25+09:00
dmm_fx,EUR/AUD,2026-09-09,2026-09-09,1,-91.0,88.0,10000,JPY,confirmed,https://fx.dmm.com/api/fx/swap/swapcalendar_EUR_AUD.json,2026-09-30T14:29:25+09:00
dmm_fx,EUR/AUD,2026-09-10,2026-09-10,3,-273.0,264.0,10000,JPY,confirmed,https://fx.dmm.com/api/fx/swap/swapcalendar_EUR_AUD.json,2026-09-30T14:29:25+09:00
dmm_fx,EUR/AUD,2026-09-11,2026-09-11,1,-91.0,88.0,10000,JPY,confirmed,https://fx.dmm.com/api/fx/swap/swapcalendar_EUR_AUD.json,2026-09-30T14:29:25+09:00
dmm_fx,EUR/AUD,2026-09-14,2026-09-14,1,-91.0,88.0,10000,JPY,confirmed,https://fx.dmm.com/api/fx/swap/swapcalendar_EUR_AUD.json,2026-09-30T14:29:25+09:00
dmm_fx,EUR/AUD,2026-09-15,2026-09-15,1,-91.0,88.0,10000,JPY,confirmed,https://fx.dmm.com/api/fx/swap/swapcalendar_EUR_AUD.json,2026-09-30T14:29:25+09:00
dmm_fx,EUR/AUD,2026-09-16,2026-09-16,1,-91.0,88.0,10000,JPY,confirmed,https://fx.dmm.com/api/fx/swap/swapcalendar_EUR_AUD.json,2026-09-30T14:29:25+09:00
dmm_fx,EUR/AUD,2026-09-17,2026-09-17,3,-258.0,249.0,10000,JPY,confirmed,https://fx.dmm.com/api/fx/swap/swapcalendar_EUR_AUD.json,2026-09-30T14:29:25+09:00
dmm_fx,EUR/AUD,2026-09-18,2026-09-18,1,-86.0,83.0,10000,JPY,confirmed,https://fx.dmm.com/api/fx/swap/swapcalendar_EUR_AUD.json,2026-09-30T14:29:25+09:00
dmm_fx,EUR/AUD,2026-09-21,2026-09-21,1,-86.0,83.0,10000,JPY,confirmed,https://fx.dmm.com/api/fx/swap/swapcalendar_EUR_AUD.json,2026-09-30T14:29:25+09:00
dmm_fx,EUR/AUD,2026-09-22,2026-09-22,1,-86.0,83.0,10000,JPY,confirmed,https://fx.dmm.com/api/fx/swap/swapcalendar_EUR_AUD.json,2026-09-30T14:29:25+09:00
dmm_fx,EUR/AUD,2026-09-23,2026-09-23,1,-82.0,79.0,10000,JPY,confirmed,https://fx.dmm.com/api/fx/swap/swapcalendar_EUR_AUD.json,2026-09-30T14:29:25+09:00
dmm_fx,EUR/AUD,2026-09-24,2026-09-24,3,-246.0,237.0,10000,JPY,confirmed,https://fx.dmm.com/api/fx/swap/swapcalendar_EUR_AUD.json,2026-09-30T14:29:25+09:00
dmm_fx,EUR/AUD,2026-09-25,2026-09-25,1,-82.0,79.0,10000,JPY,confirmed,https://fx.dmm.com/api/fx/swap/swapcalendar_EUR_AUD.json,2026-09-30T14:29:25+09:00
dmm_fx,EUR/AUD,2026-09-28,2026-09-28,1,-82.0,79.0,10000,JPY,confirmed,https://fx.dmm.com/api/fx/swap/swapcalendar_EUR_AUD.json,2026-09-30T14:29:25+09:00
dmm_fx,EUR/AUD,2026-09-29,2026-09-29,1,-82.0,79.0,10000,JPY,confirmed,https://fx.dmm.com/api/fx/swap/swapcalendar_EUR_AUD.json,2026-09-30T14:29:25+09:00
dmm_fx,EUR/AUD,2026-09-30,2026-09-30,1,-86.0,83.0,10000,JPY,confirmed,https://fx.dmm.com/api/fx/swap/swapcalendar_EUR_AUD.json,2026-09-30T14:29:25+09:00
dmm_fx,EUR/AUD,2026-10-01,2026-10-01,4,-344.0,332.0,10000,JPY,scheduled,https://fx.dmm.com/api/fx/swap/swapcalendar_EUR_AUD.json,2026-09-30T14:29:25+09:00
dmm_fx,EUR/CHF,2026-08-03,2026-08-03,1,95.0,-98.0,10000,JPY,confirmed,https://fx.dmm.com/api/fx/swap/swapcalendar_EUR_CHF.json,2026-09-30T14:29:26+09:00
dmm_fx,EUR/CHF,2026-08-04,2026-08-04,1,95.0,-98.0,10000,JPY,confirmed,https://fx.dmm.com/api/fx/swap/swapcalendar_EUR_CHF.json,2026-09-30T14:29:26+09:00
dmm_fx,EUR/CHF,2026-08-05,2026-08-05,1,95.0,-98.0,10000,JPY,confirmed,https://fx.dmm.com/api/fx/swap/swapcalendar_EUR_CHF.json,2026-09-30T14:29:26+09:00
dmm_fx,EUR/CHF,2026-08-06,2026-08-06,3,285.0,-294.0,10000,JPY,confirmed,https://fx.dmm.com/api/fx/swap/swapcalendar_EUR_CHF.json,2026-09-30T14:29:26+09:00
dmm_fx,EUR/CHF,2026-08-07,2026-08-07,1,95.0,-98.0,10000,JPY,confirmed,https://fx.dmm.com/api/fx/swap/swapcalendar_EUR_CHF.json,2026-09-30T14:29:26+09:00
dmm_fx,EUR/CHF,2026-08-10,2026-08-10,1,95.0,-98.0,10000,JPY,confirmed,https://fx.dmm.com/api/fx/swap/swapcalendar_EUR_CHF.json,2026-09-30T14:29:26+09:00
dmm_fx,EUR/CHF,2026-08-11,2026-08-11,1,95.0,-98.0,10000,JPY,confirmed,https://fx.dmm.com/api/fx/swap/swapcalendar_EUR_CHF.json,2026-09-30T14:29:26+09:00
dmm_fx,EUR/CHF,2026-08-12,2026-08-12,1,95.0,-98.0,10000,JPY,confirmed,https://fx.dmm.com/api/fx/swap/swapcalendar_EUR_CHF.json,2026-09-30T14:29:26+09:00
dmm_fx,EUR/CHF,2026-08-13,2026-08-13,3,285.0,-294.0,10000,JPY,confirmed,https://fx.dmm.com/api/fx/swap/swapcalendar_EUR_CHF.json,2026-09-30T14:29:26+09:00
dmm_fx,EUR/CHF,2026-08-14,2026-08-14,1,95.0,-98.0,10000,JPY,confirmed,https://fx.dmm.com/api/fx/swap/swapcalendar_EUR_CHF.json,2026-09-30T14:29:26+09:00
dmm_fx,EUR/CHF,2026-08-17,2026-08-17,1,95.0,-98.0,10000,JPY,confirmed,https://fx.dmm.com/api/fx/swap/swapcalendar_EUR_CHF.json,2026-09-30T14:29:26+09:00
dmm_fx,EUR/CHF,2026-08-18,2026-08-18,1,95.0,-98.0,10000,JPY,confirmed,https://fx.dmm.com/api/fx/swap/swapcalendar_EUR_CHF.json,2026-09-30T14:29:26+09:00
dmm_fx,EUR/CHF,2026-08-19,2026-08-19,1,95.0,-98.0,10000,JPY,confirmed,https://fx.dmm.com/api/fx/swap/swapcalendar_EUR_CHF.json,2026-09-30T14:29:26+09:00
dmm_fx,EUR/CHF,2026-08-20,2026-08-20,3,285.0,-294.0,10000,JPY,confirmed,https://fx.dmm.com/api/fx/swap/swapcalendar_EUR_CHF.json,2026-09-30T14:29:26+09:00
dmm_fx,EUR/CHF,2026-08-21,2026-08-21,1,95.0,-98.0,10000,JPY,confirmed,https://fx.dmm.com/api/fx/swap/swapcalendar_EUR_CHF.json,2026-09-30T14:29:26+09:00
dmm_fx,EUR/CHF,2026-08-24,2026-08-24,1,95.0,-98.0,10000,JPY,confirmed,https://fx.dmm.com/api/fx/swap/swapcalendar_EUR_CHF.json,2026-09-30T14:29:26+09:00
dmm_fx,EUR/CHF,2026-08-25,2026-08-25,1,95.0,-98.0,10000,JPY,confirmed,https://fx.dmm.com/api/fx/swap/swapcalendar_EUR_CHF.json,2026-09-30T14:29:26+09:00
dmm_fx,EUR/CHF,2026-08-26,2026-08-26,1,95.0,-98.0,10000,JPY,confirmed,https://fx.dmm.com/api/fx/swap/swapcalendar_EUR_CHF.json,2026-09-30T14:29:26+09:00
dmm_fx,EUR/CHF,2026-08-27,2026-08-27,3,285.0,-294.0,10000,JPY,confirmed,https://fx.dmm.com/api/fx/swap/swapcalendar_EUR_CHF.json,2026-09-30T14:29:26+09:00
dmm_fx,EUR/CHF,2026-08-28,2026-08-28,1,95.0,-98.0,10000,JPY,confirmed,https://fx.dmm.com/api/fx/swap/swapcalendar_EUR_CHF.json,2026-09-30T14:29:26+09:00
dmm_fx,EUR/CHF,2026-08-31,2026-08-31,1,95.0,-98.0,10000,JPY,confirmed,https://fx.dmm.com/api/fx/swap/swapcalendar_EUR_CHF.json,2026-09-30T14:29:26+09:00
dmm_fx,EUR/CHF,2026-09-01,2026-09-01,1,95.0,-98.0,10000,JPY,confirmed,https://fx.dmm.com/api/fx/swap/swapcalendar_EUR_CHF.json,2026-09-30T14:29:26+09:00
dmm_fx,EUR/CHF,2026-09-02,2026-09-02,1,100.0,-103.0,10000,JPY,confirmed,https://fx.dmm.com/api/fx/swap/swapcalendar_EUR_CHF.json,2026-09-30T14:29:26+09:00
dmm_fx,EUR/CHF,2026-09-03,2026-09-03,4,400.0,-412.0,10000,JPY,confirmed,https://fx.dmm.com/api/fx/swap/swapcalendar_EUR_CHF.json,2026-09-30T14:29:26+09:00
dmm_fx,EUR/CHF,2026-09-04,2026-09-04,0,0.0,0.0,10000,JPY,confirmed,https://fx.dmm.com/api/fx/swap/swapcalendar_EUR_CHF.json,2026-09-30T14:29:26+09:00
dmm_fx,EUR/CHF,2026-09-07,2026-09-07,1,100.0,-103.0,10000,JPY,confirmed,https://fx.dmm.com/api/fx/swap/swapcalendar_EUR_CHF.json,2026-09-30T14:29:26+09:00
dmm_fx,EUR/CHF,2026-09-08,2026-09-08,1,100.0,-103.0,10000,JPY,confirmed,https://fx.dmm.com/api/fx/swap/swapcalendar_EUR_CHF.json,2026-09-30T14:29:26+09:00
dmm_fx,EUR/CHF,2026-09-09,2026-09-09,1,100.0,-103.0,10000,JPY,confirmed,https://fx.dmm.com/api/fx/swap/swapcalendar_EUR_CHF.json,2026-09-30T14:29:26+09:00
dmm_fx,EUR/CHF,2026-09-10,2026-09-10,3,300.0,-309.0,10000,JPY,confirmed,https://fx.dmm.com/api/fx/swap/swapcalendar_EUR_CHF.json,2026-09-30T14:29:26+09:00
dmm_fx,EUR/CHF,2026-09-11,2026-09-11,1,100.0,-103.0,10000,JPY,confirmed,https://fx.dmm.com/api/fx/swap/swapcalendar_EUR_CHF.json,2026-09-30T14:29:26+09:00
dmm_fx,EUR/CHF,2026-09-14,2026-09-14,1,100.0,-103.0,10000,JPY,confirmed,https://fx.dmm.com/api/fx/swap/swapcalendar_EUR_CHF.json,2026-09-30T14:29:26+09:00
dmm_fx,EUR/CHF,2026-09-15,2026-09-15,1,100.0,-103.0,10000,JPY,confirmed,https://fx.dmm.com/api/fx/swap/swapcalendar_EUR_CHF.json,2026-09-30T14:29:26+09:00
dmm_fx,EUR/CHF,2026-09-16,2026-09-16,1,100.0,-103.0,10000,JPY,confirmed,https://fx.dmm.com/api/fx/swap/swapcalendar_EUR_CHF.json,2026-09-30T14:29:26+09:00
dmm_fx,EUR/CHF,2026-09-17,2026-09-17,3,306.0,-315.0,10000,JPY,confirmed,https://fx.dmm.com/api/fx/swap/swapcalendar_EUR_CHF.json,2026-09-30T14:29:26+09:00
dmm_fx,EUR/CHF,2026-09-18,2026-09-18,1,102.0,-105.0,10000,JPY,confirmed,https://fx.dmm.com/api/fx/swap/swapcalendar_EUR_CHF.json,2026-09-30T14:29:26+09:00
dmm_fx,EUR/CHF,2026-09-21,2026-09-21,1,100.0,-103.0,10000,JPY,confirmed,https://fx.dmm.com/api/fx/swap/swapcalendar_EUR_CHF.json,2026-09-30T14:29:26+09:00
dmm_fx,EUR/CHF,2026-09-22,2026-09-22,1,100.0,-103.0,10000,JPY,confirmed,https://fx.dmm.com/api/fx/swap/swapcalendar_EUR_CHF.json,2026-09-30T14:29:26+09:00
dmm_fx,EUR/CHF,2026-09-23,2026-09-23,1,100.0,-103.0,10000,JPY,confirmed,https://fx.dmm.com/api/fx/swap/swapcalendar_EUR_CHF.json,2026-09-30T14:29:26+09:00
dmm_fx,EUR/CHF,2026-09-24,2026-09-24,3,300.0,-309.0,10000,JPY,confirmed,https://fx.dmm.com/api/fx/swap/swapcalendar_EUR_CHF.json,2026-09-30T14:29:26+09:00
dmm_fx,EUR/CHF,2026-09-25,2026-09-25,1,100.0,-103.0,10000,JPY,confirmed,https://fx.dmm.com/api/fx/swap/swapcalendar_EUR_CHF.json,2026-09-30T14:29:26+09:00
dmm_fx,EUR/CHF,2026-09-28,2026-09-28,1,100.0,-103.0,10000,JPY,confirmed,https://fx.dmm.com/api/fx/swap/swapcalendar_EUR_CHF.json,2026-09-30T14:29:26+09:00
dmm_fx,EUR/CHF,2026-09-29,2026-09-29,1,102.0,-105.0,10000,JPY,confirmed,https://fx.dmm.com/api/fx/swap/swapcalendar_EUR_CHF.json,2026-09-30T14:29:26+09:00
dmm_fx,EUR/CHF,2026-09-30,2026-09-30,1,104.0,-107.0,10000,JPY,confirmed,https://fx.dmm.com/api/fx/swap/swapcalendar_EUR_CHF.json,2026-09-30T14:29:26+09:00
dmm_fx,EUR/CHF,2026-10-01,2026-10-01,3,312.0,-321.0,10000,JPY,scheduled,https://fx.dmm.com/api/fx/swap/swapcalendar_EUR_CHF.json,2026-09-30T14:29:26+09:00
dmm_fx,EUR/GBP,2026-08-03,2026-08-03,1,-74.0,71.0,10000,JPY,confirmed,https://fx.dmm.com/api/fx/swap/swapcalendar_EUR_GBP.json,2026-09-30T14:29:25+09:00
dmm_fx,EUR/GBP,2026-08-04,2026-08-04,1,-74.0,71.0,10000,JPY,confirmed,https://fx.dmm.com/api/fx/swap/swapcalendar_EUR_GBP.json,2026-09-30T14:29:25+09:00
dmm_fx,EUR/GBP,2026-08-05,2026-08-05,1,-74.0,71.0,10000,JPY,confirmed,https://fx.dmm.com/api/fx/swap/swapcalendar_EUR_GBP.json,2026-09-30T14:29:25+09:00
dmm_fx,EUR/GBP,2026-08-06,2026-08-06,3,-222.0,213.0,10000,JPY,confirmed,https://fx.dmm.com/api/fx/swap/swapcalendar_EUR_GBP.json,2026-09-30T14:29:25+09:00
dmm_fx,EUR/GBP,2026-08-07,2026-08-07,1,-74.0,71.0,10000,JPY,confirmed,https://fx.dmm.com/api/fx/swap/swapcalendar_EUR_GBP.json,2026-09-30T14:29:25+09:00
dmm_fx,EUR/GBP,2026-08-10,2026-08-10,1,-74.0,71.0,10000,JPY,confirmed,https://fx.dmm.com/api/fx/swap/swapcalendar_EUR_GBP.json,2026-09-30T14:29:25+09:00
dmm_fx,EUR/GBP,2026-08-11,2026-08-11,1,-74.0,71.0,10000,JPY,confirmed,https://fx.dmm.com/api/fx/swap/swapcalendar_EUR_GBP.json,2026-09-30T14:29:25+09:00
dmm_fx,EUR/GBP,2026-08-12,2026-08-12,1,-74.0,71.0,10000,JPY,confirmed,https://fx.dmm.com/api/fx/swap/swapcalendar_EUR_GBP.json,2026-09-30T14:29:25+09:00
dmm_fx,EUR/GBP,2026-08-13,2026-08-13,3,-222.0,213.0,10000,JPY,confirmed,https://fx.dmm.com/api/fx/swap/swapcalendar_EUR_GBP.json,2026-09-30T14:29:25+09:00
dmm_fx,EUR/GBP,2026-08-14,2026-08-14,1,-74.0,71.0,10000,JPY,confirmed,https://fx.dmm.com/api/fx/swap/swapcalendar_EUR_GBP.json,2026-09-30T14:29:25+09:00
dmm_fx,EUR/GBP,2026-08-17,2026-08-17,1,-73.0,70.0,10000,JPY,confirmed,https://fx.dmm.com/api/fx/swap/swapcalendar_EUR_GBP.json,2026-09-30T14:29:25+09:00
dmm_fx,EUR/GBP,2026-08-18,2026-08-18,1,-73.0,70.0,10000,JPY,confirmed,https://fx.dmm.com/api/fx/swap/swapcalendar_EUR_GBP.json,2026-09-30T14:29:25+09:00
dmm_fx,EUR/GBP,2026-08-19,2026-08-19,1,-73.0,70.0,10000,JPY,confirmed,https://fx.dmm.com/api/fx/swap/swapcalendar_EUR_GBP.json,2026-09-30T14:29:25+09:00
dmm_fx,EUR/GBP,2026-08-20,2026-08-20,3,-219.0,210.0,10000,JPY,confirmed,https://fx.dmm.com/api/fx/swap/swapcalendar_EUR_GBP.json,2026-09-30T14:29:25+09:00
dmm_fx,EUR/GBP,2026-08-21,2026-08-21,1,-73.0,70.0,10000,JPY,confirmed,https://fx.dmm.com/api/fx/swap/swapcalendar_EUR_GBP.json,2026-09-30T14:29:25+09:00
dmm_fx,EUR/GBP,2026-08-24,2026-08-24,1,-73.0,70.0,10000,JPY,confirmed,https://fx.dmm.com/api/fx/swap/swapcalendar_EUR_GBP.json,2026-09-30T14:29:25+09:00
dmm_fx,EUR/GBP,2026-08-25,2026-08-25,1,-73.0,70.0,10000,JPY,confirmed,https://fx.dmm.com/api/fx/swap/swapcalendar_EUR_GBP.json,2026-09-30T14:29:25+09:00
dmm_fx,EUR/GBP,2026-08-26,2026-08-26,1,-73.0,70.0,10000,JPY,confirmed,https://fx.dmm.com/api/fx/swap/swapcalendar_EUR_GBP.json,2026-09-30T14:29:25+09:00
dmm_fx,EUR/GBP,2026-08-27,2026-08-27,4,-292.0,280.0,10000,JPY,confirmed,https://fx.dmm.com/api/fx/swap/swapcalendar_EUR_GBP.json,2026-09-30T14:29:25+09:00
dmm_fx,EUR/GBP,2026-08-28,2026-08-28,1,-73.0,70.0,10000,JPY,confirmed,https://fx.dmm.com/api/fx/swap/swapcalendar_EUR_GBP.json,2026-09-30T14:29:25+09:00
dmm_fx,EUR/GBP,2026-08-31,2026-08-31,0,0.0,0.0,10000,JPY,confirmed,https://fx.dmm.com/api/fx/swap/swapcalendar_EUR_GBP.json,2026-09-30T14:29:25+09:00
dmm_fx,EUR/GBP,2026-09-01,2026-09-01,1,-73.0,70.0,10000,JPY,confirmed,https://fx.dmm.com/api/fx/swap/swapcalendar_EUR_GBP.json,2026-09-30T14:29:25+09:00
dmm_fx,EUR/GBP,2026-09-02,2026-09-02,1,-73.0,70.0,10000,JPY,confirmed,https://fx.dmm.com/api/fx/swap/swapcalendar_EUR_GBP.json,2026-09-30T14:29:25+09:00
dmm_fx,EUR/GBP,2026-09-03,2026-09-03,4,-292.0,280.0,10000,JPY,confirmed,https://fx.dmm.com/api/fx/swap/swapcalendar_EUR_GBP.json,2026-09-30T14:29:25+09:00
dmm_fx,EUR/GBP,2026-09-04,2026-09-04,0,0.0,0.0,10000,JPY,confirmed,https://fx.dmm.com/api/fx/swap/swapcalendar_EUR_GBP.json,2026-09-30T14:29:25+09:00
dmm_fx,EUR/GBP,2026-09-07,2026-09-07,1,-72.0,69.0,10000,JPY,confirmed,https://fx.dmm.com/api/fx/swap/swapcalendar_EUR_GBP.json,2026-09-30T14:29:25+09:00
dmm_fx,EUR/GBP,2026-09-08,2026-09-08,1,-72.0,69.0,10000,JPY,confirmed,https://fx.dmm.com/api/fx/swap/swapcalendar_EUR_GBP.json,2026-09-30T14:29:25+09:00
dmm_fx,EUR/GBP,2026-09-09,2026-09-09,1,-72.0,69.0,10000,JPY,confirmed,https://fx.dmm.com/api/fx/swap/swapcalendar_EUR_GBP.json,2026-09-30T14:29:25+09:00
dmm_fx,EUR/GBP,2026-09-10,2026-09-10,3,-213.0,204.0,10000,JPY,confirmed,https://fx.dmm.com/api/fx/swap/swapcalendar_EUR_GBP.json,2026-09-30T14:29:25+09:00
dmm_fx,EUR/GBP,2026-09-11,2026-09-11,1,-71.0,68.0,10000,JPY,confirmed,https://fx.dmm.com/api/fx/swap/swapcalendar_EUR_GBP.json,2026-09-30T14:29:25+09:00
dmm_fx,EUR/GBP,2026-09-14,2026-09-14,1,-71.0,68.0,10000,JPY,confirmed,https://fx.dmm.com/api/fx/swap/swapcalendar_EUR_GBP.json,2026-09-30T14:29:25+09:00
dmm_fx,EUR/GBP,2026-09-15,2026-09-15,1,-71.0,68.0,10000,JPY,confirmed,https://fx.dmm.com/api/fx/swap/swapcalendar_EUR_GBP.json,2026-09-30T14:29:25+09:00
dmm_fx,EUR/GBP,2026-09-16,2026-09-16,1,-71.0,68.0,10000,JPY,confirmed,https://fx.dmm.com/api/fx/swap/swapcalendar_EUR_GBP.json,2026-09-30T14:29:25+09:00
dmm_fx,EUR/GBP,2026-09-17,2026-09-17,3,-189.0,180.0,10000,JPY,confirmed,https://fx.dmm.com/api/fx/swap/swapcalendar_EUR_GBP.json,2026-09-30T14:29:25+09:00
dmm_fx,EUR/GBP,2026-09-18,2026-09-18,1,-58.0,55.0,10000,JPY,confirmed,https://fx.dmm.com/api/fx/swap/swapcalendar_EUR_GBP.json,2026-09-30T14:29:25+09:00
dmm_fx,EUR/GBP,2026-09-21,2026-09-21,1,-57.0,54.0,10000,JPY,confirmed,https://fx.dmm.com/api/fx/swap/swapcalendar_EUR_GBP.json,2026-09-30T14:29:25+09:00
dmm_fx,EUR/GBP,2026-09-22,2026-09-22,1,-57.0,54.0,10000,JPY,confirmed,https://fx.dmm.com/api/fx/swap/swapcalendar_EUR_GBP.json,2026-09-30T14:29:25+09:00
dmm_fx,EUR/GBP,2026-09-23,2026-09-23,1,-57.0,54.0,10000,JPY,confirmed,https://fx.dmm.com/api/fx/swap/swapcalendar_EUR_GBP.json,2026-09-30T14:29:25+09:00
dmm_fx,EUR/GBP,2026-09-24,2026-09-24,3,-171.0,162.0,10000,JPY,confirmed,https://fx.dmm.com/api/fx/swap/swapcalendar_EUR_GBP.json,2026-09-30T14:29:25+09:00
dmm_fx,EUR/GBP,2026-09-25,2026-09-25,1,-56.0,53.0,10000,JPY,confirmed,https://fx.dmm.com/api/fx/swap/swapcalendar_EUR_GBP.json,2026-09-30T14:29:25+09:00
dmm_fx,EUR/GBP,2026-09-28,2026-09-28,1,-56.0,53.0,10000,JPY,confirmed,https://fx.dmm.com/api/fx/swap/swapcalendar_EUR_GBP.json,2026-09-30T14:29:25+09:00
dmm_fx,EUR/GBP,2026-09-29,2026-09-29,1,-55.0,52.0,10000,JPY,confirmed,https://fx.dmm.com/api/fx/swap/swapcalendar_EUR_GBP.json,2026-09-30T14:29:25+09:00
dmm_fx,EUR/GBP,2026-09-30,2026-09-30,1,-55.0,52.0,10000,JPY,confirmed,https://fx.dmm.com/api/fx/swap/swapcalendar_EUR_GBP.json,2026-09-30T14:29:25+09:00
dmm_fx,EUR/GBP,2026-10-01,2026-10-01,3,-165.0,156.0,10000,JPY,scheduled,https://fx.dmm.com/api/fx/swap/swapcalendar_EUR_GBP.json,2026-09-30T14:29:25+09:00
dmm_fx,EUR/JPY,2026-08-03,2026-08-03,1,77.0,-80.0,10000,JPY,confirmed,https://fx.dmm.com/api/fx/swap/swapcalendar_EUR_JPY.json,2026-09-30T14:29:22+09:00
dmm_fx,EUR/JPY,2026-08-04,2026-08-04,1,77.0,-80.0,10000,JPY,confirmed,https://fx.dmm.com/api/fx/swap/swapcalendar_EUR_JPY.json,2026-09-30T14:29:22+09:00
dmm_fx,EUR/JPY,2026-08-05,2026-08-05,1,72.0,-75.0,10000,JPY,confirmed,https://fx.dmm.com/api/fx/swap/swapcalendar_EUR_JPY.json,2026-09-30T14:29:22+09:00
dmm_fx,EUR/JPY,2026-08-06,2026-08-06,3,216.0,-225.0,10000,JPY,confirmed,https://fx.dmm.com/api/fx/swap/swapcalendar_EUR_JPY.json,2026-09-30T14:29:22+09:00
dmm_fx,EUR/JPY,2026-08-07,2026-08-07,2,144.0,-150.0,10000,JPY,confirmed,https://fx.dmm.com/api/fx/swap/swapcalendar_EUR_JPY.json,2026-09-30T14:29:22+09:00
dmm_fx,EUR/JPY,2026-08-10,2026-08-10,1,72.0,-75.0,10000,JPY,confirmed,https://fx.dmm.com/api/fx/swap/swapcalendar_EUR_JPY.json,2026-09-30T14:29:22+09:00
dmm_fx,EUR/JPY,2026-08-11,2026-08-11,0,0.0,0.0,10000,JPY,confirmed,https://fx.dmm.com/api/fx/swap/swapcalendar_EUR_JPY.json,2026-09-30T14:29:22+09:00
dmm_fx,EUR/JPY,2026-08-12,2026-08-12,1,72.0,-75.0,10000,JPY,confirmed,https://fx.dmm.com/api/fx/swap/swapcalendar_EUR_JPY.json,2026-09-30T14:29:22+09:00
dmm_fx,EUR/JPY,2026-08-13,2026-08-13,3,225.0,-234.0,10000,JPY,confirmed,https://fx.dmm.com/api/fx/swap/swapcalendar_EUR_JPY.json,2026-09-30T14:29:22+09:00
dmm_fx,EUR/JPY,2026-08-14,2026-08-14,1,75.0,-78.0,10000,JPY,confirmed,https://fx.dmm.com/api/fx/swap/swapcalendar_EUR_JPY.json,2026-09-30T14:29:22+09:00
dmm_fx,EUR/JPY,2026-08-17,2026-08-17,1,75.0,-78.0,10000,JPY,confirmed,https://fx.dmm.com/api/fx/swap/swapcalendar_EUR_JPY.json,2026-09-30T14:29:22+09:00
dmm_fx,EUR/JPY,2026-08-18,2026-08-18,1,75.0,-78.0,10000,JPY,confirmed,https://fx.dmm.com/api/fx/swap/swapcalendar_EUR_JPY.json,2026-09-30T14:29:22+09:00
dmm_fx,EUR/JPY,2026-08-19,2026-08-19,1,73.0,-76.0,10000,JPY,confirmed,https://fx.dmm.com/api/fx/swap/swapcalendar_EUR_JPY.json,2026-09-30T14:29:22+09:00
dmm_fx,EUR/JPY,2026-08-20,2026-08-20,3,219.0,-228.0,10000,JPY,confirmed,https://fx.dmm.com/api/fx/swap/swapcalendar_EUR_JPY.json,2026-09-30T14:29:22+09:00
dmm_fx,EUR/JPY,2026-08-21,2026-08-21,1,73.0,-76.0,10000,JPY,confirmed,https://fx.dmm.com/api/fx/swap/swapcalendar_EUR_JPY.json,2026-09-30T14:29:22+09:00
dmm_fx,EUR/JPY,2026-08-24,2026-08-24,1,73.0,-76.0,10000,JPY,confirmed,https://fx.dmm.com/api/fx/swap/swapcalendar_EUR_JPY.json,2026-09-30T14:29:22+09:00
dmm_fx,EUR/JPY,2026-08-25,2026-08-25,1,73.0,-76.0,10000,JPY,confirmed,https://fx.dmm.com/api/fx/swap/swapcalendar_EUR_JPY.json,2026-09-30T14:29:22+09:00
dmm_fx,EUR/JPY,2026-08-26,2026-08-26,1,73.0,-76.0,10000,JPY,confirmed,https://fx.dmm.com/api/fx/swap/swapcalendar_EUR_JPY.json,2026-09-30T14:29:22+09:00
dmm_fx,EUR/JPY,2026-08-27,2026-08-27,3,219.0,-228.0,10000,JPY,confirmed,https://fx.dmm.com/api/fx/swap/swapcalendar_EUR_JPY.json,2026-09-30T14:29:22+09:00
dmm_fx,EUR/JPY,2026-08-28,2026-08-28,1,73.0,-76.0,10000,JPY,confirmed,https://fx.dmm.com/api/fx/swap/swapcalendar_EUR_JPY.json,2026-09-30T14:29:22+09:00
dmm_fx,EUR/JPY,2026-08-31,2026-08-31,1,73.0,-76.0,10000,JPY,confirmed,https://fx.dmm.com/api/fx/swap/swapcalendar_EUR_JPY.json,2026-09-30T14:29:22+09:00
dmm_fx,EUR/JPY,2026-09-01,2026-09-01,1,73.0,-76.0,10000,JPY,confirmed,https://fx.dmm.com/api/fx/swap/swapcalendar_EUR_JPY.json,2026-09-30T14:29:22+09:00
dmm_fx,EUR/JPY,2026-09-02,2026-09-02,1,73.0,-76.0,10000,JPY,confirmed,https://fx.dmm.com/api/fx/swap/swapcalendar_EUR_JPY.json,2026-09-30T14:29:22+09:00
dmm_fx,EUR/JPY,2026-09-03,2026-09-03,4,292.0,-304.0,10000,JPY,confirmed,https://fx.dmm.com/api/fx/swap/swapcalendar_EUR_JPY.json,2026-09-30T14:29:22+09:00
dmm_fx,EUR/JPY,2026-09-04,2026-09-04,0,0.0,0.0,10000,JPY,confirmed,https://fx.dmm.com/api/fx/swap/swapcalendar_EUR_JPY.json,2026-09-30T14:29:22+09:00
dmm_fx,EUR/JPY,2026-09-07,2026-09-07,1,73.0,-76.0,10000,JPY,confirmed,https://fx.dmm.com/api/fx/swap/swapcalendar_EUR_JPY.json,2026-09-30T14:29:22+09:00
dmm_fx,EUR/JPY,2026-09-08,2026-09-08,1,70.0,-73.0,10000,JPY,confirmed,https://fx.dmm.com/api/fx/swap/swapcalendar_EUR_JPY.json,2026-09-30T14:29:22+09:00
dmm_fx,EUR/JPY,2026-09-09,2026-09-09,1,70.0,-73.0,10000,JPY,confirmed,https://fx.dmm.com/api/fx/swap/swapcalendar_EUR_JPY.json,2026-09-30T14:29:22+09:00
dmm_fx,EUR/JPY,2026-09-10,2026-09-10,3,201.0,-210.0,10000,JPY,confirmed,https://fx.dmm.com/api/fx/swap/swapcalendar_EUR_JPY.json,2026-09-30T14:29:22+09:00
dmm_fx,EUR/JPY,2026-09-11,2026-09-11,1,67.0,-70.0,10000,JPY,confirmed,https://fx.dmm.com/api/fx/swap/swapcalendar_EUR_JPY.json,2026-09-30T14:29:22+09:00
dmm_fx,EUR/JPY,2026-09-14,2026-09-14,1,67.0,-70.0,10000,JPY,confirmed,https://fx.dmm.com/api/fx/swap/swapcalendar_EUR_JPY.json,2026-09-30T14:29:22+09:00
dmm_fx,EUR/JPY,2026-09-15,2026-09-15,1,67.0,-70.0,10000,JPY,confirmed,https://fx.dmm.com/api/fx/swap/swapcalendar_EUR_JPY.json,2026-09-30T14:29:22+09:00
dmm_fx,EUR/JPY,2026-09-16,2026-09-16,1,67.0,-70.0,10000,JPY,confirmed,https://fx.dmm.com/api/fx/swap/swapcalendar_EUR_JPY.json,2026-09-30T14:29:22+09:00
dmm_fx,EUR/JPY,2026-09-17,2026-09-17,6,456.0,-474.0,10000,JPY,confirmed,https://fx.dmm.com/api/fx/swap/swapcalendar_EUR_JPY.json,2026-09-30T14:29:22+09:00
dmm_fx,EUR/JPY,2026-09-18,2026-09-18,1,76.0,-79.0,10000,JPY,confirmed,https://fx.dmm.com/api/fx/swap/swapcalendar_EUR_JPY.json,2026-09-30T14:29:22+09:00
dmm_fx,EUR/JPY,2026-09-21,2026-09-21,0,0.0,0.0,10000,JPY,confirmed,https://fx.dmm.com/api/fx/swap/swapcalendar_EUR_JPY.json,2026-09-30T14:29:22+09:00
dmm_fx,EUR/JPY,2026-09-22,2026-09-22,0,0.0,0.0,10000,JPY,confirmed,https://fx.dmm.com/api/fx/swap/swapcalendar_EUR_JPY.json,2026-09-30T14:29:22+09:00
dmm_fx,EUR/JPY,2026-09-23,2026-09-23,0,0.0,0.0,10000,JPY,confirmed,https://fx.dmm.com/api/fx/swap/swapcalendar_EUR_JPY.json,2026-09-30T14:29:22+09:00
dmm_fx,EUR/JPY,2026-09-24,2026-09-24,3,219.0,-228.0,10000,JPY,confirmed,https://fx.dmm.com/api/fx/swap/swapcalendar_EUR_JPY.json,2026-09-30T14:29:22+09:00
dmm_fx,EUR/JPY,2026-09-25,2026-09-25,1,73.0,-76.0,10000,JPY,confirmed,https://fx.dmm.com/api/fx/swap/swapcalendar_EUR_JPY.json,2026-09-30T14:29:22+09:00
dmm_fx,EUR/JPY,2026-09-28,2026-09-28,1,70.0,-73.0,10000,JPY,confirmed,https://fx.dmm.com/api/fx/swap/swapcalendar_EUR_JPY.json,2026-09-30T14:29:22+09:00
dmm_fx,EUR/JPY,2026-09-29,2026-09-29,1,70.0,-73.0,10000,JPY,confirmed,https://fx.dmm.com/api/fx/swap/swapcalendar_EUR_JPY.json,2026-09-30T14:29:22+09:00
dmm_fx,EUR/JPY,2026-09-30,2026-09-30,1,70.0,-73.0,10000,JPY,confirmed,https://fx.dmm.com/api/fx/swap/swapcalendar_EUR_JPY.json,2026-09-30T14:29:22+09:00
dmm_fx,EUR/JPY,2026-10-01,2026-10-01,3,210.0,-219.0,10000,JPY,scheduled,https://fx.dmm.com/api/fx/swap/swapcalendar_EUR_JPY.json,2026-09-30T14:29:22+09:00
dmm_fx,EUR/NZD,2026-08-03,2026-08-03,1,-8.0,5.0,10000,JPY,confirmed,https://fx.dmm.com/api/fx/swap/swapcalendar_EUR_NZD.json,2026-09-30T14:29:26+09:00
dmm_fx,EUR/NZD,2026-08-04,2026-08-04,1,-8.0,5.0,10000,JPY,confirmed,https://fx.dmm.com/api/fx/swap/swapcalendar_EUR_NZD.json,2026-09-30T14:29:26+09:00
dmm_fx,EUR/NZD,2026-08-05,2026-08-05,1,-8.0,5.0,10000,JPY,confirmed,https://fx.dmm.com/api/fx/swap/swapcalendar_EUR_NZD.json,2026-09-30T14:29:26+09:00
dmm_fx,EUR/NZD,2026-08-06,2026-08-06,3,-24.0,15.0,10000,JPY,confirmed,https://fx.dmm.com/api/fx/swap/swapcalendar_EUR_NZD.json,2026-09-30T14:29:26+09:00
dmm_fx,EUR/NZD,2026-08-07,2026-08-07,1,-8.0,5.0,10000,JPY,confirmed,https://fx.dmm.com/api/fx/swap/swapcalendar_EUR_NZD.json,2026-09-30T14:29:26+09:00
dmm_fx,EUR/NZD,2026-08-10,2026-08-10,1,-8.0,5.0,10000,JPY,confirmed,https://fx.dmm.com/api/fx/swap/swapcalendar_EUR_NZD.json,2026-09-30T14:29:26+09:00
dmm_fx,EUR/NZD,2026-08-11,2026-08-11,1,-8.0,5.0,10000,JPY,confirmed,https://fx.dmm.com/api/fx/swap/swapcalendar_EUR_NZD.json,2026-09-30T14:29:26+09:00
dmm_fx,EUR/NZD,2026-08-12,2026-08-12,1,-8.0,5.0,10000,JPY,confirmed,https://fx.dmm.com/api/fx/swap/swapcalendar_EUR_NZD.json,2026-09-30T14:29:26+09:00
dmm_fx,EUR/NZD,2026-08-13,2026-08-13,3,-21.0,12.0,10000,JPY,confirmed,https://fx.dmm.com/api/fx/swap/swapcalendar_EUR_NZD.json,2026-09-30T14:29:26+09:00
dmm_fx,EUR/NZD,2026-08-14,2026-08-14,1,-7.0,4.0,10000,JPY,confirmed,https://fx.dmm.com/api/fx/swap/swapcalendar_EUR_NZD.json,2026-09-30T14:29:26+09:00
dmm_fx,EUR/NZD,2026-08-17,2026-08-17,1,-7.0,4.0,10000,JPY,confirmed,https://fx.dmm.com/api/fx/swap/swapcalendar_EUR_NZD.json,2026-09-30T14:29:26+09:00
dmm_fx,EUR/NZD,2026-08-18,2026-08-18,1,-5.0,2.0,10000,JPY,confirmed,https://fx.dmm.com/api/fx/swap/swapcalendar_EUR_NZD.json,2026-09-30T14:29:26+09:00
dmm_fx,EUR/NZD,2026-08-19,2026-08-19,1,-5.0,2.0,10000,JPY,confirmed,https://fx.dmm.com/api/fx/swap/swapcalendar_EUR_NZD.json,2026-09-30T14:29:26+09:00
dmm_fx,EUR/NZD,2026-08-20,2026-08-20,3,-15.0,6.0,10000,JPY,confirmed,https://fx.dmm.com/api/fx/swap/swapcalendar_EUR_NZD.json,2026-09-30T14:29:26+09:00
dmm_fx,EUR/NZD,2026-08-21,2026-08-21,1,-5.0,2.0,10000,JPY,confirmed,https://fx.dmm.com/api/fx/swap/swapcalendar_EUR_NZD.json,2026-09-30T14:29:26+09:00
dmm_fx,EUR/NZD,2026-08-24,2026-08-24,1,-5.0,2.0,10000,JPY,confirmed,https://fx.dmm.com/api/fx/swap/swapcalendar_EUR_NZD.json,2026-09-30T14:29:26+09:00
dmm_fx,EUR/NZD,2026-08-25,2026-08-25,1,-5.0,2.0,10000,JPY,confirmed,https://fx.dmm.com/api/fx/swap/swapcalendar_EUR_NZD.json,2026-09-30T14:29:26+09:00
dmm_fx,EUR/NZD,2026-08-26,2026-08-26,1,-5.0,2.0,10000,JPY,confirmed,https://fx.dmm.com/api/fx/swap/swapcalendar_EUR_NZD.json,2026-09-30T14:29:26+09:00
dmm_fx,EUR/NZD,2026-08-27,2026-08-27,3,-27.0,18.0,10000,JPY,confirmed,https://fx.dmm.com/api/fx/swap/swapcalendar_EUR_NZD.json,2026-09-30T14:29:26+09:00
dmm_fx,EUR/NZD,2026-08-28,2026-08-28,1,-9.0,6.0,10000,JPY,confirmed,https://fx.dmm.com/api/fx/swap/swapcalendar_EUR_NZD.json,2026-09-30T14:29:26+09:00
dmm_fx,EUR/NZD,2026-08-31,2026-08-31,1,-9.0,6.0,10000,JPY,confirmed,https://fx.dmm.com/api/fx/swap/swapcalendar_EUR_NZD.json,2026-09-30T14:29:26+09:00
dmm_fx,EUR/NZD,2026-09-01,2026-09-01,1,-9.0,6.0,10000,JPY,confirmed,https://fx.dmm.com/api/fx/swap/swapcalendar_EUR_NZD.json,2026-09-30T14:29:26+09:00
dmm_fx,EUR/NZD,2026-09-02,2026-09-02,1,-9.0,6.0,10000,JPY,confirmed,https://fx.dmm.com/api/fx/swap/swapcalendar_EUR_NZD.json,2026-09-30T14:29:26+09:00
dmm_fx,EUR/NZD,2026-09-03,2026-09-03,4,-36.0,24.0,10000,JPY,confirmed,https://fx.dmm.com/api/fx/swap/swapcalendar_EUR_NZD.json,2026-09-30T14:29:26+09:00
dmm_fx,EUR/NZD,2026-09-04,2026-09-04,0,0.0,0.0,10000,JPY,confirmed,https://fx.dmm.com/api/fx/swap/swapcalendar_EUR_NZD.json,2026-09-30T14:29:26+09:00
dmm_fx,EUR/NZD,2026-09-07,2026-09-07,1,-13.0,10.0,10000,JPY,confirmed,https://fx.dmm.com/api/fx/swap/swapcalendar_EUR_NZD.json,2026-09-30T14:29:26+09:00
dmm_fx,EUR/NZD,2026-09-08,2026-09-08,1,-13.0,10.0,10000,JPY,confirmed,https://fx.dmm.com/api/fx/swap/swapcalendar_EUR_NZD.json,2026-09-30T14:29:26+09:00
dmm_fx,EUR/NZD,2026-09-09,2026-09-09,1,-13.0,10.0,10000,JPY,confirmed,https://fx.dmm.com/api/fx/swap/swapcalendar_EUR_NZD.json,2026-09-30T14:29:26+09:00
dmm_fx,EUR/NZD,2026-09-10,2026-09-10,3,-39.0,30.0,10000,JPY,confirmed,https://fx.dmm.com/api/fx/swap/swapcalendar_EUR_NZD.json,2026-09-30T14:29:26+09:00
dmm_fx,EUR/NZD,2026-09-11,2026-09-11,1,-13.0,10.0,10000,JPY,confirmed,https://fx.dmm.com/api/fx/swap/swapcalendar_EUR_NZD.json,2026-09-30T14:29:26+09:00
dmm_fx,EUR/NZD,2026-09-14,2026-09-14,1,-13.0,10.0,10000,JPY,confirmed,https://fx.dmm.com/api/fx/swap/swapcalendar_EUR_NZD.json,2026-09-30T14:29:26+09:00
dmm_fx,EUR/NZD,2026-09-15,2026-09-15,1,-13.0,10.0,10000,JPY,confirmed,https://fx.dmm.com/api/fx/swap/swapcalendar_EUR_NZD.json,2026-09-30T14:29:26+09:00
dmm_fx,EUR/NZD,2026-09-16,2026-09-16,1,-13.0,10.0,10000,JPY,confirmed,https://fx.dmm.com/api/fx/swap/swapcalendar_EUR_NZD.json,2026-09-30T14:29:26+09:00
dmm_fx,EUR/NZD,2026-09-17,2026-09-17,3,-39.0,30.0,10000,JPY,confirmed,https://fx.dmm.com/api/fx/swap/swapcalendar_EUR_NZD.json,2026-09-30T14:29:26+09:00
dmm_fx,EUR/NZD,2026-09-18,2026-09-18,1,-11.0,8.0,10000,JPY,confirmed,https://fx.dmm.com/api/fx/swap/swapcalendar_EUR_NZD.json,2026-09-30T14:29:26+09:00
dmm_fx,EUR/NZD,2026-09-21,2026-09-21,1,-10.0,7.0,10000,JPY,confirmed,https://fx.dmm.com/api/fx/swap/swapcalendar_EUR_NZD.json,2026-09-30T14:29:26+09:00
dmm_fx,EUR/NZD,2026-09-22,2026-09-22,1,-10.0,7.0,10000,JPY,confirmed,https://fx.dmm.com/api/fx/swap/swapcalendar_EUR_NZD.json,2026-09-30T14:29:26+09:00
dmm_fx,EUR/NZD,2026-09-23,2026-09-23,1,-8.0,5.0,10000,JPY,confirmed,https://fx.dmm.com/api/fx/swap/swapcalendar_EUR_NZD.json,2026-09-30T14:29:26+09:00
dmm_fx,EUR/NZD,2026-09-24,2026-09-24,3,-21.0,12.0,10000,JPY,confirmed,https://fx.dmm.com/api/fx/swap/swapcalendar_EUR_NZD.json,2026-09-30T14:29:26+09:00
dmm_fx,EUR/NZD,2026-09-25,2026-09-25,1,-7.0,4.0,10000,JPY,confirmed,https://fx.dmm.com/api/fx/swap/swapcalendar_EUR_NZD.json,2026-09-30T14:29:26+09:00
dmm_fx,EUR/NZD,2026-09-28,2026-09-28,1,-7.0,4.0,10000,JPY,confirmed,https://fx.dmm.com/api/fx/swap/swapcalendar_EUR_NZD.json,2026-09-30T14:29:26+09:00
dmm_fx,EUR/NZD,2026-09-29,2026-09-29,1,-4.0,1.0,10000,JPY,confirmed,https://fx.dmm.com/api/fx/swap/swapcalendar_EUR_NZD.json,2026-09-30T14:29:26+09:00
dmm_fx,EUR/NZD,2026-09-30,2026-09-30,1,-4.0,1.0,10000,JPY,confirmed,https://fx.dmm.com/api/fx/swap/swapcalendar_EUR_NZD.json,2026-09-30T14:29:26+09:00
dmm_fx,EUR/NZD,2026-10-01,2026-10-01,3,-12.0,3.0,10000,JPY,scheduled,https://fx.dmm.com/api/fx/swap/swapcalendar_EUR_NZD.json,2026-09-30T14:29:26+09:00
dmm_fx,EUR/USD,2026-08-03,2026-08-03,1,-71.0,68.0,10000,JPY,confirmed,https://fx.dmm.com/api/fx/swap/swapcalendar_EUR_USD.json,2026-09-30T14:29:24+09:00
dmm_fx,EUR/USD,2026-08-04,2026-08-04,1,-71.0,68.0,10000,JPY,confirmed,https://fx.dmm.com/api/fx/swap/swapcalendar_EUR_USD.json,2026-09-30T14:29:24+09:00
dmm_fx,EUR/USD,2026-08-05,2026-08-05,1,-70.0,67.0,10000,JPY,confirmed,https://fx.dmm.com/api/fx/swap/swapcalendar_EUR_USD.json,2026-09-30T14:29:24+09:00
dmm_fx,EUR/USD,2026-08-06,2026-08-06,3,-210.0,201.0,10000,JPY,confirmed,https://fx.dmm.com/api/fx/swap/swapcalendar_EUR_USD.json,2026-09-30T14:29:24+09:00
dmm_fx,EUR/USD,2026-08-07,2026-08-07,1,-70.0,67.0,10000,JPY,confirmed,https://fx.dmm.com/api/fx/swap/swapcalendar_EUR_USD.json,2026-09-30T14:29:24+09:00
dmm_fx,EUR/USD,2026-08-10,2026-08-10,1,-70.0,67.0,10000,JPY,confirmed,https://fx.dmm.com/api/fx/swap/swapcalendar_EUR_USD.json,2026-09-30T14:29:24+09:00
dmm_fx,EUR/USD,2026-08-11,2026-08-11,1,-70.0,67.0,10000,JPY,confirmed,https://fx.dmm.com/api/fx/swap/swapcalendar_EUR_USD.json,2026-09-30T14:29:24+09:00
dmm_fx,EUR/USD,2026-08-12,2026-08-12,1,-70.0,67.0,10000,JPY,confirmed,https://fx.dmm.com/api/fx/swap/swapcalendar_EUR_USD.json,2026-09-30T14:29:24+09:00
dmm_fx,EUR/USD,2026-08-13,2026-08-13,3,-210.0,201.0,10000,JPY,confirmed,https://fx.dmm.com/api/fx/swap/swapcalendar_EUR_USD.json,2026-09-30T14:29:24+09:00
dmm_fx,EUR/USD,2026-08-14,2026-08-14,1,-70.0,67.0,10000,JPY,confirmed,https://fx.dmm.com/api/fx/swap/swapcalendar_EUR_USD.json,2026-09-30T14:29:24+09:00
dmm_fx,EUR/USD,2026-08-17,2026-08-17,1,-69.0,66.0,10000,JPY,confirmed,https://fx.dmm.com/api/fx/swap/swapcalendar_EUR_USD.json,2026-09-30T14:29:24+09:00
dmm_fx,EUR/USD,2026-08-18,2026-08-18,1,-69.0,66.0,10000,JPY,confirmed,https://fx.dmm.com/api/fx/swap/swapcalendar_EUR_USD.json,2026-09-30T14:29:24+09:00
dmm_fx,EUR/USD,2026-08-19,2026-08-19,1,-69.0,66.0,10000,JPY,confirmed,https://fx.dmm.com/api/fx/swap/swapcalendar_EUR_USD.json,2026-09-30T14:29:24+09:00
dmm_fx,EUR/USD,2026-08-20,2026-08-20,3,-207.0,198.0,10000,JPY,confirmed,https://fx.dmm.com/api/fx/swap/swapcalendar_EUR_USD.json,2026-09-30T14:29:24+09:00
dmm_fx,EUR/USD,2026-08-21,2026-08-21,1,-69.0,66.0,10000,JPY,confirmed,https://fx.dmm.com/api/fx/swap/swapcalendar_EUR_USD.json,2026-09-30T14:29:24+09:00
dmm_fx,EUR/USD,2026-08-24,2026-08-24,1,-69.0,66.0,10000,JPY,confirmed,https://fx.dmm.com/api/fx/swap/swapcalendar_EUR_USD.json,2026-09-30T14:29:24+09:00
dmm_fx,EUR/USD,2026-08-25,2026-08-25,1,-69.0,66.0,10000,JPY,confirmed,https://fx.dmm.com/api/fx/swap/swapcalendar_EUR_USD.json,2026-09-30T14:29:24+09:00
dmm_fx,EUR/USD,2026-08-26,2026-08-26,1,-69.0,66.0,10000,JPY,confirmed,https://fx.dmm.com/api/fx/swap/swapcalendar_EUR_USD.json,2026-09-30T14:29:24+09:00
dmm_fx,EUR/USD,2026-08-27,2026-08-27,3,-207.0,198.0,10000,JPY,confirmed,https://fx.dmm.com/api/fx/swap/swapcalendar_EUR_USD.json,2026-09-30T14:29:24+09:00
dmm_fx,EUR/USD,2026-08-28,2026-08-28,1,-68.0,65.0,10000,JPY,confirmed,https://fx.dmm.com/api/fx/swap/swapcalendar_EUR_USD.json,2026-09-30T14:29:24+09:00
dmm_fx,EUR/USD,2026-08-31,2026-08-31,1,-68.0,65.0,10000,JPY,confirmed,https://fx.dmm.com/api/fx/swap/swapcalendar_EUR_USD.json,2026-09-30T14:29:24+09:00
dmm_fx,EUR/USD,2026-09-01,2026-09-01,1,-68.0,65.0,10000,JPY,confirmed,https://fx.dmm.com/api/fx/swap/swapcalendar_EUR_USD.json,2026-09-30T14:29:24+09:00
dmm_fx,EUR/USD,2026-09-02,2026-09-02,1,-68.0,65.0,10000,JPY,confirmed,https://fx.dmm.com/api/fx/swap/swapcalendar_EUR_USD.json,2026-09-30T14:29:24+09:00
dmm_fx,EUR/USD,2026-09-03,2026-09-03,4,-272.0,260.0,10000,JPY,confirmed,https://fx.dmm.com/api/fx/swap/swapcalendar_EUR_USD.json,2026-09-30T14:29:24+09:00
dmm_fx,EUR/USD,2026-09-04,2026-09-04,0,0.0,0.0,10000,JPY,confirmed,https://fx.dmm.com/api/fx/swap/swapcalendar_EUR_USD.json,2026-09-30T14:29:24+09:00
dmm_fx,EUR/USD,2026-09-07,2026-09-07,1,-66.0,63.0,10000,JPY,confirmed,https://fx.dmm.com/api/fx/swap/swapcalendar_EUR_USD.json,2026-09-30T14:29:24+09:00
dmm_fx,EUR/USD,2026-09-08,2026-09-08,1,-66.0,63.0,10000,JPY,confirmed,https://fx.dmm.com/api/fx/swap/swapcalendar_EUR_USD.json,2026-09-30T14:29:24+09:00
dmm_fx,EUR/USD,2026-09-09,2026-09-09,1,-65.0,62.0,10000,JPY,confirmed,https://fx.dmm.com/api/fx/swap/swapcalendar_EUR_USD.json,2026-09-30T14:29:24+09:00
dmm_fx,EUR/USD,2026-09-10,2026-09-10,3,-192.0,183.0,10000,JPY,confirmed,https://fx.dmm.com/api/fx/swap/swapcalendar_EUR_USD.json,2026-09-30T14:29:24+09:00
dmm_fx,EUR/USD,2026-09-11,2026-09-11,1,-64.0,61.0,10000,JPY,confirmed,https://fx.dmm.com/api/fx/swap/swapcalendar_EUR_USD.json,2026-09-30T14:29:24+09:00
dmm_fx,EUR/USD,2026-09-14,2026-09-14,1,-64.0,61.0,10000,JPY,confirmed,https://fx.dmm.com/api/fx/swap/swapcalendar_EUR_USD.json,2026-09-30T14:29:24+09:00
dmm_fx,EUR/USD,2026-09-15,2026-09-15,1,-64.0,61.0,10000,JPY,confirmed,https://fx.dmm.com/api/fx/swap/swapcalendar_EUR_USD.json,2026-09-30T14:29:24+09:00
dmm_fx,EUR/USD,2026-09-16,2026-09-16,1,-64.0,61.0,10000,JPY,confirmed,https://fx.dmm.com/api/fx/swap/swapcalendar_EUR_USD.json,2026-09-30T14:29:24+09:00
dmm_fx,EUR/USD,2026-09-17,2026-09-17,3,-192.0,183.0,10000,JPY,confirmed,https://fx.dmm.com/api/fx/swap/swapcalendar_EUR_USD.json,2026-09-30T14:29:24+09:00
dmm_fx,EUR/USD,2026-09-18,2026-09-18,1,-67.0,64.0,10000,JPY,confirmed,https://fx.dmm.com/api/fx/swap/swapcalendar_EUR_USD.json,2026-09-30T14:29:24+09:00
dmm_fx,EUR/USD,2026-09-21,2026-09-21,1,-71.0,68.0,10000,JPY,confirmed,https://fx.dmm.com/api/fx/swap/swapcalendar_EUR_USD.json,2026-09-30T14:29:24+09:00
dmm_fx,EUR/USD,2026-09-22,2026-09-22,1,-73.0,70.0,10000,JPY,confirmed,https://fx.dmm.com/api/fx/swap/swapcalendar_EUR_USD.json,2026-09-30T14:29:24+09:00
dmm_fx,EUR/USD,2026-09-23,2026-09-23,1,-73.0,70.0,10000,JPY,confirmed,https://fx.dmm.com/api/fx/swap/swapcalendar_EUR_USD.json,2026-09-30T14:29:24+09:00
dmm_fx,EUR/USD,2026-09-24,2026-09-24,3,-219.0,210.0,10000,JPY,confirmed,https://fx.dmm.com/api/fx/swap/swapcalendar_EUR_USD.json,2026-09-30T14:29:24+09:00
dmm_fx,EUR/USD,2026-09-25,2026-09-25,1,-73.0,70.0,10000,JPY,confirmed,https://fx.dmm.com/api/fx/swap/swapcalendar_EUR_USD.json,2026-09-30T14:29:24+09:00
dmm_fx,EUR/USD,2026-09-28,2026-09-28,1,-73.0,70.0,10000,JPY,confirmed,https://fx.dmm.com/api/fx/swap/swapcalendar_EUR_USD.json,2026-09-30T14:29:24+09:00
dmm_fx,EUR/USD,2026-09-29,2026-09-29,1,-74.0,71.0,10000,JPY,confirmed,https://fx.dmm.com/api/fx/swap/swapcalendar_EUR_USD.json,2026-09-30T14:29:24+09:00
dmm_fx,EUR/USD,2026-09-30,2026-09-30,1,-75.0,72.0,10000,JPY,confirmed,https://fx.dmm.com/api/fx/swap/swapcalendar_EUR_USD.json,2026-09-30T14:29:24+09:00
dmm_fx,EUR/USD,2026-10-01,2026-10-01,3,-225.0,216.0,10000,JPY,scheduled,https://fx.dmm.com/api/fx/swap/swapcalendar_EUR_USD.json,2026-09-30T14:29:24+09:00
dmm_fx,GBP/AUD,2026-08-03,2026-08-03,0,0.0,0.0,10000,JPY,confirmed,https://fx.dmm.com/api/fx/swap/swapcalendar_GBP_AUD.json,2026-09-30T14:29:26+09:00
dmm_fx,GBP/AUD,2026-08-04,2026-08-04,1,-32.0,29.0,10000,JPY,confirmed,https://fx.dmm.com/api/fx/swap/swapcalendar_GBP_AUD.json,2026-09-30T14:29:26+09:00
dmm_fx,GBP/AUD,2026-08-05,2026-08-05,1,-32.0,29.0,10000,JPY,confirmed,https://fx.dmm.com/api/fx/swap/swapcalendar_GBP_AUD.json,2026-09-30T14:29:26+09:00
dmm_fx,GBP/AUD,2026-08-06,2026-08-06,3,-96.0,87.0,10000,JPY,confirmed,https://fx.dmm.com/api/fx/swap/swapcalendar_GBP_AUD.json,2026-09-30T14:29:26+09:00
dmm_fx,GBP/AUD,2026-08-07,2026-08-07,1,-30.0,27.0,10000,JPY,confirmed,https://fx.dmm.com/api/fx/swap/swapcalendar_GBP_AUD.json,2026-09-30T14:29:26+09:00
dmm_fx,GBP/AUD,2026-08-10,2026-08-10,1,-30.0,27.0,10000,JPY,confirmed,https://fx.dmm.com/api/fx/swap/swapcalendar_GBP_AUD.json,2026-09-30T14:29:26+09:00
dmm_fx,GBP/AUD,2026-08-11,2026-08-11,1,-32.0,29.0,10000,JPY,confirmed,https://fx.dmm.com/api/fx/swap/swapcalendar_GBP_AUD.json,2026-09-30T14:29:26+09:00
dmm_fx,GBP/AUD,2026-08-12,2026-08-12,1,-32.0,29.0,10000,JPY,confirmed,https://fx.dmm.com/api/fx/swap/swapcalendar_GBP_AUD.json,2026-09-30T14:29:26+09:00
dmm_fx,GBP/AUD,2026-08-13,2026-08-13,3,-96.0,87.0,10000,JPY,confirmed,https://fx.dmm.com/api/fx/swap/swapcalendar_GBP_AUD.json,2026-09-30T14:29:26+09:00
dmm_fx,GBP/AUD,2026-08-14,2026-08-14,1,-32.0,29.0,10000,JPY,confirmed,https://fx.dmm.com/api/fx/swap/swapcalendar_GBP_AUD.json,2026-09-30T14:29:26+09:00
dmm_fx,GBP/AUD,2026-08-17,2026-08-17,1,-32.0,29.0,10000,JPY,confirmed,https://fx.dmm.com/api/fx/swap/swapcalendar_GBP_AUD.json,2026-09-30T14:29:26+09:00
dmm_fx,GBP/AUD,2026-08-18,2026-08-18,1,-32.0,29.0,10000,JPY,confirmed,https://fx.dmm.com/api/fx/swap/swapcalendar_GBP_AUD.json,2026-09-30T14:29:26+09:00
dmm_fx,GBP/AUD,2026-08-19,2026-08-19,1,-28.0,25.0,10000,JPY,confirmed,https://fx.dmm.com/api/fx/swap/swapcalendar_GBP_AUD.json,2026-09-30T14:29:26+09:00
dmm_fx,GBP/AUD,2026-08-20,2026-08-20,3,-84.0,75.0,10000,JPY,confirmed,https://fx.dmm.com/api/fx/swap/swapcalendar_GBP_AUD.json,2026-09-30T14:29:26+09:00
dmm_fx,GBP/AUD,2026-08-21,2026-08-21,1,-27.0,24.0,10000,JPY,confirmed,https://fx.dmm.com/api/fx/swap/swapcalendar_GBP_AUD.json,2026-09-30T14:29:26+09:00
dmm_fx,GBP/AUD,2026-08-24,2026-08-24,1,-27.0,24.0,10000,JPY,confirmed,https://fx.dmm.com/api/fx/swap/swapcalendar_GBP_AUD.json,2026-09-30T14:29:26+09:00
dmm_fx,GBP/AUD,2026-08-25,2026-08-25,1,-27.0,24.0,10000,JPY,confirmed,https://fx.dmm.com/api/fx/swap/swapcalendar_GBP_AUD.json,2026-09-30T14:29:26+09:00
dmm_fx,GBP/AUD,2026-08-26,2026-08-26,1,-27.0,24.0,10000,JPY,confirmed,https://fx.dmm.com/api/fx/swap/swapcalendar_GBP_AUD.json,2026-09-30T14:29:26+09:00
dmm_fx,GBP/AUD,2026-08-27,2026-08-27,4,-108.0,96.0,10000,JPY,confirmed,https://fx.dmm.com/api/fx/swap/swapcalendar_GBP_AUD.json,2026-09-30T14:29:26+09:00
dmm_fx,GBP/AUD,2026-08-28,2026-08-28,1,-27.0,24.0,10000,JPY,confirmed,https://fx.dmm.com/api/fx/swap/swapcalendar_GBP_AUD.json,2026-09-30T14:29:26+09:00
dmm_fx,GBP/AUD,2026-08-31,2026-08-31,0,0.0,0.0,10000,JPY,confirmed,https://fx.dmm.com/api/fx/swap/swapcalendar_GBP_AUD.json,2026-09-30T14:29:26+09:00
dmm_fx,GBP/AUD,2026-09-01,2026-09-01,1,-27.0,24.0,10000,JPY,confirmed,https://fx.dmm.com/api/fx/swap/swapcalendar_GBP_AUD.json,2026-09-30T14:29:26+09:00
dmm_fx,GBP/AUD,2026-09-02,2026-09-02,1,-30.0,27.0,10000,JPY,confirmed,https://fx.dmm.com/api/fx/swap/swapcalendar_GBP_AUD.json,2026-09-30T14:29:26+09:00
dmm_fx,GBP/AUD,2026-09-03,2026-09-03,4,-120.0,108.0,10000,JPY,confirmed,https://fx.dmm.com/api/fx/swap/swapcalendar_GBP_AUD.json,2026-09-30T14:29:26+09:00
dmm_fx,GBP/AUD,2026-09-04,2026-09-04,0,0.0,0.0,10000,JPY,confirmed,https://fx.dmm.com/api/fx/swap/swapcalendar_GBP_AUD.json,2026-09-30T14:29:26+09:00
dmm_fx,GBP/AUD,2026-09-07,2026-09-07,1,-30.0,27.0,10000,JPY,confirmed,https://fx.dmm.com/api/fx/swap/swapcalendar_GBP_AUD.json,2026-09-30T14:29:26+09:00
dmm_fx,GBP/AUD,2026-09-08,2026-09-08,1,-30.0,27.0,10000,JPY,confirmed,https://fx.dmm.com/api/fx/swap/swapcalendar_GBP_AUD.json,2026-09-30T14:29:26+09:00
dmm_fx,GBP/AUD,2026-09-09,2026-09-09,1,-30.0,27.0,10000,JPY,confirmed,https://fx.dmm.com/api/fx/swap/swapcalendar_GBP_AUD.json,2026-09-30T14:29:26+09:00
dmm_fx,GBP/AUD,2026-09-10,2026-09-10,3,-78.0,69.0,10000,JPY,confirmed,https://fx.dmm.com/api/fx/swap/swapcalendar_GBP_AUD.json,2026-09-30T14:29:26+09:00
dmm_fx,GBP/AUD,2026-09-11,2026-09-11,1,-26.0,23.0,10000,JPY,confirmed,https://fx.dmm.com/api/fx/swap/swapcalendar_GBP_AUD.json,2026-09-30T14:29:26+09:00
dmm_fx,GBP/AUD,2026-09-14,2026-09-14,1,-29.0,26.0,10000,JPY,confirmed,https://fx.dmm.com/api/fx/swap/swapcalendar_GBP_AUD.json,2026-09-30T14:29:26+09:00
dmm_fx,GBP/AUD,2026-09-15,2026-09-15,1,-29.0,26.0,10000,JPY,confirmed,https://fx.dmm.com/api/fx/swap/swapcalendar_GBP_AUD.json,2026-09-30T14:29:26+09:00
dmm_fx,GBP/AUD,2026-09-16,2026-09-16,1,-29.0,26.0,10000,JPY,confirmed,https://fx.dmm.com/api/fx/swap/swapcalendar_GBP_AUD.json,2026-09-30T14:29:26+09:00
dmm_fx,GBP/AUD,2026-09-17,2026-09-17,3,-87.0,78.0,10000,JPY,confirmed,https://fx.dmm.com/api/fx/swap/swapcalendar_GBP_AUD.json,2026-09-30T14:29:26+09:00
dmm_fx,GBP/AUD,2026-09-18,2026-09-18,1,-34.0,31.0,10000,JPY,confirmed,https://fx.dmm.com/api/fx/swap/swapcalendar_GBP_AUD.json,2026-09-30T14:29:26+09:00
dmm_fx,GBP/AUD,2026-09-21,2026-09-21,1,-37.0,34.0,10000,JPY,confirmed,https://fx.dmm.com/api/fx/swap/swapcalendar_GBP_AUD.json,2026-09-30T14:29:26+09:00
dmm_fx,GBP/AUD,2026-09-22,2026-09-22,1,-37.0,34.0,10000,JPY,confirmed,https://fx.dmm.com/api/fx/swap/swapcalendar_GBP_AUD.json,2026-09-30T14:29:26+09:00
dmm_fx,GBP/AUD,2026-09-23,2026-09-23,1,-33.0,30.0,10000,JPY,confirmed,https://fx.dmm.com/api/fx/swap/swapcalendar_GBP_AUD.json,2026-09-30T14:29:26+09:00
dmm_fx,GBP/AUD,2026-09-24,2026-09-24,3,-87.0,78.0,10000,JPY,confirmed,https://fx.dmm.com/api/fx/swap/swapcalendar_GBP_AUD.json,2026-09-30T14:29:26+09:00
dmm_fx,GBP/AUD,2026-09-25,2026-09-25,1,-29.0,26.0,10000,JPY,confirmed,https://fx.dmm.com/api/fx/swap/swapcalendar_GBP_AUD.json,2026-09-30T14:29:26+09:00
dmm_fx,GBP/AUD,2026-09-28,2026-09-28,1,-29.0,26.0,10000,JPY,confirmed,https://fx.dmm.com/api/fx/swap/swapcalendar_GBP_AUD.json,2026-09-30T14:29:26+09:00
dmm_fx,GBP/AUD,2026-09-29,2026-09-29,1,-32.0,29.0,10000,JPY,confirmed,https://fx.dmm.com/api/fx/swap/swapcalendar_GBP_AUD.json,2026-09-30T14:29:26+09:00
dmm_fx,GBP/AUD,2026-09-30,2026-09-30,1,-37.0,34.0,10000,JPY,confirmed,https://fx.dmm.com/api/fx/swap/swapcalendar_GBP_AUD.json,2026-09-30T14:29:26+09:00
dmm_fx,GBP/AUD,2026-10-01,2026-10-01,4,-148.0,136.0,10000,JPY,scheduled,https://fx.dmm.com/api/fx/swap/swapcalendar_GBP_AUD.json,2026-09-30T14:29:26+09:00
dmm_fx,GBP/CHF,2026-08-03,2026-08-03,1,202.0,-205.0,10000,JPY,confirmed,https://fx.dmm.com/api/fx/swap/swapcalendar_GBP_CHF.json,2026-09-30T14:29:26+09:00
dmm_fx,GBP/CHF,2026-08-04,2026-08-04,1,202.0,-205.0,10000,JPY,confirmed,https://fx.dmm.com/api/fx/swap/swapcalendar_GBP_CHF.json,2026-09-30T14:29:26+09:00
dmm_fx,GBP/CHF,2026-08-05,2026-08-05,1,202.0,-205.0,10000,JPY,confirmed,https://fx.dmm.com/api/fx/swap/swapcalendar_GBP_CHF.json,2026-09-30T14:29:26+09:00
dmm_fx,GBP/CHF,2026-08-06,2026-08-06,3,606.0,-615.0,10000,JPY,confirmed,https://fx.dmm.com/api/fx/swap/swapcalendar_GBP_CHF.json,2026-09-30T14:29:26+09:00
dmm_fx,GBP/CHF,2026-08-07,2026-08-07,1,202.0,-205.0,10000,JPY,confirmed,https://fx.dmm.com/api/fx/swap/swapcalendar_GBP_CHF.json,2026-09-30T14:29:26+09:00
dmm_fx,GBP/CHF,2026-08-10,2026-08-10,1,202.0,-205.0,10000,JPY,confirmed,https://fx.dmm.com/api/fx/swap/swapcalendar_GBP_CHF.json,2026-09-30T14:29:26+09:00
dmm_fx,GBP/CHF,2026-08-11,2026-08-11,1,202.0,-205.0,10000,JPY,confirmed,https://fx.dmm.com/api/fx/swap/swapcalendar_GBP_CHF.json,2026-09-30T14:29:26+09:00
dmm_fx,GBP/CHF,2026-08-12,2026-08-12,1,202.0,-205.0,10000,JPY,confirmed,https://fx.dmm.com/api/fx/swap/swapcalendar_GBP_CHF.json,2026-09-30T14:29:26+09:00
dmm_fx,GBP/CHF,2026-08-13,2026-08-13,3,606.0,-615.0,10000,JPY,confirmed,https://fx.dmm.com/api/fx/swap/swapcalendar_GBP_CHF.json,2026-09-30T14:29:26+09:00
dmm_fx,GBP/CHF,2026-08-14,2026-08-14,1,202.0,-205.0,10000,JPY,confirmed,https://fx.dmm.com/api/fx/swap/swapcalendar_GBP_CHF.json,2026-09-30T14:29:26+09:00
dmm_fx,GBP/CHF,2026-08-17,2026-08-17,1,202.0,-205.0,10000,JPY,confirmed,https://fx.dmm.com/api/fx/swap/swapcalendar_GBP_CHF.json,2026-09-30T14:29:26+09:00
dmm_fx,GBP/CHF,2026-08-18,2026-08-18,1,202.0,-205.0,10000,JPY,confirmed,https://fx.dmm.com/api/fx/swap/swapcalendar_GBP_CHF.json,2026-09-30T14:29:26+09:00
dmm_fx,GBP/CHF,2026-08-19,2026-08-19,1,204.0,-207.0,10000,JPY,confirmed,https://fx.dmm.com/api/fx/swap/swapcalendar_GBP_CHF.json,2026-09-30T14:29:26+09:00
dmm_fx,GBP/CHF,2026-08-20,2026-08-20,3,612.0,-621.0,10000,JPY,confirmed,https://fx.dmm.com/api/fx/swap/swapcalendar_GBP_CHF.json,2026-09-30T14:29:26+09:00
dmm_fx,GBP/CHF,2026-08-21,2026-08-21,1,204.0,-207.0,10000,JPY,confirmed,https://fx.dmm.com/api/fx/swap/swapcalendar_GBP_CHF.json,2026-09-30T14:29:26+09:00
dmm_fx,GBP/CHF,2026-08-24,2026-08-24,1,204.0,-207.0,10000,JPY,confirmed,https://fx.dmm.com/api/fx/swap/swapcalendar_GBP_CHF.json,2026-09-30T14:29:26+09:00
dmm_fx,GBP/CHF,2026-08-25,2026-08-25,1,204.0,-207.0,10000,JPY,confirmed,https://fx.dmm.com/api/fx/swap/swapcalendar_GBP_CHF.json,2026-09-30T14:29:26+09:00
dmm_fx,GBP/CHF,2026-08-26,2026-08-26,1,204.0,-207.0,10000,JPY,confirmed,https://fx.dmm.com/api/fx/swap/swapcalendar_GBP_CHF.json,2026-09-30T14:29:26+09:00
dmm_fx,GBP/CHF,2026-08-27,2026-08-27,4,816.0,-828.0,10000,JPY,confirmed,https://fx.dmm.com/api/fx/swap/swapcalendar_GBP_CHF.json,2026-09-30T14:29:26+09:00
dmm_fx,GBP/CHF,2026-08-28,2026-08-28,1,204.0,-207.0,10000,JPY,confirmed,https://fx.dmm.com/api/fx/swap/swapcalendar_GBP_CHF.json,2026-09-30T14:29:26+09:00
dmm_fx,GBP/CHF,2026-08-31,2026-08-31,0,0.0,0.0,10000,JPY,confirmed,https://fx.dmm.com/api/fx/swap/swapcalendar_GBP_CHF.json,2026-09-30T14:29:26+09:00
dmm_fx,GBP/CHF,2026-09-01,2026-09-01,1,204.0,-207.0,10000,JPY,confirmed,https://fx.dmm.com/api/fx/swap/swapcalendar_GBP_CHF.json,2026-09-30T14:29:26+09:00
dmm_fx,GBP/CHF,2026-09-02,2026-09-02,1,204.0,-207.0,10000,JPY,confirmed,https://fx.dmm.com/api/fx/swap/swapcalendar_GBP_CHF.json,2026-09-30T14:29:26+09:00
dmm_fx,GBP/CHF,2026-09-03,2026-09-03,4,816.0,-828.0,10000,JPY,confirmed,https://fx.dmm.com/api/fx/swap/swapcalendar_GBP_CHF.json,2026-09-30T14:29:26+09:00
dmm_fx,GBP/CHF,2026-09-04,2026-09-04,0,0.0,0.0,10000,JPY,confirmed,https://fx.dmm.com/api/fx/swap/swapcalendar_GBP_CHF.json,2026-09-30T14:29:26+09:00
dmm_fx,GBP/CHF,2026-09-07,2026-09-07,1,201.0,-204.0,10000,JPY,confirmed,https://fx.dmm.com/api/fx/swap/swapcalendar_GBP_CHF.json,2026-09-30T14:29:26+09:00
dmm_fx,GBP/CHF,2026-09-08,2026-09-08,1,201.0,-204.0,10000,JPY,confirmed,https://fx.dmm.com/api/fx/swap/swapcalendar_GBP_CHF.json,2026-09-30T14:29:26+09:00
dmm_fx,GBP/CHF,2026-09-09,2026-09-09,1,201.0,-204.0,10000,JPY,confirmed,https://fx.dmm.com/api/fx/swap/swapcalendar_GBP_CHF.json,2026-09-30T14:29:26+09:00
dmm_fx,GBP/CHF,2026-09-10,2026-09-10,3,603.0,-612.0,10000,JPY,confirmed,https://fx.dmm.com/api/fx/swap/swapcalendar_GBP_CHF.json,2026-09-30T14:29:26+09:00
dmm_fx,GBP/CHF,2026-09-11,2026-09-11,1,201.0,-204.0,10000,JPY,confirmed,https://fx.dmm.com/api/fx/swap/swapcalendar_GBP_CHF.json,2026-09-30T14:29:26+09:00
dmm_fx,GBP/CHF,2026-09-14,2026-09-14,1,201.0,-204.0,10000,JPY,confirmed,https://fx.dmm.com/api/fx/swap/swapcalendar_GBP_CHF.json,2026-09-30T14:29:26+09:00
dmm_fx,GBP/CHF,2026-09-15,2026-09-15,1,201.0,-204.0,10000,JPY,confirmed,https://fx.dmm.com/api/fx/swap/swapcalendar_GBP_CHF.json,2026-09-30T14:29:26+09:00
dmm_fx,GBP/CHF,2026-09-16,2026-09-16,1,201.0,-204.0,10000,JPY,confirmed,https://fx.dmm.com/api/fx/swap/swapcalendar_GBP_CHF.json,2026-09-30T14:29:26+09:00
dmm_fx,GBP/CHF,2026-09-17,2026-09-17,3,603.0,-612.0,10000,JPY,confirmed,https://fx.dmm.com/api/fx/swap/swapcalendar_GBP_CHF.json,2026-09-30T14:29:26+09:00
dmm_fx,GBP/CHF,2026-09-18,2026-09-18,1,201.0,-204.0,10000,JPY,confirmed,https://fx.dmm.com/api/fx/swap/swapcalendar_GBP_CHF.json,2026-09-30T14:29:26+09:00
dmm_fx,GBP/CHF,2026-09-21,2026-09-21,1,197.0,-200.0,10000,JPY,confirmed,https://fx.dmm.com/api/fx/swap/swapcalendar_GBP_CHF.json,2026-09-30T14:29:26+09:00
dmm_fx,GBP/CHF,2026-09-22,2026-09-22,1,197.0,-200.0,10000,JPY,confirmed,https://fx.dmm.com/api/fx/swap/swapcalendar_GBP_CHF.json,2026-09-30T14:29:26+09:00
dmm_fx,GBP/CHF,2026-09-23,2026-09-23,1,197.0,-200.0,10000,JPY,confirmed,https://fx.dmm.com/api/fx/swap/swapcalendar_GBP_CHF.json,2026-09-30T14:29:26+09:00
dmm_fx,GBP/CHF,2026-09-24,2026-09-24,3,591.0,-600.0,10000,JPY,confirmed,https://fx.dmm.com/api/fx/swap/swapcalendar_GBP_CHF.json,2026-09-30T14:29:26+09:00
dmm_fx,GBP/CHF,2026-09-25,2026-09-25,1,197.0,-200.0,10000,JPY,confirmed,https://fx.dmm.com/api/fx/swap/swapcalendar_GBP_CHF.json,2026-09-30T14:29:26+09:00
dmm_fx,GBP/CHF,2026-09-28,2026-09-28,1,197.0,-200.0,10000,JPY,confirmed,https://fx.dmm.com/api/fx/swap/swapcalendar_GBP_CHF.json,2026-09-30T14:29:26+09:00
dmm_fx,GBP/CHF,2026-09-29,2026-09-29,1,197.0,-200.0,10000,JPY,confirmed,https://fx.dmm.com/api/fx/swap/swapcalendar_GBP_CHF.json,2026-09-30T14:29:26+09:00
dmm_fx,GBP/CHF,2026-09-30,2026-09-30,1,200.0,-203.0,10000,JPY,confirmed,https://fx.dmm.com/api/fx/swap/swapcalendar_GBP_CHF.json,2026-09-30T14:29:26+09:00
dmm_fx,GBP/CHF,2026-10-01,2026-10-01,3,600.0,-609.0,10000,JPY,scheduled,https://fx.dmm.com/api/fx/swap/swapcalendar_GBP_CHF.json,2026-09-30T14:29:26+09:00
dmm_fx,GBP/JPY,2026-08-03,2026-08-03,1,170.0,-173.0,10000,JPY,confirmed,https://fx.dmm.com/api/fx/swap/swapcalendar_GBP_JPY.json,2026-09-30T14:29:23+09:00
dmm_fx,GBP/JPY,2026-08-04,2026-08-04,1,170.0,-173.0,10000,JPY,confirmed,https://fx.dmm.com/api/fx/swap/swapcalendar_GBP_JPY.json,2026-09-30T14:29:23+09:00
dmm_fx,GBP/JPY,2026-08-05,2026-08-05,1,160.0,-163.0,10000,JPY,confirmed,https://fx.dmm.com/api/fx/swap/swapcalendar_GBP_JPY.json,2026-09-30T14:29:23+09:00
dmm_fx,GBP/JPY,2026-08-06,2026-08-06,3,480.0,-489.0,10000,JPY,confirmed,https://fx.dmm.com/api/fx/swap/swapcalendar_GBP_JPY.json,2026-09-30T14:29:23+09:00
dmm_fx,GBP/JPY,2026-08-07,2026-08-07,2,320.0,-326.0,10000,JPY,confirmed,https://fx.dmm.com/api/fx/swap/swapcalendar_GBP_JPY.json,2026-09-30T14:29:23+09:00
dmm_fx,GBP/JPY,2026-08-10,2026-08-10,1,160.0,-163.0,10000,JPY,confirmed,https://fx.dmm.com/api/fx/swap/swapcalendar_GBP_JPY.json,2026-09-30T14:29:23+09:00
dmm_fx,GBP/JPY,2026-08-11,2026-08-11,0,0.0,0.0,10000,JPY,confirmed,https://fx.dmm.com/api/fx/swap/swapcalendar_GBP_JPY.json,2026-09-30T14:29:23+09:00
dmm_fx,GBP/JPY,2026-08-12,2026-08-12,1,160.0,-163.0,10000,JPY,confirmed,https://fx.dmm.com/api/fx/swap/swapcalendar_GBP_JPY.json,2026-09-30T14:29:23+09:00
dmm_fx,GBP/JPY,2026-08-13,2026-08-13,3,492.0,-501.0,10000,JPY,confirmed,https://fx.dmm.com/api/fx/swap/swapcalendar_GBP_JPY.json,2026-09-30T14:29:23+09:00
dmm_fx,GBP/JPY,2026-08-14,2026-08-14,1,164.0,-167.0,10000,JPY,confirmed,https://fx.dmm.com/api/fx/swap/swapcalendar_GBP_JPY.json,2026-09-30T14:29:23+09:00
dmm_fx,GBP/JPY,2026-08-17,2026-08-17,1,163.0,-166.0,10000,JPY,confirmed,https://fx.dmm.com/api/fx/swap/swapcalendar_GBP_JPY.json,2026-09-30T14:29:23+09:00
dmm_fx,GBP/JPY,2026-08-18,2026-08-18,1,163.0,-166.0,10000,JPY,confirmed,https://fx.dmm.com/api/fx/swap/swapcalendar_GBP_JPY.json,2026-09-30T14:29:23+09:00
dmm_fx,GBP/JPY,2026-08-19,2026-08-19,1,160.0,-163.0,10000,JPY,confirmed,https://fx.dmm.com/api/fx/swap/swapcalendar_GBP_JPY.json,2026-09-30T14:29:23+09:00
dmm_fx,GBP/JPY,2026-08-20,2026-08-20,3,480.0,-489.0,10000,JPY,confirmed,https://fx.dmm.com/api/fx/swap/swapcalendar_GBP_JPY.json,2026-09-30T14:29:23+09:00
dmm_fx,GBP/JPY,2026-08-21,2026-08-21,1,160.0,-163.0,10000,JPY,confirmed,https://fx.dmm.com/api/fx/swap/swapcalendar_GBP_JPY.json,2026-09-30T14:29:23+09:00
dmm_fx,GBP/JPY,2026-08-24,2026-08-24,1,160.0,-163.0,10000,JPY,confirmed,https://fx.dmm.com/api/fx/swap/swapcalendar_GBP_JPY.json,2026-09-30T14:29:23+09:00
dmm_fx,GBP/JPY,2026-08-25,2026-08-25,1,161.0,-164.0,10000,JPY,confirmed,https://fx.dmm.com/api/fx/swap/swapcalendar_GBP_JPY.json,2026-09-30T14:29:23+09:00
dmm_fx,GBP/JPY,2026-08-26,2026-08-26,1,161.0,-164.0,10000,JPY,confirmed,https://fx.dmm.com/api/fx/swap/swapcalendar_GBP_JPY.json,2026-09-30T14:29:23+09:00
dmm_fx,GBP/JPY,2026-08-27,2026-08-27,4,652.0,-664.0,10000,JPY,confirmed,https://fx.dmm.com/api/fx/swap/swapcalendar_GBP_JPY.json,2026-09-30T14:29:23+09:00
dmm_fx,GBP/JPY,2026-08-28,2026-08-28,1,163.0,-166.0,10000,JPY,confirmed,https://fx.dmm.com/api/fx/swap/swapcalendar_GBP_JPY.json,2026-09-30T14:29:23+09:00
dmm_fx,GBP/JPY,2026-08-31,2026-08-31,0,0.0,0.0,10000,JPY,confirmed,https://fx.dmm.com/api/fx/swap/swapcalendar_GBP_JPY.json,2026-09-30T14:29:23+09:00
dmm_fx,GBP/JPY,2026-09-01,2026-09-01,1,161.0,-164.0,10000,JPY,confirmed,https://fx.dmm.com/api/fx/swap/swapcalendar_GBP_JPY.json,2026-09-30T14:29:23+09:00
dmm_fx,GBP/JPY,2026-09-02,2026-09-02,1,160.0,-163.0,10000,JPY,confirmed,https://fx.dmm.com/api/fx/swap/swapcalendar_GBP_JPY.json,2026-09-30T14:29:23+09:00
dmm_fx,GBP/JPY,2026-09-03,2026-09-03,4,640.0,-652.0,10000,JPY,confirmed,https://fx.dmm.com/api/fx/swap/swapcalendar_GBP_JPY.json,2026-09-30T14:29:23+09:00
dmm_fx,GBP/JPY,2026-09-04,2026-09-04,0,0.0,0.0,10000,JPY,confirmed,https://fx.dmm.com/api/fx/swap/swapcalendar_GBP_JPY.json,2026-09-30T14:29:23+09:00
dmm_fx,GBP/JPY,2026-09-07,2026-09-07,1,155.0,-158.0,10000,JPY,confirmed,https://fx.dmm.com/api/fx/swap/swapcalendar_GBP_JPY.json,2026-09-30T14:29:23+09:00
dmm_fx,GBP/JPY,2026-09-08,2026-09-08,1,155.0,-158.0,10000,JPY,confirmed,https://fx.dmm.com/api/fx/swap/swapcalendar_GBP_JPY.json,2026-09-30T14:29:23+09:00
dmm_fx,GBP/JPY,2026-09-09,2026-09-09,1,151.0,-154.0,10000,JPY,confirmed,https://fx.dmm.com/api/fx/swap/swapcalendar_GBP_JPY.json,2026-09-30T14:29:23+09:00
dmm_fx,GBP/JPY,2026-09-10,2026-09-10,3,453.0,-462.0,10000,JPY,confirmed,https://fx.dmm.com/api/fx/swap/swapcalendar_GBP_JPY.json,2026-09-30T14:29:23+09:00
dmm_fx,GBP/JPY,2026-09-11,2026-09-11,1,153.0,-156.0,10000,JPY,confirmed,https://fx.dmm.com/api/fx/swap/swapcalendar_GBP_JPY.json,2026-09-30T14:29:23+09:00
dmm_fx,GBP/JPY,2026-09-14,2026-09-14,1,153.0,-156.0,10000,JPY,confirmed,https://fx.dmm.com/api/fx/swap/swapcalendar_GBP_JPY.json,2026-09-30T14:29:23+09:00
dmm_fx,GBP/JPY,2026-09-15,2026-09-15,1,154.0,-157.0,10000,JPY,confirmed,https://fx.dmm.com/api/fx/swap/swapcalendar_GBP_JPY.json,2026-09-30T14:29:23+09:00
dmm_fx,GBP/JPY,2026-09-16,2026-09-16,1,154.0,-157.0,10000,JPY,confirmed,https://fx.dmm.com/api/fx/swap/swapcalendar_GBP_JPY.json,2026-09-30T14:29:23+09:00
dmm_fx,GBP/JPY,2026-09-17,2026-09-17,6,924.0,-942.0,10000,JPY,confirmed,https://fx.dmm.com/api/fx/swap/swapcalendar_GBP_JPY.json,2026-09-30T14:29:23+09:00
dmm_fx,GBP/JPY,2026-09-18,2026-09-18,1,154.0,-157.0,10000,JPY,confirmed,https://fx.dmm.com/api/fx/swap/swapcalendar_GBP_JPY.json,2026-09-30T14:29:23+09:00
dmm_fx,GBP/JPY,2026-09-21,2026-09-21,0,0.0,0.0,10000,JPY,confirmed,https://fx.dmm.com/api/fx/swap/swapcalendar_GBP_JPY.json,2026-09-30T14:29:23+09:00
dmm_fx,GBP/JPY,2026-09-22,2026-09-22,0,0.0,0.0,10000,JPY,confirmed,https://fx.dmm.com/api/fx/swap/swapcalendar_GBP_JPY.json,2026-09-30T14:29:23+09:00
dmm_fx,GBP/JPY,2026-09-23,2026-09-23,0,0.0,0.0,10000,JPY,confirmed,https://fx.dmm.com/api/fx/swap/swapcalendar_GBP_JPY.json,2026-09-30T14:29:23+09:00
dmm_fx,GBP/JPY,2026-09-24,2026-09-24,3,438.0,-447.0,10000,JPY,confirmed,https://fx.dmm.com/api/fx/swap/swapcalendar_GBP_JPY.json,2026-09-30T14:29:23+09:00
dmm_fx,GBP/JPY,2026-09-25,2026-09-25,1,146.0,-149.0,10000,JPY,confirmed,https://fx.dmm.com/api/fx/swap/swapcalendar_GBP_JPY.json,2026-09-30T14:29:23+09:00
dmm_fx,GBP/JPY,2026-09-28,2026-09-28,1,144.0,-147.0,10000,JPY,confirmed,https://fx.dmm.com/api/fx/swap/swapcalendar_GBP_JPY.json,2026-09-30T14:29:23+09:00
dmm_fx,GBP/JPY,2026-09-29,2026-09-29,1,144.0,-147.0,10000,JPY,confirmed,https://fx.dmm.com/api/fx/swap/swapcalendar_GBP_JPY.json,2026-09-30T14:29:23+09:00
dmm_fx,GBP/JPY,2026-09-30,2026-09-30,1,142.0,-145.0,10000,JPY,confirmed,https://fx.dmm.com/api/fx/swap/swapcalendar_GBP_JPY.json,2026-09-30T14:29:23+09:00
dmm_fx,GBP/JPY,2026-10-01,2026-10-01,3,426.0,-435.0,10000,JPY,scheduled,https://fx.dmm.com/api/fx/swap/swapcalendar_GBP_JPY.json,2026-09-30T14:29:23+09:00
dmm_fx,GBP/USD,2026-08-03,2026-08-03,1,1.0,-4.0,10000,JPY,confirmed,https://fx.dmm.com/api/fx/swap/swapcalendar_GBP_USD.json,2026-09-30T14:29:24+09:00
dmm_fx,GBP/USD,2026-08-04,2026-08-04,1,1.0,-4.0,10000,JPY,confirmed,https://fx.dmm.com/api/fx/swap/swapcalendar_GBP_USD.json,2026-09-30T14:29:24+09:00
dmm_fx,GBP/USD,2026-08-05,2026-08-05,1,2.0,-5.0,10000,JPY,confirmed,https://fx.dmm.com/api/fx/swap/swapcalendar_GBP_USD.json,2026-09-30T14:29:24+09:00
dmm_fx,GBP/USD,2026-08-06,2026-08-06,3,6.0,-15.0,10000,JPY,confirmed,https://fx.dmm.com/api/fx/swap/swapcalendar_GBP_USD.json,2026-09-30T14:29:24+09:00
dmm_fx,GBP/USD,2026-08-07,2026-08-07,1,2.0,-5.0,10000,JPY,confirmed,https://fx.dmm.com/api/fx/swap/swapcalendar_GBP_USD.json,2026-09-30T14:29:24+09:00
dmm_fx,GBP/USD,2026-08-10,2026-08-10,1,2.0,-5.0,10000,JPY,confirmed,https://fx.dmm.com/api/fx/swap/swapcalendar_GBP_USD.json,2026-09-30T14:29:24+09:00
dmm_fx,GBP/USD,2026-08-11,2026-08-11,1,2.0,-5.0,10000,JPY,confirmed,https://fx.dmm.com/api/fx/swap/swapcalendar_GBP_USD.json,2026-09-30T14:29:24+09:00
dmm_fx,GBP/USD,2026-08-12,2026-08-12,1,2.0,-5.0,10000,JPY,confirmed,https://fx.dmm.com/api/fx/swap/swapcalendar_GBP_USD.json,2026-09-30T14:29:24+09:00
dmm_fx,GBP/USD,2026-08-13,2026-08-13,3,12.0,-21.0,10000,JPY,confirmed,https://fx.dmm.com/api/fx/swap/swapcalendar_GBP_USD.json,2026-09-30T14:29:24+09:00
dmm_fx,GBP/USD,2026-08-14,2026-08-14,1,4.0,-7.0,10000,JPY,confirmed,https://fx.dmm.com/api/fx/swap/swapcalendar_GBP_USD.json,2026-09-30T14:29:24+09:00
dmm_fx,GBP/USD,2026-08-17,2026-08-17,1,4.0,-7.0,10000,JPY,confirmed,https://fx.dmm.com/api/fx/swap/swapcalendar_GBP_USD.json,2026-09-30T14:29:24+09:00
dmm_fx,GBP/USD,2026-08-18,2026-08-18,1,4.0,-7.0,10000,JPY,confirmed,https://fx.dmm.com/api/fx/swap/swapcalendar_GBP_USD.json,2026-09-30T14:29:24+09:00
dmm_fx,GBP/USD,2026-08-19,2026-08-19,1,4.0,-7.0,10000,JPY,confirmed,https://fx.dmm.com/api/fx/swap/swapcalendar_GBP_USD.json,2026-09-30T14:29:24+09:00
dmm_fx,GBP/USD,2026-08-20,2026-08-20,3,12.0,-21.0,10000,JPY,confirmed,https://fx.dmm.com/api/fx/swap/swapcalendar_GBP_USD.json,2026-09-30T14:29:24+09:00
dmm_fx,GBP/USD,2026-08-21,2026-08-21,1,4.0,-7.0,10000,JPY,confirmed,https://fx.dmm.com/api/fx/swap/swapcalendar_GBP_USD.json,2026-09-30T14:29:24+09:00
dmm_fx,GBP/USD,2026-08-24,2026-08-24,1,4.0,-7.0,10000,JPY,confirmed,https://fx.dmm.com/api/fx/swap/swapcalendar_GBP_USD.json,2026-09-30T14:29:24+09:00
dmm_fx,GBP/USD,2026-08-25,2026-08-25,1,4.0,-7.0,10000,JPY,confirmed,https://fx.dmm.com/api/fx/swap/swapcalendar_GBP_USD.json,2026-09-30T14:29:24+09:00
dmm_fx,GBP/USD,2026-08-26,2026-08-26,1,4.0,-7.0,10000,JPY,confirmed,https://fx.dmm.com/api/fx/swap/swapcalendar_GBP_USD.json,2026-09-30T14:29:24+09:00
dmm_fx,GBP/USD,2026-08-27,2026-08-27,4,16.0,-28.0,10000,JPY,confirmed,https://fx.dmm.com/api/fx/swap/swapcalendar_GBP_USD.json,2026-09-30T14:29:24+09:00
dmm_fx,GBP/USD,2026-08-28,2026-08-28,1,4.0,-7.0,10000,JPY,confirmed,https://fx.dmm.com/api/fx/swap/swapcalendar_GBP_USD.json,2026-09-30T14:29:24+09:00
dmm_fx,GBP/USD,2026-08-31,2026-08-31,0,0.0,0.0,10000,JPY,confirmed,https://fx.dmm.com/api/fx/swap/swapcalendar_GBP_USD.json,2026-09-30T14:29:24+09:00
dmm_fx,GBP/USD,2026-09-01,2026-09-01,1,4.0,-7.0,10000,JPY,confirmed,https://fx.dmm.com/api/fx/swap/swapcalendar_GBP_USD.json,2026-09-30T14:29:24+09:00
dmm_fx,GBP/USD,2026-09-02,2026-09-02,1,4.0,-7.0,10000,JPY,confirmed,https://fx.dmm.com/api/fx/swap/swapcalendar_GBP_USD.json,2026-09-30T14:29:24+09:00
dmm_fx,GBP/USD,2026-09-03,2026-09-03,4,16.0,-28.0,10000,JPY,confirmed,https://fx.dmm.com/api/fx/swap/swapcalendar_GBP_USD.json,2026-09-30T14:29:24+09:00
dmm_fx,GBP/USD,2026-09-04,2026-09-04,0,0.0,0.0,10000,JPY,confirmed,https://fx.dmm.com/api/fx/swap/swapcalendar_GBP_USD.json,2026-09-30T14:29:24+09:00
dmm_fx,GBP/USD,2026-09-07,2026-09-07,1,4.0,-7.0,10000,JPY,confirmed,https://fx.dmm.com/api/fx/swap/swapcalendar_GBP_USD.json,2026-09-30T14:29:24+09:00
dmm_fx,GBP/USD,2026-09-08,2026-09-08,1,4.0,-7.0,10000,JPY,confirmed,https://fx.dmm.com/api/fx/swap/swapcalendar_GBP_USD.json,2026-09-30T14:29:24+09:00
dmm_fx,GBP/USD,2026-09-09,2026-09-09,1,4.0,-7.0,10000,JPY,confirmed,https://fx.dmm.com/api/fx/swap/swapcalendar_GBP_USD.json,2026-09-30T14:29:24+09:00
dmm_fx,GBP/USD,2026-09-10,2026-09-10,3,9.0,-18.0,10000,JPY,confirmed,https://fx.dmm.com/api/fx/swap/swapcalendar_GBP_USD.json,2026-09-30T14:29:24+09:00
dmm_fx,GBP/USD,2026-09-11,2026-09-11,1,3.0,-6.0,10000,JPY,confirmed,https://fx.dmm.com/api/fx/swap/swapcalendar_GBP_USD.json,2026-09-30T14:29:24+09:00
dmm_fx,GBP/USD,2026-09-14,2026-09-14,1,2.0,-5.0,10000,JPY,confirmed,https://fx.dmm.com/api/fx/swap/swapcalendar_GBP_USD.json,2026-09-30T14:29:24+09:00
dmm_fx,GBP/USD,2026-09-15,2026-09-15,1,2.0,-5.0,10000,JPY,confirmed,https://fx.dmm.com/api/fx/swap/swapcalendar_GBP_USD.json,2026-09-30T14:29:24+09:00
dmm_fx,GBP/USD,2026-09-16,2026-09-16,1,2.0,-5.0,10000,JPY,confirmed,https://fx.dmm.com/api/fx/swap/swapcalendar_GBP_USD.json,2026-09-30T14:29:24+09:00
dmm_fx,GBP/USD,2026-09-17,2026-09-17,3,6.0,-15.0,10000,JPY,confirmed,https://fx.dmm.com/api/fx/swap/swapcalendar_GBP_USD.json,2026-09-30T14:29:24+09:00
dmm_fx,GBP/USD,2026-09-18,2026-09-18,1,-10.0,7.0,10000,JPY,confirmed,https://fx.dmm.com/api/fx/swap/swapcalendar_GBP_USD.json,2026-09-30T14:29:24+09:00
dmm_fx,GBP/USD,2026-09-21,2026-09-21,1,-12.0,9.0,10000,JPY,confirmed,https://fx.dmm.com/api/fx/swap/swapcalendar_GBP_USD.json,2026-09-30T14:29:24+09:00
dmm_fx,GBP/USD,2026-09-22,2026-09-22,1,-14.0,11.0,10000,JPY,confirmed,https://fx.dmm.com/api/fx/swap/swapcalendar_GBP_USD.json,2026-09-30T14:29:24+09:00
dmm_fx,GBP/USD,2026-09-23,2026-09-23,1,-14.0,11.0,10000,JPY,confirmed,https://fx.dmm.com/api/fx/swap/swapcalendar_GBP_USD.json,2026-09-30T14:29:24+09:00
dmm_fx,GBP/USD,2026-09-24,2026-09-24,3,-45.0,36.0,10000,JPY,confirmed,https://fx.dmm.com/api/fx/swap/swapcalendar_GBP_USD.json,2026-09-30T14:29:24+09:00
dmm_fx,GBP/USD,2026-09-25,2026-09-25,1,-15.0,12.0,10000,JPY,confirmed,https://fx.dmm.com/api/fx/swap/swapcalendar_GBP_USD.json,2026-09-30T14:29:24+09:00
dmm_fx,GBP/USD,2026-09-28,2026-09-28,1,-15.0,12.0,10000,JPY,confirmed,https://fx.dmm.com/api/fx/swap/swapcalendar_GBP_USD.json,2026-09-30T14:29:24+09:00
dmm_fx,GBP/USD,2026-09-29,2026-09-29,1,-16.0,13.0,10000,JPY,confirmed,https://fx.dmm.com/api/fx/swap/swapcalendar_GBP_USD.json,2026-09-30T14:29:24+09:00
dmm_fx,GBP/USD,2026-09-30,2026-09-30,1,-17.0,14.0,10000,JPY,confirmed,https://fx.dmm.com/api/fx/swap/swapcalendar_GBP_USD.json,2026-09-30T14:29:24+09:00
dmm_fx,GBP/USD,2026-10-01,2026-10-01,3,-51.0,42.0,10000,JPY,scheduled,https://fx.dmm.com/api/fx/swap/swapcalendar_GBP_USD.json,2026-09-30T14:29:24+09:00
dmm_fx,MXN/JPY,2026-08-03,2026-08-03,1,14.0,-17.0,10000,JPY,confirmed,https://fx.dmm.com/api/fx/swap/swapcalendar_MXN_JPY.json,2026-09-30T14:29:24+09:00
dmm_fx,MXN/JPY,2026-08-04,2026-08-04,1,14.0,-17.0,10000,JPY,confirmed,https://fx.dmm.com/api/fx/swap/swapcalendar_MXN_JPY.json,2026-09-30T14:29:24+09:00
dmm_fx,MXN/JPY,2026-08-05,2026-08-05,1,14.0,-17.0,10000,JPY,confirmed,https://fx.dmm.com/api/fx/swap/swapcalendar_MXN_JPY.json,2026-09-30T14:29:24+09:00
dmm_fx,MXN/JPY,2026-08-06,2026-08-06,3,42.0,-51.0,10000,JPY,confirmed,https://fx.dmm.com/api/fx/swap/swapcalendar_MXN_JPY.json,2026-09-30T14:29:24+09:00
dmm_fx,MXN/JPY,2026-08-07,2026-08-07,2,26.0,-32.0,10000,JPY,confirmed,https://fx.dmm.com/api/fx/swap/swapcalendar_MXN_JPY.json,2026-09-30T14:29:24+09:00
dmm_fx,MXN/JPY,2026-08-10,2026-08-10,1,13.0,-16.0,10000,JPY,confirmed,https://fx.dmm.com/api/fx/swap/swapcalendar_MXN_JPY.json,2026-09-30T14:29:24+09:00
dmm_fx,MXN/JPY,2026-08-11,2026-08-11,0,0.0,0.0,10000,JPY,confirmed,https://fx.dmm.com/api/fx/swap/swapcalendar_MXN_JPY.json,2026-09-30T14:29:24+09:00
dmm_fx,MXN/JPY,2026-08-12,2026-08-12,1,13.0,-16.0,10000,JPY,confirmed,https://fx.dmm.com/api/fx/swap/swapcalendar_MXN_JPY.json,2026-09-30T14:29:24+09:00
dmm_fx,MXN/JPY,2026-08-13,2026-08-13,3,39.0,-48.0,10000,JPY,confirmed,https://fx.dmm.com/api/fx/swap/swapcalendar_MXN_JPY.json,2026-09-30T14:29:24+09:00
dmm_fx,MXN/JPY,2026-08-14,2026-08-14,1,13.0,-16.0,10000,JPY,confirmed,https://fx.dmm.com/api/fx/swap/swapcalendar_MXN_JPY.json,2026-09-30T14:29:24+09:00
dmm_fx,MXN/JPY,2026-08-17,2026-08-17,1,13.0,-16.0,10000,JPY,confirmed,https://fx.dmm.com/api/fx/swap/swapcalendar_MXN_JPY.json,2026-09-30T14:29:24+09:00
dmm_fx,MXN/JPY,2026-08-18,2026-08-18,1,13.0,-16.0,10000,JPY,confirmed,https://fx.dmm.com/api/fx/swap/swapcalendar_MXN_JPY.json,2026-09-30T14:29:24+09:00
dmm_fx,MXN/JPY,2026-08-19,2026-08-19,1,13.0,-16.0,10000,JPY,confirmed,https://fx.dmm.com/api/fx/swap/swapcalendar_MXN_JPY.json,2026-09-30T14:29:24+09:00
dmm_fx,MXN/JPY,2026-08-20,2026-08-20,3,39.0,-48.0,10000,JPY,confirmed,https://fx.dmm.com/api/fx/swap/swapcalendar_MXN_JPY.json,2026-09-30T14:29:24+09:00
dmm_fx,MXN/JPY,2026-08-21,2026-08-21,1,13.0,-16.0,10000,JPY,confirmed,https://fx.dmm.com/api/fx/swap/swapcalendar_MXN_JPY.json,2026-09-30T14:29:24+09:00
dmm_fx,MXN/JPY,2026-08-24,2026-08-24,1,13.0,-16.0,10000,JPY,confirmed,https://fx.dmm.com/api/fx/swap/swapcalendar_MXN_JPY.json,2026-09-30T14:29:24+09:00
dmm_fx,MXN/JPY,2026-08-25,2026-08-25,1,13.0,-16.0,10000,JPY,confirmed,https://fx.dmm.com/api/fx/swap/swapcalendar_MXN_JPY.json,2026-09-30T14:29:24+09:00
dmm_fx,MXN/JPY,2026-08-26,2026-08-26,1,14.0,-17.0,10000,JPY,confirmed,https://fx.dmm.com/api/fx/swap/swapcalendar_MXN_JPY.json,2026-09-30T14:29:24+09:00
dmm_fx,MXN/JPY,2026-08-27,2026-08-27,3,42.0,-51.0,10000,JPY,confirmed,https://fx.dmm.com/api/fx/swap/swapcalendar_MXN_JPY.json,2026-09-30T14:29:24+09:00
dmm_fx,MXN/JPY,2026-08-28,2026-08-28,1,13.0,-16.0,10000,JPY,confirmed,https://fx.dmm.com/api/fx/swap/swapcalendar_MXN_JPY.json,2026-09-30T14:29:24+09:00
dmm_fx,MXN/JPY,2026-08-31,2026-08-31,1,13.0,-16.0,10000,JPY,confirmed,https://fx.dmm.com/api/fx/swap/swapcalendar_MXN_JPY.json,2026-09-30T14:29:24+09:00
dmm_fx,MXN/JPY,2026-09-01,2026-09-01,1,13.0,-16.0,10000,JPY,confirmed,https://fx.dmm.com/api/fx/swap/swapcalendar_MXN_JPY.json,2026-09-30T14:29:24+09:00
dmm_fx,MXN/JPY,2026-09-02,2026-09-02,1,13.0,-16.0,10000,JPY,confirmed,https://fx.dmm.com/api/fx/swap/swapcalendar_MXN_JPY.json,2026-09-30T14:29:24+09:00
dmm_fx,MXN/JPY,2026-09-03,2026-09-03,4,52.0,-64.0,10000,JPY,confirmed,https://fx.dmm.com/api/fx/swap/swapcalendar_MXN_JPY.json,2026-09-30T14:29:24+09:00
dmm_fx,MXN/JPY,2026-09-04,2026-09-04,1,12.0,-15.0,10000,JPY,confirmed,https://fx.dmm.com/api/fx/swap/swapcalendar_MXN_JPY.json,2026-09-30T14:29:24+09:00
dmm_fx,MXN/JPY,2026-09-07,2026-09-07,0,0.0,0.0,10000,JPY,confirmed,https://fx.dmm.com/api/fx/swap/swapcalendar_MXN_JPY.json,2026-09-30T14:29:24+09:00
dmm_fx,MXN/JPY,2026-09-08,2026-09-08,1,12.0,-15.0,10000,JPY,confirmed,https://fx.dmm.com/api/fx/swap/swapcalendar_MXN_JPY.json,2026-09-30T14:29:24+09:00
dmm_fx,MXN/JPY,2026-09-09,2026-09-09,1,12.0,-15.0,10000,JPY,confirmed,https://fx.dmm.com/api/fx/swap/swapcalendar_MXN_JPY.json,2026-09-30T14:29:24+09:00
dmm_fx,MXN/JPY,2026-09-10,2026-09-10,3,36.0,-45.0,10000,JPY,confirmed,https://fx.dmm.com/api/fx/swap/swapcalendar_MXN_JPY.json,2026-09-30T14:29:24+09:00
dmm_fx,MXN/JPY,2026-09-11,2026-09-11,1,13.0,-16.0,10000,JPY,confirmed,https://fx.dmm.com/api/fx/swap/swapcalendar_MXN_JPY.json,2026-09-30T14:29:24+09:00
dmm_fx,MXN/JPY,2026-09-14,2026-09-14,2,26.0,-32.0,10000,JPY,confirmed,https://fx.dmm.com/api/fx/swap/swapcalendar_MXN_JPY.json,2026-09-30T14:29:24+09:00
dmm_fx,MXN/JPY,2026-09-15,2026-09-15,1,13.0,-16.0,10000,JPY,confirmed,https://fx.dmm.com/api/fx/swap/swapcalendar_MXN_JPY.json,2026-09-30T14:29:24+09:00
dmm_fx,MXN/JPY,2026-09-16,2026-09-16,0,0.0,0.0,10000,JPY,confirmed,https://fx.dmm.com/api/fx/swap/swapcalendar_MXN_JPY.json,2026-09-30T14:29:24+09:00
dmm_fx,MXN/JPY,2026-09-17,2026-09-17,6,78.0,-96.0,10000,JPY,confirmed,https://fx.dmm.com/api/fx/swap/swapcalendar_MXN_JPY.json,2026-09-30T14:29:24+09:00
dmm_fx,MXN/JPY,2026-09-18,2026-09-18,1,13.0,-16.0,10000,JPY,confirmed,https://fx.dmm.com/api/fx/swap/swapcalendar_MXN_JPY.json,2026-09-30T14:29:24+09:00
dmm_fx,MXN/JPY,2026-09-21,2026-09-21,0,0.0,0.0,10000,JPY,confirmed,https://fx.dmm.com/api/fx/swap/swapcalendar_MXN_JPY.json,2026-09-30T14:29:24+09:00
dmm_fx,MXN/JPY,2026-09-22,2026-09-22,0,0.0,0.0,10000,JPY,confirmed,https://fx.dmm.com/api/fx/swap/swapcalendar_MXN_JPY.json,2026-09-30T14:29:24+09:00
dmm_fx,MXN/JPY,2026-09-23,2026-09-23,0,0.0,0.0,10000,JPY,confirmed,https://fx.dmm.com/api/fx/swap/swapcalendar_MXN_JPY.json,2026-09-30T14:29:24+09:00
dmm_fx,MXN/JPY,2026-09-24,2026-09-24,3,39.0,-48.0,10000,JPY,confirmed,https://fx.dmm.com/api/fx/swap/swapcalendar_MXN_JPY.json,2026-09-30T14:29:24+09:00
dmm_fx,MXN/JPY,2026-09-25,2026-09-25,1,13.0,-16.0,10000,JPY,confirmed,https://fx.dmm.com/api/fx/swap/swapcalendar_MXN_JPY.json,2026-09-30T14:29:24+09:00
dmm_fx,MXN/JPY,2026-09-28,2026-09-28,1,13.0,-16.0,10000,JPY,confirmed,https://fx.dmm.com/api/fx/swap/swapcalendar_MXN_JPY.json,2026-09-30T14:29:24+09:00
dmm_fx,MXN/JPY,2026-09-29,2026-09-29,1,12.0,-15.0,10000,JPY,confirmed,https://fx.dmm.com/api/fx/swap/swapcalendar_MXN_JPY.json,2026-09-30T14:29:24+09:00
dmm_fx,MXN/JPY,2026-09-30,2026-09-30,1,12.0,-15.0,10000,JPY,confirmed,https://fx.dmm.com/api/fx/swap/swapcalendar_MXN_JPY.json,2026-09-30T14:29:24+09:00
dmm_fx,MXN/JPY,2026-10-01,2026-10-01,3,36.0,-45.0,10000,JPY,scheduled,https://fx.dmm.com/api/fx/swap/swapcalendar_MXN_JPY.json,2026-09-30T14:29:24+09:00
dmm_fx,NZD/JPY,2026-08-03,2026-08-03,1,46.0,-49.0,10000,JPY,confirmed,https://fx.dmm.com/api/fx/swap/swapcalendar_NZD_JPY.json,2026-09-30T14:29:23+09:00
dmm_fx,NZD/JPY,2026-08-04,2026-08-04,1,46.0,-49.0,10000,JPY,confirmed,https://fx.dmm.com/api/fx/swap/swapcalendar_NZD_JPY.json,2026-09-30T14:29:23+09:00
dmm_fx,NZD/JPY,2026-08-05,2026-08-05,1,36.0,-39.0,10000,JPY,confirmed,https://fx.dmm.com/api/fx/swap/swapcalendar_NZD_JPY.json,2026-09-30T14:29:23+09:00
dmm_fx,NZD/JPY,2026-08-06,2026-08-06,3,108.0,-117.0,10000,JPY,confirmed,https://fx.dmm.com/api/fx/swap/swapcalendar_NZD_JPY.json,2026-09-30T14:29:23+09:00
dmm_fx,NZD/JPY,2026-08-07,2026-08-07,2,72.0,-78.0,10000,JPY,confirmed,https://fx.dmm.com/api/fx/swap/swapcalendar_NZD_JPY.json,2026-09-30T14:29:23+09:00
dmm_fx,NZD/JPY,2026-08-10,2026-08-10,1,36.0,-39.0,10000,JPY,confirmed,https://fx.dmm.com/api/fx/swap/swapcalendar_NZD_JPY.json,2026-09-30T14:29:23+09:00
dmm_fx,NZD/JPY,2026-08-11,2026-08-11,0,0.0,0.0,10000,JPY,confirmed,https://fx.dmm.com/api/fx/swap/swapcalendar_NZD_JPY.json,2026-09-30T14:29:23+09:00
dmm_fx,NZD/JPY,2026-08-12,2026-08-12,1,38.0,-41.0,10000,JPY,confirmed,https://fx.dmm.com/api/fx/swap/swapcalendar_NZD_JPY.json,2026-09-30T14:29:23+09:00
dmm_fx,NZD/JPY,2026-08-13,2026-08-13,3,126.0,-135.0,10000,JPY,confirmed,https://fx.dmm.com/api/fx/swap/swapcalendar_NZD_JPY.json,2026-09-30T14:29:23+09:00
dmm_fx,NZD/JPY,2026-08-14,2026-08-14,1,40.0,-43.0,10000,JPY,confirmed,https://fx.dmm.com/api/fx/swap/swapcalendar_NZD_JPY.json,2026-09-30T14:29:23+09:00
dmm_fx,NZD/JPY,2026-08-17,2026-08-17,1,38.0,-41.0,10000,JPY,confirmed,https://fx.dmm.com/api/fx/swap/swapcalendar_NZD_JPY.json,2026-09-30T14:29:23+09:00
dmm_fx,NZD/JPY,2026-08-18,2026-08-18,1,38.0,-41.0,10000,JPY,confirmed,https://fx.dmm.com/api/fx/swap/swapcalendar_NZD_JPY.json,2026-09-30T14:29:23+09:00
dmm_fx,NZD/JPY,2026-08-19,2026-08-19,1,38.0,-41.0,10000,JPY,confirmed,https://fx.dmm.com/api/fx/swap/swapcalendar_NZD_JPY.json,2026-09-30T14:29:23+09:00
dmm_fx,NZD/JPY,2026-08-20,2026-08-20,3,114.0,-123.0,10000,JPY,confirmed,https://fx.dmm.com/api/fx/swap/swapcalendar_NZD_JPY.json,2026-09-30T14:29:23+09:00
dmm_fx,NZD/JPY,2026-08-21,2026-08-21,1,37.0,-40.0,10000,JPY,confirmed,https://fx.dmm.com/api/fx/swap/swapcalendar_NZD_JPY.json,2026-09-30T14:29:23+09:00
dmm_fx,NZD/JPY,2026-08-24,2026-08-24,1,37.0,-40.0,10000,JPY,confirmed,https://fx.dmm.com/api/fx/swap/swapcalendar_NZD_JPY.json,2026-09-30T14:29:23+09:00
dmm_fx,NZD/JPY,2026-08-25,2026-08-25,1,42.0,-45.0,10000,JPY,confirmed,https://fx.dmm.com/api/fx/swap/swapcalendar_NZD_JPY.json,2026-09-30T14:29:23+09:00
dmm_fx,NZD/JPY,2026-08-26,2026-08-26,1,45.0,-48.0,10000,JPY,confirmed,https://fx.dmm.com/api/fx/swap/swapcalendar_NZD_JPY.json,2026-09-30T14:29:23+09:00
dmm_fx,NZD/JPY,2026-08-27,2026-08-27,3,135.0,-144.0,10000,JPY,confirmed,https://fx.dmm.com/api/fx/swap/swapcalendar_NZD_JPY.json,2026-09-30T14:29:23+09:00
dmm_fx,NZD/JPY,2026-08-28,2026-08-28,1,45.0,-48.0,10000,JPY,confirmed,https://fx.dmm.com/api/fx/swap/swapcalendar_NZD_JPY.json,2026-09-30T14:29:23+09:00
dmm_fx,NZD/JPY,2026-08-31,2026-08-31,1,45.0,-48.0,10000,JPY,confirmed,https://fx.dmm.com/api/fx/swap/swapcalendar_NZD_JPY.json,2026-09-30T14:29:23+09:00
dmm_fx,NZD/JPY,2026-09-01,2026-09-01,1,45.0,-48.0,10000,JPY,confirmed,https://fx.dmm.com/api/fx/swap/swapcalendar_NZD_JPY.json,2026-09-30T14:29:23+09:00
dmm_fx,NZD/JPY,2026-09-02,2026-09-02,1,45.0,-48.0,10000,JPY,confirmed,https://fx.dmm.com/api/fx/swap/swapcalendar_NZD_JPY.json,2026-09-30T14:29:23+09:00
dmm_fx,NZD/JPY,2026-09-03,2026-09-03,4,180.0,-192.0,10000,JPY,confirmed,https://fx.dmm.com/api/fx/swap/swapcalendar_NZD_JPY.json,2026-09-30T14:29:23+09:00
dmm_fx,NZD/JPY,2026-09-04,2026-09-04,0,0.0,0.0,10000,JPY,confirmed,https://fx.dmm.com/api/fx/swap/swapcalendar_NZD_JPY.json,2026-09-30T14:29:23+09:00
dmm_fx,NZD/JPY,2026-09-07,2026-09-07,1,44.0,-47.0,10000,JPY,confirmed,https://fx.dmm.com/api/fx/swap/swapcalendar_NZD_JPY.json,2026-09-30T14:29:23+09:00
dmm_fx,NZD/JPY,2026-09-08,2026-09-08,1,44.0,-47.0,10000,JPY,confirmed,https://fx.dmm.com/api/fx/swap/swapcalendar_NZD_JPY.json,2026-09-30T14:29:23+09:00
dmm_fx,NZD/JPY,2026-09-09,2026-09-09,1,43.0,-46.0,10000,JPY,confirmed,https://fx.dmm.com/api/fx/swap/swapcalendar_NZD_JPY.json,2026-09-30T14:29:23+09:00
dmm_fx,NZD/JPY,2026-09-10,2026-09-10,3,120.0,-129.0,10000,JPY,confirmed,https://fx.dmm.com/api/fx/swap/swapcalendar_NZD_JPY.json,2026-09-30T14:29:23+09:00
dmm_fx,NZD/JPY,2026-09-11,2026-09-11,1,40.0,-43.0,10000,JPY,confirmed,https://fx.dmm.com/api/fx/swap/swapcalendar_NZD_JPY.json,2026-09-30T14:29:23+09:00
dmm_fx,NZD/JPY,2026-09-14,2026-09-14,1,40.0,-43.0,10000,JPY,confirmed,https://fx.dmm.com/api/fx/swap/swapcalendar_NZD_JPY.json,2026-09-30T14:29:23+09:00
dmm_fx,NZD/JPY,2026-09-15,2026-09-15,1,40.0,-43.0,10000,JPY,confirmed,https://fx.dmm.com/api/fx/swap/swapcalendar_NZD_JPY.json,2026-09-30T14:29:23+09:00
dmm_fx,NZD/JPY,2026-09-16,2026-09-16,1,40.0,-43.0,10000,JPY,confirmed,https://fx.dmm.com/api/fx/swap/swapcalendar_NZD_JPY.json,2026-09-30T14:29:23+09:00
dmm_fx,NZD/JPY,2026-09-17,2026-09-17,6,240.0,-258.0,10000,JPY,confirmed,https://fx.dmm.com/api/fx/swap/swapcalendar_NZD_JPY.json,2026-09-30T14:29:23+09:00
dmm_fx,NZD/JPY,2026-09-18,2026-09-18,1,40.0,-43.0,10000,JPY,confirmed,https://fx.dmm.com/api/fx/swap/swapcalendar_NZD_JPY.json,2026-09-30T14:29:23+09:00
dmm_fx,NZD/JPY,2026-09-21,2026-09-21,0,0.0,0.0,10000,JPY,confirmed,https://fx.dmm.com/api/fx/swap/swapcalendar_NZD_JPY.json,2026-09-30T14:29:23+09:00
dmm_fx,NZD/JPY,2026-09-22,2026-09-22,0,0.0,0.0,10000,JPY,confirmed,https://fx.dmm.com/api/fx/swap/swapcalendar_NZD_JPY.json,2026-09-30T14:29:23+09:00
dmm_fx,NZD/JPY,2026-09-23,2026-09-23,0,0.0,0.0,10000,JPY,confirmed,https://fx.dmm.com/api/fx/swap/swapcalendar_NZD_JPY.json,2026-09-30T14:29:23+09:00
dmm_fx,NZD/JPY,2026-09-24,2026-09-24,3,105.0,-114.0,10000,JPY,confirmed,https://fx.dmm.com/api/fx/swap/swapcalendar_NZD_JPY.json,2026-09-30T14:29:23+09:00
dmm_fx,NZD/JPY,2026-09-25,2026-09-25,1,33.0,-36.0,10000,JPY,confirmed,https://fx.dmm.com/api/fx/swap/swapcalendar_NZD_JPY.json,2026-09-30T14:29:23+09:00
dmm_fx,NZD/JPY,2026-09-28,2026-09-28,1,32.0,-35.0,10000,JPY,confirmed,https://fx.dmm.com/api/fx/swap/swapcalendar_NZD_JPY.json,2026-09-30T14:29:23+09:00
dmm_fx,NZD/JPY,2026-09-29,2026-09-29,1,30.0,-33.0,10000,JPY,confirmed,https://fx.dmm.com/api/fx/swap/swapcalendar_NZD_JPY.json,2026-09-30T14:29:23+09:00
dmm_fx,NZD/JPY,2026-09-30,2026-09-30,1,28.0,-31.0,10000,JPY,confirmed,https://fx.dmm.com/api/fx/swap/swapcalendar_NZD_JPY.json,2026-09-30T14:29:23+09:00
dmm_fx,NZD/JPY,2026-10-01,2026-10-01,3,96.0,-105.0,10000,JPY,scheduled,https://fx.dmm.com/api/fx/swap/swapcalendar_NZD_JPY.json,2026-09-30T14:29:23+09:00
dmm_fx,NZD/USD,2026-08-03,2026-08-03,1,-33.0,30.0,10000,JPY,confirmed,https://fx.dmm.com/api/fx/swap/swapcalendar_NZD_USD.json,2026-09-30T14:29:25+09:00
dmm_fx,NZD/USD,2026-08-04,2026-08-04,1,-33.0,30.0,10000,JPY,confirmed,https://fx.dmm.com/api/fx/swap/swapcalendar_NZD_USD.json,2026-09-30T14:29:25+09:00
dmm_fx,NZD/USD,2026-08-05,2026-08-05,1,-33.0,30.0,10000,JPY,confirmed,https://fx.dmm.com/api/fx/swap/swapcalendar_NZD_USD.json,2026-09-30T14:29:25+09:00
dmm_fx,NZD/USD,2026-08-06,2026-08-06,3,-99.0,90.0,10000,JPY,confirmed,https://fx.dmm.com/api/fx/swap/swapcalendar_NZD_USD.json,2026-09-30T14:29:25+09:00
dmm_fx,NZD/USD,2026-08-07,2026-08-07,1,-33.0,30.0,10000,JPY,confirmed,https://fx.dmm.com/api/fx/swap/swapcalendar_NZD_USD.json,2026-09-30T14:29:25+09:00
dmm_fx,NZD/USD,2026-08-10,2026-08-10,1,-33.0,30.0,10000,JPY,confirmed,https://fx.dmm.com/api/fx/swap/swapcalendar_NZD_USD.json,2026-09-30T14:29:25+09:00
dmm_fx,NZD/USD,2026-08-11,2026-08-11,1,-33.0,30.0,10000,JPY,confirmed,https://fx.dmm.com/api/fx/swap/swapcalendar_NZD_USD.json,2026-09-30T14:29:25+09:00
dmm_fx,NZD/USD,2026-08-12,2026-08-12,1,-31.0,28.0,10000,JPY,confirmed,https://fx.dmm.com/api/fx/swap/swapcalendar_NZD_USD.json,2026-09-30T14:29:25+09:00
dmm_fx,NZD/USD,2026-08-13,2026-08-13,3,-93.0,84.0,10000,JPY,confirmed,https://fx.dmm.com/api/fx/swap/swapcalendar_NZD_USD.json,2026-09-30T14:29:25+09:00
dmm_fx,NZD/USD,2026-08-14,2026-08-14,1,-33.0,30.0,10000,JPY,confirmed,https://fx.dmm.com/api/fx/swap/swapcalendar_NZD_USD.json,2026-09-30T14:29:25+09:00
dmm_fx,NZD/USD,2026-08-17,2026-08-17,1,-33.0,30.0,10000,JPY,confirmed,https://fx.dmm.com/api/fx/swap/swapcalendar_NZD_USD.json,2026-09-30T14:29:25+09:00
dmm_fx,NZD/USD,2026-08-18,2026-08-18,1,-33.0,30.0,10000,JPY,confirmed,https://fx.dmm.com/api/fx/swap/swapcalendar_NZD_USD.json,2026-09-30T14:29:25+09:00
dmm_fx,NZD/USD,2026-08-19,2026-08-19,1,-33.0,30.0,10000,JPY,confirmed,https://fx.dmm.com/api/fx/swap/swapcalendar_NZD_USD.json,2026-09-30T14:29:25+09:00
dmm_fx,NZD/USD,2026-08-20,2026-08-20,3,-99.0,90.0,10000,JPY,confirmed,https://fx.dmm.com/api/fx/swap/swapcalendar_NZD_USD.json,2026-09-30T14:29:25+09:00
dmm_fx,NZD/USD,2026-08-21,2026-08-21,1,-33.0,30.0,10000,JPY,confirmed,https://fx.dmm.com/api/fx/swap/swapcalendar_NZD_USD.json,2026-09-30T14:29:25+09:00
dmm_fx,NZD/USD,2026-08-24,2026-08-24,1,-33.0,30.0,10000,JPY,confirmed,https://fx.dmm.com/api/fx/swap/swapcalendar_NZD_USD.json,2026-09-30T14:29:25+09:00
dmm_fx,NZD/USD,2026-08-25,2026-08-25,1,-30.0,27.0,10000,JPY,confirmed,https://fx.dmm.com/api/fx/swap/swapcalendar_NZD_USD.json,2026-09-30T14:29:25+09:00
dmm_fx,NZD/USD,2026-08-26,2026-08-26,1,-30.0,27.0,10000,JPY,confirmed,https://fx.dmm.com/api/fx/swap/swapcalendar_NZD_USD.json,2026-09-30T14:29:25+09:00
dmm_fx,NZD/USD,2026-08-27,2026-08-27,3,-90.0,81.0,10000,JPY,confirmed,https://fx.dmm.com/api/fx/swap/swapcalendar_NZD_USD.json,2026-09-30T14:29:25+09:00
dmm_fx,NZD/USD,2026-08-28,2026-08-28,1,-30.0,27.0,10000,JPY,confirmed,https://fx.dmm.com/api/fx/swap/swapcalendar_NZD_USD.json,2026-09-30T14:29:25+09:00
dmm_fx,NZD/USD,2026-08-31,2026-08-31,1,-30.0,27.0,10000,JPY,confirmed,https://fx.dmm.com/api/fx/swap/swapcalendar_NZD_USD.json,2026-09-30T14:29:25+09:00
dmm_fx,NZD/USD,2026-09-01,2026-09-01,1,-28.0,25.0,10000,JPY,confirmed,https://fx.dmm.com/api/fx/swap/swapcalendar_NZD_USD.json,2026-09-30T14:29:25+09:00
dmm_fx,NZD/USD,2026-09-02,2026-09-02,1,-28.0,25.0,10000,JPY,confirmed,https://fx.dmm.com/api/fx/swap/swapcalendar_NZD_USD.json,2026-09-30T14:29:25+09:00
dmm_fx,NZD/USD,2026-09-03,2026-09-03,4,-112.0,100.0,10000,JPY,confirmed,https://fx.dmm.com/api/fx/swap/swapcalendar_NZD_USD.json,2026-09-30T14:29:25+09:00
dmm_fx,NZD/USD,2026-09-04,2026-09-04,0,0.0,0.0,10000,JPY,confirmed,https://fx.dmm.com/api/fx/swap/swapcalendar_NZD_USD.json,2026-09-30T14:29:25+09:00
dmm_fx,NZD/USD,2026-09-07,2026-09-07,1,-22.0,19.0,10000,JPY,confirmed,https://fx.dmm.com/api/fx/swap/swapcalendar_NZD_USD.json,2026-09-30T14:29:25+09:00
dmm_fx,NZD/USD,2026-09-08,2026-09-08,1,-19.0,16.0,10000,JPY,confirmed,https://fx.dmm.com/api/fx/swap/swapcalendar_NZD_USD.json,2026-09-30T14:29:25+09:00
dmm_fx,NZD/USD,2026-09-09,2026-09-09,1,-19.0,16.0,10000,JPY,confirmed,https://fx.dmm.com/api/fx/swap/swapcalendar_NZD_USD.json,2026-09-30T14:29:25+09:00
dmm_fx,NZD/USD,2026-09-10,2026-09-10,3,-63.0,54.0,10000,JPY,confirmed,https://fx.dmm.com/api/fx/swap/swapcalendar_NZD_USD.json,2026-09-30T14:29:25+09:00
dmm_fx,NZD/USD,2026-09-11,2026-09-11,1,-21.0,18.0,10000,JPY,confirmed,https://fx.dmm.com/api/fx/swap/swapcalendar_NZD_USD.json,2026-09-30T14:29:25+09:00
dmm_fx,NZD/USD,2026-09-14,2026-09-14,1,-24.0,21.0,10000,JPY,confirmed,https://fx.dmm.com/api/fx/swap/swapcalendar_NZD_USD.json,2026-09-30T14:29:25+09:00
dmm_fx,NZD/USD,2026-09-15,2026-09-15,1,-26.0,23.0,10000,JPY,confirmed,https://fx.dmm.com/api/fx/swap/swapcalendar_NZD_USD.json,2026-09-30T14:29:25+09:00
dmm_fx,NZD/USD,2026-09-16,2026-09-16,1,-26.0,23.0,10000,JPY,confirmed,https://fx.dmm.com/api/fx/swap/swapcalendar_NZD_USD.json,2026-09-30T14:29:25+09:00
dmm_fx,NZD/USD,2026-09-17,2026-09-17,3,-78.0,69.0,10000,JPY,confirmed,https://fx.dmm.com/api/fx/swap/swapcalendar_NZD_USD.json,2026-09-30T14:29:25+09:00
dmm_fx,NZD/USD,2026-09-18,2026-09-18,1,-30.0,27.0,10000,JPY,confirmed,https://fx.dmm.com/api/fx/swap/swapcalendar_NZD_USD.json,2026-09-30T14:29:25+09:00
dmm_fx,NZD/USD,2026-09-21,2026-09-21,1,-31.0,28.0,10000,JPY,confirmed,https://fx.dmm.com/api/fx/swap/swapcalendar_NZD_USD.json,2026-09-30T14:29:25+09:00
dmm_fx,NZD/USD,2026-09-22,2026-09-22,1,-31.0,28.0,10000,JPY,confirmed,https://fx.dmm.com/api/fx/swap/swapcalendar_NZD_USD.json,2026-09-30T14:29:25+09:00
dmm_fx,NZD/USD,2026-09-23,2026-09-23,1,-33.0,30.0,10000,JPY,confirmed,https://fx.dmm.com/api/fx/swap/swapcalendar_NZD_USD.json,2026-09-30T14:29:25+09:00
dmm_fx,NZD/USD,2026-09-24,2026-09-24,3,-105.0,96.0,10000,JPY,confirmed,https://fx.dmm.com/api/fx/swap/swapcalendar_NZD_USD.json,2026-09-30T14:29:25+09:00
dmm_fx,NZD/USD,2026-09-25,2026-09-25,1,-35.0,32.0,10000,JPY,confirmed,https://fx.dmm.com/api/fx/swap/swapcalendar_NZD_USD.json,2026-09-30T14:29:25+09:00
dmm_fx,NZD/USD,2026-09-28,2026-09-28,1,-35.0,32.0,10000,JPY,confirmed,https://fx.dmm.com/api/fx/swap/swapcalendar_NZD_USD.json,2026-09-30T14:29:25+09:00
dmm_fx,NZD/USD,2026-09-29,2026-09-29,1,-37.0,34.0,10000,JPY,confirmed,https://fx.dmm.com/api/fx/swap/swapcalendar_NZD_USD.json,2026-09-30T14:29:25+09:00
dmm_fx,NZD/USD,2026-09-30,2026-09-30,1,-41.0,38.0,10000,JPY,confirmed,https://fx.dmm.com/api/fx/swap/swapcalendar_NZD_USD.json,2026-09-30T14:29:25+09:00
dmm_fx,NZD/USD,2026-10-01,2026-10-01,3,-123.0,114.0,10000,JPY,scheduled,https://fx.dmm.com/api/fx/swap/swapcalendar_NZD_USD.json,2026-09-30T14:29:25+09:00
dmm_fx,TRY/JPY,2026-08-03,2026-08-03,1,24.0,-27.0,10000,JPY,confirmed,https://fx.dmm.com/api/fx/swap/swapcalendar_TRY_JPY.json,2026-09-30T14:29:24+09:00
dmm_fx,TRY/JPY,2026-08-04,2026-08-04,1,24.0,-27.0,10000,JPY,confirmed,https://fx.dmm.com/api/fx/swap/swapcalendar_TRY_JPY.json,2026-09-30T14:29:24+09:00
dmm_fx,TRY/JPY,2026-08-05,2026-08-05,1,24.0,-27.0,10000,JPY,confirmed,https://fx.dmm.com/api/fx/swap/swapcalendar_TRY_JPY.json,2026-09-30T14:29:24+09:00
dmm_fx,TRY/JPY,2026-08-06,2026-08-06,3,72.0,-81.0,10000,JPY,confirmed,https://fx.dmm.com/api/fx/swap/swapcalendar_TRY_JPY.json,2026-09-30T14:29:24+09:00
dmm_fx,TRY/JPY,2026-08-07,2026-08-07,2,48.0,-54.0,10000,JPY,confirmed,https://fx.dmm.com/api/fx/swap/swapcalendar_TRY_JPY.json,2026-09-30T14:29:24+09:00
dmm_fx,TRY/JPY,2026-08-10,2026-08-10,1,24.0,-27.0,10000,JPY,confirmed,https://fx.dmm.com/api/fx/swap/swapcalendar_TRY_JPY.json,2026-09-30T14:29:24+09:00
dmm_fx,TRY/JPY,2026-08-11,2026-08-11,0,0.0,0.0,10000,JPY,confirmed,https://fx.dmm.com/api/fx/swap/swapcalendar_TRY_JPY.json,2026-09-30T14:29:24+09:00
dmm_fx,TRY/JPY,2026-08-12,2026-08-12,1,24.0,-27.0,10000,JPY,confirmed,https://fx.dmm.com/api/fx/swap/swapcalendar_TRY_JPY.json,2026-09-30T14:29:24+09:00
dmm_fx,TRY/JPY,2026-08-13,2026-08-13,3,72.0,-81.0,10000,JPY,confirmed,https://fx.dmm.com/api/fx/swap/swapcalendar_TRY_JPY.json,2026-09-30T14:29:24+09:00
dmm_fx,TRY/JPY,2026-08-14,2026-08-14,1,24.0,-27.0,10000,JPY,confirmed,https://fx.dmm.com/api/fx/swap/swapcalendar_TRY_JPY.json,2026-09-30T14:29:24+09:00
dmm_fx,TRY/JPY,2026-08-17,2026-08-17,1,24.0,-27.0,10000,JPY,confirmed,https://fx.dmm.com/api/fx/swap/swapcalendar_TRY_JPY.json,2026-09-30T14:29:24+09:00
dmm_fx,TRY/JPY,2026-08-18,2026-08-18,1,24.0,-27.0,10000,JPY,confirmed,https://fx.dmm.com/api/fx/swap/swapcalendar_TRY_JPY.json,2026-09-30T14:29:24+09:00
dmm_fx,TRY/JPY,2026-08-19,2026-08-19,1,24.0,-27.0,10000,JPY,confirmed,https://fx.dmm.com/api/fx/swap/swapcalendar_TRY_JPY.json,2026-09-30T14:29:24+09:00
dmm_fx,TRY/JPY,2026-08-20,2026-08-20,3,72.0,-81.0,10000,JPY,confirmed,https://fx.dmm.com/api/fx/swap/swapcalendar_TRY_JPY.json,2026-09-30T14:29:24+09:00
dmm_fx,TRY/JPY,2026-08-21,2026-08-21,1,24.0,-27.0,10000,JPY,confirmed,https://fx.dmm.com/api/fx/swap/swapcalendar_TRY_JPY.json,2026-09-30T14:29:24+09:00
dmm_fx,TRY/JPY,2026-08-24,2026-08-24,1,24.0,-27.0,10000,JPY,confirmed,https://fx.dmm.com/api/fx/swap/swapcalendar_TRY_JPY.json,2026-09-30T14:29:24+09:00
dmm_fx,TRY/JPY,2026-08-25,2026-08-25,1,24.0,-27.0,10000,JPY,confirmed,https://fx.dmm.com/api/fx/swap/swapcalendar_TRY_JPY.json,2026-09-30T14:29:24+09:00
dmm_fx,TRY/JPY,2026-08-26,2026-08-26,1,24.0,-27.0,10000,JPY,confirmed,https://fx.dmm.com/api/fx/swap/swapcalendar_TRY_JPY.json,2026-09-30T14:29:24+09:00
dmm_fx,TRY/JPY,2026-08-27,2026-08-27,3,72.0,-81.0,10000,JPY,confirmed,https://fx.dmm.com/api/fx/swap/swapcalendar_TRY_JPY.json,2026-09-30T14:29:24+09:00
dmm_fx,TRY/JPY,2026-08-28,2026-08-28,1,23.0,-26.0,10000,JPY,confirmed,https://fx.dmm.com/api/fx/swap/swapcalendar_TRY_JPY.json,2026-09-30T14:29:24+09:00
dmm_fx,TRY/JPY,2026-08-31,2026-08-31,1,23.0,-26.0,10000,JPY,confirmed,https://fx.dmm.com/api/fx/swap/swapcalendar_TRY_JPY.json,2026-09-30T14:29:24+09:00
dmm_fx,TRY/JPY,2026-09-01,2026-09-01,1,23.0,-26.0,10000,JPY,confirmed,https://fx.dmm.com/api/fx/swap/swapcalendar_TRY_JPY.json,2026-09-30T14:29:24+09:00
dmm_fx,TRY/JPY,2026-09-02,2026-09-02,1,23.0,-26.0,10000,JPY,confirmed,https://fx.dmm.com/api/fx/swap/swapcalendar_TRY_JPY.json,2026-09-30T14:29:24+09:00
dmm_fx,TRY/JPY,2026-09-03,2026-09-03,4,92.0,-104.0,10000,JPY,confirmed,https://fx.dmm.com/api/fx/swap/swapcalendar_TRY_JPY.json,2026-09-30T14:29:24+09:00
dmm_fx,TRY/JPY,2026-09-04,2026-09-04,0,0.0,0.0,10000,JPY,confirmed,https://fx.dmm.com/api/fx/swap/swapcalendar_TRY_JPY.json,2026-09-30T14:29:24+09:00
dmm_fx,TRY/JPY,2026-09-07,2026-09-07,1,23.0,-26.0,10000,JPY,confirmed,https://fx.dmm.com/api/fx/swap/swapcalendar_TRY_JPY.json,2026-09-30T14:29:24+09:00
dmm_fx,TRY/JPY,2026-09-08,2026-09-08,1,23.0,-26.0,10000,JPY,confirmed,https://fx.dmm.com/api/fx/swap/swapcalendar_TRY_JPY.json,2026-09-30T14:29:24+09:00
dmm_fx,TRY/JPY,2026-09-09,2026-09-09,1,23.0,-26.0,10000,JPY,confirmed,https://fx.dmm.com/api/fx/swap/swapcalendar_TRY_JPY.json,2026-09-30T14:29:24+09:00
dmm_fx,TRY/JPY,2026-09-10,2026-09-10,3,69.0,-78.0,10000,JPY,confirmed,https://fx.dmm.com/api/fx/swap/swapcalendar_TRY_JPY.json,2026-09-30T14:29:24+09:00
dmm_fx,TRY/JPY,2026-09-11,2026-09-11,1,24.0,-27.0,10000,JPY,confirmed,https://fx.dmm.com/api/fx/swap/swapcalendar_TRY_JPY.json,2026-09-30T14:29:24+09:00
dmm_fx,TRY/JPY,2026-09-14,2026-09-14,1,24.0,-27.0,10000,JPY,confirmed,https://fx.dmm.com/api/fx/swap/swapcalendar_TRY_JPY.json,2026-09-30T14:29:24+09:00
dmm_fx,TRY/JPY,2026-09-15,2026-09-15,1,24.0,-27.0,10000,JPY,confirmed,https://fx.dmm.com/api/fx/swap/swapcalendar_TRY_JPY.json,2026-09-30T14:29:24+09:00
dmm_fx,TRY/JPY,2026-09-16,2026-09-16,1,24.0,-27.0,10000,JPY,confirmed,https://fx.dmm.com/api/fx/swap/swapcalendar_TRY_JPY.json,2026-09-30T14:29:24+09:00
dmm_fx,TRY/JPY,2026-09-17,2026-09-17,6,144.0,-162.0,10000,JPY,confirmed,https://fx.dmm.com/api/fx/swap/swapcalendar_TRY_JPY.json,2026-09-30T14:29:24+09:00
dmm_fx,TRY/JPY,2026-09-18,2026-09-18,1,24.0,-27.0,10000,JPY,confirmed,https://fx.dmm.com/api/fx/swap/swapcalendar_TRY_JPY.json,2026-09-30T14:29:24+09:00
dmm_fx,TRY/JPY,2026-09-21,2026-09-21,0,0.0,0.0,10000,JPY,confirmed,https://fx.dmm.com/api/fx/swap/swapcalendar_TRY_JPY.json,2026-09-30T14:29:24+09:00
dmm_fx,TRY/JPY,2026-09-22,2026-09-22,0,0.0,0.0,10000,JPY,confirmed,https://fx.dmm.com/api/fx/swap/swapcalendar_TRY_JPY.json,2026-09-30T14:29:24+09:00
dmm_fx,TRY/JPY,2026-09-23,2026-09-23,0,0.0,0.0,10000,JPY,confirmed,https://fx.dmm.com/api/fx/swap/swapcalendar_TRY_JPY.json,2026-09-30T14:29:24+09:00
dmm_fx,TRY/JPY,2026-09-24,2026-09-24,3,72.0,-81.0,10000,JPY,confirmed,https://fx.dmm.com/api/fx/swap/swapcalendar_TRY_JPY.json,2026-09-30T14:29:24+09:00
dmm_fx,TRY/JPY,2026-09-25,2026-09-25,1,24.0,-27.0,10000,JPY,confirmed,https://fx.dmm.com/api/fx/swap/swapcalendar_TRY_JPY.json,2026-09-30T14:29:24+09:00
dmm_fx,TRY/JPY,2026-09-28,2026-09-28,1,24.0,-27.0,10000,JPY,confirmed,https://fx.dmm.com/api/fx/swap/swapcalendar_TRY_JPY.json,2026-09-30T14:29:24+09:00
dmm_fx,TRY/JPY,2026-09-29,2026-09-29,1,24.0,-27.0,10000,JPY,confirmed,https://fx.dmm.com/api/fx/swap/swapcalendar_TRY_JPY.json,2026-09-30T14:29:24+09:00
dmm_fx,TRY/JPY,2026-09-30,2026-09-30,1,24.0,-27.0,10000,JPY,confirmed,https://fx.dmm.com/api/fx/swap/swapcalendar_TRY_JPY.json,2026-09-30T14:29:24+09:00
dmm_fx,TRY/JPY,2026-10-01,2026-10-01,3,69.0,-78.0,10000,JPY,scheduled,https://fx.dmm.com/api/fx/swap/swapcalendar_TRY_JPY.json,2026-09-30T14:29:24+09:00
dmm_fx,USD/CAD,2026-08-03,2026-08-03,0,0.0,0.0,10000,JPY,confirmed,https://fx.dmm.com/api/fx/swap/swapcalendar_USD_CAD.json,2026-09-30T14:29:25+09:00
dmm_fx,USD/CAD,2026-08-04,2026-08-04,1,73.0,-76.0,10000,JPY,confirmed,https://fx.dmm.com/api/fx/swap/swapcalendar_USD_CAD.json,2026-09-30T14:29:25+09:00
dmm_fx,USD/CAD,2026-08-05,2026-08-05,1,73.0,-76.0,10000,JPY,confirmed,https://fx.dmm.com/api/fx/swap/swapcalendar_USD_CAD.json,2026-09-30T14:29:25+09:00
dmm_fx,USD/CAD,2026-08-06,2026-08-06,1,73.0,-76.0,10000,JPY,confirmed,https://fx.dmm.com/api/fx/swap/swapcalendar_USD_CAD.json,2026-09-30T14:29:25+09:00
dmm_fx,USD/CAD,2026-08-07,2026-08-07,3,219.0,-228.0,10000,JPY,confirmed,https://fx.dmm.com/api/fx/swap/swapcalendar_USD_CAD.json,2026-09-30T14:29:25+09:00
dmm_fx,USD/CAD,2026-08-10,2026-08-10,1,73.0,-76.0,10000,JPY,confirmed,https://fx.dmm.com/api/fx/swap/swapcalendar_USD_CAD.json,2026-09-30T14:29:25+09:00
dmm_fx,USD/CAD,2026-08-11,2026-08-11,1,73.0,-76.0,10000,JPY,confirmed,https://fx.dmm.com/api/fx/swap/swapcalendar_USD_CAD.json,2026-09-30T14:29:25+09:00
dmm_fx,USD/CAD,2026-08-12,2026-08-12,1,73.0,-76.0,10000,JPY,confirmed,https://fx.dmm.com/api/fx/swap/swapcalendar_USD_CAD.json,2026-09-30T14:29:25+09:00
dmm_fx,USD/CAD,2026-08-13,2026-08-13,1,73.0,-76.0,10000,JPY,confirmed,https://fx.dmm.com/api/fx/swap/swapcalendar_USD_CAD.json,2026-09-30T14:29:25+09:00
dmm_fx,USD/CAD,2026-08-14,2026-08-14,3,219.0,-228.0,10000,JPY,confirmed,https://fx.dmm.com/api/fx/swap/swapcalendar_USD_CAD.json,2026-09-30T14:29:25+09:00
dmm_fx,USD/CAD,2026-08-17,2026-08-17,1,70.0,-73.0,10000,JPY,confirmed,https://fx.dmm.com/api/fx/swap/swapcalendar_USD_CAD.json,2026-09-30T14:29:25+09:00
dmm_fx,USD/CAD,2026-08-18,2026-08-18,1,70.0,-73.0,10000,JPY,confirmed,https://fx.dmm.com/api/fx/swap/swapcalendar_USD_CAD.json,2026-09-30T14:29:25+09:00
dmm_fx,USD/CAD,2026-08-19,2026-08-19,1,70.0,-73.0,10000,JPY,confirmed,https://fx.dmm.com/api/fx/swap/swapcalendar_USD_CAD.json,2026-09-30T14:29:25+09:00
dmm_fx,USD/CAD,2026-08-20,2026-08-20,1,65.0,-68.0,10000,JPY,confirmed,https://fx.dmm.com/api/fx/swap/swapcalendar_USD_CAD.json,2026-09-30T14:29:25+09:00
dmm_fx,USD/CAD,2026-08-21,2026-08-21,3,195.0,-204.0,10000,JPY,confirmed,https://fx.dmm.com/api/fx/swap/swapcalendar_USD_CAD.json,2026-09-30T14:29:25+09:00
dmm_fx,USD/CAD,2026-08-24,2026-08-24,1,65.0,-68.0,10000,JPY,confirmed,https://fx.dmm.com/api/fx/swap/swapcalendar_USD_CAD.json,2026-09-30T14:29:25+09:00
dmm_fx,USD/CAD,2026-08-25,2026-08-25,1,65.0,-68.0,10000,JPY,confirmed,https://fx.dmm.com/api/fx/swap/swapcalendar_USD_CAD.json,2026-09-30T14:29:25+09:00
dmm_fx,USD/CAD,2026-08-26,2026-08-26,1,65.0,-68.0,10000,JPY,confirmed,https://fx.dmm.com/api/fx/swap/swapcalendar_USD_CAD.json,2026-09-30T14:29:25+09:00
dmm_fx,USD/CAD,2026-08-27,2026-08-27,1,65.0,-68.0,10000,JPY,confirmed,https://fx.dmm.com/api/fx/swap/swapcalendar_USD_CAD.json,2026-09-30T14:29:25+09:00
dmm_fx,USD/CAD,2026-08-28,2026-08-28,3,195.0,-204.0,10000,JPY,confirmed,https://fx.dmm.com/api/fx/swap/swapcalendar_USD_CAD.json,2026-09-30T14:29:25+09:00
dmm_fx,USD/CAD,2026-08-31,2026-08-31,1,65.0,-68.0,10000,JPY,confirmed,https://fx.dmm.com/api/fx/swap/swapcalendar_USD_CAD.json,2026-09-30T14:29:25+09:00
dmm_fx,USD/CAD,2026-09-01,2026-09-01,1,65.0,-68.0,10000,JPY,confirmed,https://fx.dmm.com/api/fx/swap/swapcalendar_USD_CAD.json,2026-09-30T14:29:25+09:00
dmm_fx,USD/CAD,2026-09-02,2026-09-02,1,65.0,-68.0,10000,JPY,confirmed,https://fx.dmm.com/api/fx/swap/swapcalendar_USD_CAD.json,2026-09-30T14:29:25+09:00
dmm_fx,USD/CAD,2026-09-03,2026-09-03,1,65.0,-68.0,10000,JPY,confirmed,https://fx.dmm.com/api/fx/swap/swapcalendar_USD_CAD.json,2026-09-30T14:29:25+09:00
dmm_fx,USD/CAD,2026-09-04,2026-09-04,4,260.0,-272.0,10000,JPY,confirmed,https://fx.dmm.com/api/fx/swap/swapcalendar_USD_CAD.json,2026-09-30T14:29:25+09:00
dmm_fx,USD/CAD,2026-09-07,2026-09-07,0,0.0,0.0,10000,JPY,confirmed,https://fx.dmm.com/api/fx/swap/swapcalendar_USD_CAD.json,2026-09-30T14:29:25+09:00
dmm_fx,USD/CAD,2026-09-08,2026-09-08,1,63.0,-66.0,10000,JPY,confirmed,https://fx.dmm.com/api/fx/swap/swapcalendar_USD_CAD.json,2026-09-30T14:29:25+09:00
dmm_fx,USD/CAD,2026-09-09,2026-09-09,1,63.0,-66.0,10000,JPY,confirmed,https://fx.dmm.com/api/fx/swap/swapcalendar_USD_CAD.json,2026-09-30T14:29:25+09:00
dmm_fx,USD/CAD,2026-09-10,2026-09-10,1,61.0,-64.0,10000,JPY,confirmed,https://fx.dmm.com/api/fx/swap/swapcalendar_USD_CAD.json,2026-09-30T14:29:25+09:00
dmm_fx,USD/CAD,2026-09-11,2026-09-11,3,183.0,-192.0,10000,JPY,confirmed,https://fx.dmm.com/api/fx/swap/swapcalendar_USD_CAD.json,2026-09-30T14:29:25+09:00
dmm_fx,USD/CAD,2026-09-14,2026-09-14,1,61.0,-64.0,10000,JPY,confirmed,https://fx.dmm.com/api/fx/swap/swapcalendar_USD_CAD.json,2026-09-30T14:29:25+09:00
dmm_fx,USD/CAD,2026-09-15,2026-09-15,1,61.0,-64.0,10000,JPY,confirmed,https://fx.dmm.com/api/fx/swap/swapcalendar_USD_CAD.json,2026-09-30T14:29:25+09:00
dmm_fx,USD/CAD,2026-09-16,2026-09-16,1,61.0,-64.0,10000,JPY,confirmed,https://fx.dmm.com/api/fx/swap/swapcalendar_USD_CAD.json,2026-09-30T14:29:25+09:00
dmm_fx,USD/CAD,2026-09-17,2026-09-17,1,61.0,-64.0,10000,JPY,confirmed,https://fx.dmm.com/api/fx/swap/swapcalendar_USD_CAD.json,2026-09-30T14:29:25+09:00
dmm_fx,USD/CAD,2026-09-18,2026-09-18,3,198.0,-207.0,10000,JPY,confirmed,https://fx.dmm.com/api/fx/swap/swapcalendar_USD_CAD.json,2026-09-30T14:29:25+09:00
dmm_fx,USD/CAD,2026-09-21,2026-09-21,1,70.0,-73.0,10000,JPY,confirmed,https://fx.dmm.com/api/fx/swap/swapcalendar_USD_CAD.json,2026-09-30T14:29:25+09:00
dmm_fx,USD/CAD,2026-09-22,2026-09-22,1,73.0,-76.0,10000,JPY,confirmed,https://fx.dmm.com/api/fx/swap/swapcalendar_USD_CAD.json,2026-09-30T14:29:25+09:00
dmm_fx,USD/CAD,2026-09-23,2026-09-23,1,77.0,-80.0,10000,JPY,confirmed,https://fx.dmm.com/api/fx/swap/swapcalendar_USD_CAD.json,2026-09-30T14:29:25+09:00
dmm_fx,USD/CAD,2026-09-24,2026-09-24,1,77.0,-80.0,10000,JPY,confirmed,https://fx.dmm.com/api/fx/swap/swapcalendar_USD_CAD.json,2026-09-30T14:29:25+09:00
dmm_fx,USD/CAD,2026-09-25,2026-09-25,3,231.0,-240.0,10000,JPY,confirmed,https://fx.dmm.com/api/fx/swap/swapcalendar_USD_CAD.json,2026-09-30T14:29:25+09:00
dmm_fx,USD/CAD,2026-09-28,2026-09-28,1,77.0,-80.0,10000,JPY,confirmed,https://fx.dmm.com/api/fx/swap/swapcalendar_USD_CAD.json,2026-09-30T14:29:25+09:00
dmm_fx,USD/CAD,2026-09-29,2026-09-29,2,154.0,-160.0,10000,JPY,confirmed,https://fx.dmm.com/api/fx/swap/swapcalendar_USD_CAD.json,2026-09-30T14:29:25+09:00
dmm_fx,USD/CAD,2026-09-30,2026-09-30,0,0.0,0.0,10000,JPY,confirmed,https://fx.dmm.com/api/fx/swap/swapcalendar_USD_CAD.json,2026-09-30T14:29:25+09:00
dmm_fx,USD/CAD,2026-10-01,2026-10-01,1,77.0,-80.0,10000,JPY,scheduled,https://fx.dmm.com/api/fx/swap/swapcalendar_USD_CAD.json,2026-09-30T14:29:25+09:00
dmm_fx,USD/CHF,2026-08-03,2026-08-03,1,145.0,-148.0,10000,JPY,confirmed,https://fx.dmm.com/api/fx/swap/swapcalendar_USD_CHF.json,2026-09-30T14:29:25+09:00
dmm_fx,USD/CHF,2026-08-04,2026-08-04,1,145.0,-148.0,10000,JPY,confirmed,https://fx.dmm.com/api/fx/swap/swapcalendar_USD_CHF.json,2026-09-30T14:29:25+09:00
dmm_fx,USD/CHF,2026-08-05,2026-08-05,1,145.0,-148.0,10000,JPY,confirmed,https://fx.dmm.com/api/fx/swap/swapcalendar_USD_CHF.json,2026-09-30T14:29:25+09:00
dmm_fx,USD/CHF,2026-08-06,2026-08-06,3,435.0,-444.0,10000,JPY,confirmed,https://fx.dmm.com/api/fx/swap/swapcalendar_USD_CHF.json,2026-09-30T14:29:25+09:00
dmm_fx,USD/CHF,2026-08-07,2026-08-07,1,145.0,-148.0,10000,JPY,confirmed,https://fx.dmm.com/api/fx/swap/swapcalendar_USD_CHF.json,2026-09-30T14:29:25+09:00
dmm_fx,USD/CHF,2026-08-10,2026-08-10,1,145.0,-148.0,10000,JPY,confirmed,https://fx.dmm.com/api/fx/swap/swapcalendar_USD_CHF.json,2026-09-30T14:29:25+09:00
dmm_fx,USD/CHF,2026-08-11,2026-08-11,1,145.0,-148.0,10000,JPY,confirmed,https://fx.dmm.com/api/fx/swap/swapcalendar_USD_CHF.json,2026-09-30T14:29:25+09:00
dmm_fx,USD/CHF,2026-08-12,2026-08-12,1,145.0,-148.0,10000,JPY,confirmed,https://fx.dmm.com/api/fx/swap/swapcalendar_USD_CHF.json,2026-09-30T14:29:25+09:00
dmm_fx,USD/CHF,2026-08-13,2026-08-13,3,435.0,-444.0,10000,JPY,confirmed,https://fx.dmm.com/api/fx/swap/swapcalendar_USD_CHF.json,2026-09-30T14:29:25+09:00
dmm_fx,USD/CHF,2026-08-14,2026-08-14,1,145.0,-148.0,10000,JPY,confirmed,https://fx.dmm.com/api/fx/swap/swapcalendar_USD_CHF.json,2026-09-30T14:29:25+09:00
dmm_fx,USD/CHF,2026-08-17,2026-08-17,1,144.0,-147.0,10000,JPY,confirmed,https://fx.dmm.com/api/fx/swap/swapcalendar_USD_CHF.json,2026-09-30T14:29:25+09:00
dmm_fx,USD/CHF,2026-08-18,2026-08-18,1,144.0,-147.0,10000,JPY,confirmed,https://fx.dmm.com/api/fx/swap/swapcalendar_USD_CHF.json,2026-09-30T14:29:25+09:00
dmm_fx,USD/CHF,2026-08-19,2026-08-19,1,144.0,-147.0,10000,JPY,confirmed,https://fx.dmm.com/api/fx/swap/swapcalendar_USD_CHF.json,2026-09-30T14:29:25+09:00
dmm_fx,USD/CHF,2026-08-20,2026-08-20,3,432.0,-441.0,10000,JPY,confirmed,https://fx.dmm.com/api/fx/swap/swapcalendar_USD_CHF.json,2026-09-30T14:29:25+09:00
dmm_fx,USD/CHF,2026-08-21,2026-08-21,1,144.0,-147.0,10000,JPY,confirmed,https://fx.dmm.com/api/fx/swap/swapcalendar_USD_CHF.json,2026-09-30T14:29:25+09:00
dmm_fx,USD/CHF,2026-08-24,2026-08-24,1,144.0,-147.0,10000,JPY,confirmed,https://fx.dmm.com/api/fx/swap/swapcalendar_USD_CHF.json,2026-09-30T14:29:25+09:00
dmm_fx,USD/CHF,2026-08-25,2026-08-25,1,144.0,-147.0,10000,JPY,confirmed,https://fx.dmm.com/api/fx/swap/swapcalendar_USD_CHF.json,2026-09-30T14:29:25+09:00
dmm_fx,USD/CHF,2026-08-26,2026-08-26,1,144.0,-147.0,10000,JPY,confirmed,https://fx.dmm.com/api/fx/swap/swapcalendar_USD_CHF.json,2026-09-30T14:29:25+09:00
dmm_fx,USD/CHF,2026-08-27,2026-08-27,3,432.0,-441.0,10000,JPY,confirmed,https://fx.dmm.com/api/fx/swap/swapcalendar_USD_CHF.json,2026-09-30T14:29:25+09:00
dmm_fx,USD/CHF,2026-08-28,2026-08-28,1,142.0,-145.0,10000,JPY,confirmed,https://fx.dmm.com/api/fx/swap/swapcalendar_USD_CHF.json,2026-09-30T14:29:25+09:00
dmm_fx,USD/CHF,2026-08-31,2026-08-31,1,142.0,-145.0,10000,JPY,confirmed,https://fx.dmm.com/api/fx/swap/swapcalendar_USD_CHF.json,2026-09-30T14:29:25+09:00
dmm_fx,USD/CHF,2026-09-01,2026-09-01,1,136.0,-139.0,10000,JPY,confirmed,https://fx.dmm.com/api/fx/swap/swapcalendar_USD_CHF.json,2026-09-30T14:29:25+09:00
dmm_fx,USD/CHF,2026-09-02,2026-09-02,1,136.0,-139.0,10000,JPY,confirmed,https://fx.dmm.com/api/fx/swap/swapcalendar_USD_CHF.json,2026-09-30T14:29:25+09:00
dmm_fx,USD/CHF,2026-09-03,2026-09-03,4,544.0,-556.0,10000,JPY,confirmed,https://fx.dmm.com/api/fx/swap/swapcalendar_USD_CHF.json,2026-09-30T14:29:25+09:00
dmm_fx,USD/CHF,2026-09-04,2026-09-04,0,0.0,0.0,10000,JPY,confirmed,https://fx.dmm.com/api/fx/swap/swapcalendar_USD_CHF.json,2026-09-30T14:29:25+09:00
dmm_fx,USD/CHF,2026-09-07,2026-09-07,1,136.0,-139.0,10000,JPY,confirmed,https://fx.dmm.com/api/fx/swap/swapcalendar_USD_CHF.json,2026-09-30T14:29:25+09:00
dmm_fx,USD/CHF,2026-09-08,2026-09-08,1,136.0,-139.0,10000,JPY,confirmed,https://fx.dmm.com/api/fx/swap/swapcalendar_USD_CHF.json,2026-09-30T14:29:25+09:00
dmm_fx,USD/CHF,2026-09-09,2026-09-09,1,136.0,-139.0,10000,JPY,confirmed,https://fx.dmm.com/api/fx/swap/swapcalendar_USD_CHF.json,2026-09-30T14:29:25+09:00
dmm_fx,USD/CHF,2026-09-10,2026-09-10,3,408.0,-417.0,10000,JPY,confirmed,https://fx.dmm.com/api/fx/swap/swapcalendar_USD_CHF.json,2026-09-30T14:29:25+09:00
dmm_fx,USD/CHF,2026-09-11,2026-09-11,1,136.0,-139.0,10000,JPY,confirmed,https://fx.dmm.com/api/fx/swap/swapcalendar_USD_CHF.json,2026-09-30T14:29:25+09:00
dmm_fx,USD/CHF,2026-09-14,2026-09-14,1,136.0,-139.0,10000,JPY,confirmed,https://fx.dmm.com/api/fx/swap/swapcalendar_USD_CHF.json,2026-09-30T14:29:25+09:00
dmm_fx,USD/CHF,2026-09-15,2026-09-15,1,136.0,-139.0,10000,JPY,confirmed,https://fx.dmm.com/api/fx/swap/swapcalendar_USD_CHF.json,2026-09-30T14:29:25+09:00
dmm_fx,USD/CHF,2026-09-16,2026-09-16,1,136.0,-139.0,10000,JPY,confirmed,https://fx.dmm.com/api/fx/swap/swapcalendar_USD_CHF.json,2026-09-30T14:29:25+09:00
dmm_fx,USD/CHF,2026-09-17,2026-09-17,3,408.0,-417.0,10000,JPY,confirmed,https://fx.dmm.com/api/fx/swap/swapcalendar_USD_CHF.json,2026-09-30T14:29:25+09:00
dmm_fx,USD/CHF,2026-09-18,2026-09-18,1,140.0,-143.0,10000,JPY,confirmed,https://fx.dmm.com/api/fx/swap/swapcalendar_USD_CHF.json,2026-09-30T14:29:25+09:00
dmm_fx,USD/CHF,2026-09-21,2026-09-21,1,140.0,-143.0,10000,JPY,confirmed,https://fx.dmm.com/api/fx/swap/swapcalendar_USD_CHF.json,2026-09-30T14:29:25+09:00
dmm_fx,USD/CHF,2026-09-22,2026-09-22,1,140.0,-143.0,10000,JPY,confirmed,https://fx.dmm.com/api/fx/swap/swapcalendar_USD_CHF.json,2026-09-30T14:29:25+09:00
dmm_fx,USD/CHF,2026-09-23,2026-09-23,1,140.0,-143.0,10000,JPY,confirmed,https://fx.dmm.com/api/fx/swap/swapcalendar_USD_CHF.json,2026-09-30T14:29:25+09:00
dmm_fx,USD/CHF,2026-09-24,2026-09-24,3,420.0,-429.0,10000,JPY,confirmed,https://fx.dmm.com/api/fx/swap/swapcalendar_USD_CHF.json,2026-09-30T14:29:25+09:00
dmm_fx,USD/CHF,2026-09-25,2026-09-25,1,140.0,-143.0,10000,JPY,confirmed,https://fx.dmm.com/api/fx/swap/swapcalendar_USD_CHF.json,2026-09-30T14:29:25+09:00
dmm_fx,USD/CHF,2026-09-28,2026-09-28,1,140.0,-143.0,10000,JPY,confirmed,https://fx.dmm.com/api/fx/swap/swapcalendar_USD_CHF.json,2026-09-30T14:29:25+09:00
dmm_fx,USD/CHF,2026-09-29,2026-09-29,1,143.0,-146.0,10000,JPY,confirmed,https://fx.dmm.com/api/fx/swap/swapcalendar_USD_CHF.json,2026-09-30T14:29:25+09:00
dmm_fx,USD/CHF,2026-09-30,2026-09-30,1,147.0,-150.0,10000,JPY,confirmed,https://fx.dmm.com/api/fx/swap/swapcalendar_USD_CHF.json,2026-09-30T14:29:25+09:00
dmm_fx,USD/CHF,2026-10-01,2026-10-01,3,441.0,-450.0,10000,JPY,scheduled,https://fx.dmm.com/api/fx/swap/swapcalendar_USD_CHF.json,2026-09-30T14:29:25+09:00
dmm_fx,USD/JPY,2026-08-03,2026-08-03,1,152.0,-155.0,10000,JPY,confirmed,https://fx.dmm.com/api/fx/swap/swapcalendar_USD_JPY.json,2026-09-30T14:29:22+09:00
dmm_fx,USD/JPY,2026-08-04,2026-08-04,1,150.0,-153.0,10000,JPY,confirmed,https://fx.dmm.com/api/fx/swap/swapcalendar_USD_JPY.json,2026-09-30T14:29:22+09:00
dmm_fx,USD/JPY,2026-08-05,2026-08-05,1,143.0,-146.0,10000,JPY,confirmed,https://fx.dmm.com/api/fx/swap/swapcalendar_USD_JPY.json,2026-09-30T14:29:22+09:00
dmm_fx,USD/JPY,2026-08-06,2026-08-06,3,429.0,-438.0,10000,JPY,confirmed,https://fx.dmm.com/api/fx/swap/swapcalendar_USD_JPY.json,2026-09-30T14:29:22+09:00
dmm_fx,USD/JPY,2026-08-07,2026-08-07,2,266.0,-272.0,10000,JPY,confirmed,https://fx.dmm.com/api/fx/swap/swapcalendar_USD_JPY.json,2026-09-30T14:29:22+09:00
dmm_fx,USD/JPY,2026-08-10,2026-08-10,1,124.0,-127.0,10000,JPY,confirmed,https://fx.dmm.com/api/fx/swap/swapcalendar_USD_JPY.json,2026-09-30T14:29:22+09:00
dmm_fx,USD/JPY,2026-08-11,2026-08-11,0,0.0,0.0,10000,JPY,confirmed,https://fx.dmm.com/api/fx/swap/swapcalendar_USD_JPY.json,2026-09-30T14:29:22+09:00
dmm_fx,USD/JPY,2026-08-12,2026-08-12,1,120.0,-123.0,10000,JPY,confirmed,https://fx.dmm.com/api/fx/swap/swapcalendar_USD_JPY.json,2026-09-30T14:29:22+09:00
dmm_fx,USD/JPY,2026-08-13,2026-08-13,3,369.0,-378.0,10000,JPY,confirmed,https://fx.dmm.com/api/fx/swap/swapcalendar_USD_JPY.json,2026-09-30T14:29:22+09:00
dmm_fx,USD/JPY,2026-08-14,2026-08-14,1,122.0,-125.0,10000,JPY,confirmed,https://fx.dmm.com/api/fx/swap/swapcalendar_USD_JPY.json,2026-09-30T14:29:22+09:00
dmm_fx,USD/JPY,2026-08-17,2026-08-17,1,121.0,-124.0,10000,JPY,confirmed,https://fx.dmm.com/api/fx/swap/swapcalendar_USD_JPY.json,2026-09-30T14:29:22+09:00
dmm_fx,USD/JPY,2026-08-18,2026-08-18,1,121.0,-124.0,10000,JPY,confirmed,https://fx.dmm.com/api/fx/swap/swapcalendar_USD_JPY.json,2026-09-30T14:29:22+09:00
dmm_fx,USD/JPY,2026-08-19,2026-08-19,1,119.0,-122.0,10000,JPY,confirmed,https://fx.dmm.com/api/fx/swap/swapcalendar_USD_JPY.json,2026-09-30T14:29:22+09:00
dmm_fx,USD/JPY,2026-08-20,2026-08-20,3,357.0,-366.0,10000,JPY,confirmed,https://fx.dmm.com/api/fx/swap/swapcalendar_USD_JPY.json,2026-09-30T14:29:22+09:00
dmm_fx,USD/JPY,2026-08-21,2026-08-21,1,119.0,-122.0,10000,JPY,confirmed,https://fx.dmm.com/api/fx/swap/swapcalendar_USD_JPY.json,2026-09-30T14:29:22+09:00
dmm_fx,USD/JPY,2026-08-24,2026-08-24,1,117.0,-120.0,10000,JPY,confirmed,https://fx.dmm.com/api/fx/swap/swapcalendar_USD_JPY.json,2026-09-30T14:29:22+09:00
dmm_fx,USD/JPY,2026-08-25,2026-08-25,1,117.0,-120.0,10000,JPY,confirmed,https://fx.dmm.com/api/fx/swap/swapcalendar_USD_JPY.json,2026-09-30T14:29:22+09:00
dmm_fx,USD/JPY,2026-08-26,2026-08-26,1,117.0,-120.0,10000,JPY,confirmed,https://fx.dmm.com/api/fx/swap/swapcalendar_USD_JPY.json,2026-09-30T14:29:22+09:00
dmm_fx,USD/JPY,2026-08-27,2026-08-27,3,351.0,-360.0,10000,JPY,confirmed,https://fx.dmm.com/api/fx/swap/swapcalendar_USD_JPY.json,2026-09-30T14:29:22+09:00
dmm_fx,USD/JPY,2026-08-28,2026-08-28,1,117.0,-120.0,10000,JPY,confirmed,https://fx.dmm.com/api/fx/swap/swapcalendar_USD_JPY.json,2026-09-30T14:29:22+09:00
dmm_fx,USD/JPY,2026-08-31,2026-08-31,1,117.0,-120.0,10000,JPY,confirmed,https://fx.dmm.com/api/fx/swap/swapcalendar_USD_JPY.json,2026-09-30T14:29:22+09:00
dmm_fx,USD/JPY,2026-09-01,2026-09-01,1,119.0,-122.0,10000,JPY,confirmed,https://fx.dmm.com/api/fx/swap/swapcalendar_USD_JPY.json,2026-09-30T14:29:22+09:00
dmm_fx,USD/JPY,2026-09-02,2026-09-02,1,119.0,-122.0,10000,JPY,confirmed,https://fx.dmm.com/api/fx/swap/swapcalendar_USD_JPY.json,2026-09-30T14:29:22+09:00
dmm_fx,USD/JPY,2026-09-03,2026-09-03,4,480.0,-492.0,10000,JPY,confirmed,https://fx.dmm.com/api/fx/swap/swapcalendar_USD_JPY.json,2026-09-30T14:29:22+09:00
dmm_fx,USD/JPY,2026-09-04,2026-09-04,0,0.0,0.0,10000,JPY,confirmed,https://fx.dmm.com/api/fx/swap/swapcalendar_USD_JPY.json,2026-09-30T14:29:22+09:00
dmm_fx,USD/JPY,2026-09-07,2026-09-07,1,115.0,-118.0,10000,JPY,confirmed,https://fx.dmm.com/api/fx/swap/swapcalendar_USD_JPY.json,2026-09-30T14:29:22+09:00
dmm_fx,USD/JPY,2026-09-08,2026-09-08,1,114.0,-117.0,10000,JPY,confirmed,https://fx.dmm.com/api/fx/swap/swapcalendar_USD_JPY.json,2026-09-30T14:29:22+09:00
dmm_fx,USD/JPY,2026-09-09,2026-09-09,1,110.0,-113.0,10000,JPY,confirmed,https://fx.dmm.com/api/fx/swap/swapcalendar_USD_JPY.json,2026-09-30T14:29:22+09:00
dmm_fx,USD/JPY,2026-09-10,2026-09-10,3,330.0,-339.0,10000,JPY,confirmed,https://fx.dmm.com/api/fx/swap/swapcalendar_USD_JPY.json,2026-09-30T14:29:22+09:00
dmm_fx,USD/JPY,2026-09-11,2026-09-11,1,110.0,-113.0,10000,JPY,confirmed,https://fx.dmm.com/api/fx/swap/swapcalendar_USD_JPY.json,2026-09-30T14:29:22+09:00
dmm_fx,USD/JPY,2026-09-14,2026-09-14,1,109.0,-112.0,10000,JPY,confirmed,https://fx.dmm.com/api/fx/swap/swapcalendar_USD_JPY.json,2026-09-30T14:29:22+09:00
dmm_fx,USD/JPY,2026-09-15,2026-09-15,1,110.0,-113.0,10000,JPY,confirmed,https://fx.dmm.com/api/fx/swap/swapcalendar_USD_JPY.json,2026-09-30T14:29:22+09:00
dmm_fx,USD/JPY,2026-09-16,2026-09-16,1,110.0,-113.0,10000,JPY,confirmed,https://fx.dmm.com/api/fx/swap/swapcalendar_USD_JPY.json,2026-09-30T14:29:22+09:00
dmm_fx,USD/JPY,2026-09-17,2026-09-17,6,660.0,-678.0,10000,JPY,confirmed,https://fx.dmm.com/api/fx/swap/swapcalendar_USD_JPY.json,2026-09-30T14:29:22+09:00
dmm_fx,USD/JPY,2026-09-18,2026-09-18,1,115.0,-118.0,10000,JPY,confirmed,https://fx.dmm.com/api/fx/swap/swapcalendar_USD_JPY.json,2026-09-30T14:29:22+09:00
dmm_fx,USD/JPY,2026-09-21,2026-09-21,0,0.0,0.0,10000,JPY,confirmed,https://fx.dmm.com/api/fx/swap/swapcalendar_USD_JPY.json,2026-09-30T14:29:22+09:00
dmm_fx,USD/JPY,2026-09-22,2026-09-22,0,0.0,0.0,10000,JPY,confirmed,https://fx.dmm.com/api/fx/swap/swapcalendar_USD_JPY.json,2026-09-30T14:29:22+09:00
dmm_fx,USD/JPY,2026-09-23,2026-09-23,0,0.0,0.0,10000,JPY,confirmed,https://fx.dmm.com/api/fx/swap/swapcalendar_USD_JPY.json,2026-09-30T14:29:22+09:00
dmm_fx,USD/JPY,2026-09-24,2026-09-24,3,345.0,-354.0,10000,JPY,confirmed,https://fx.dmm.com/api/fx/swap/swapcalendar_USD_JPY.json,2026-09-30T14:29:22+09:00
dmm_fx,USD/JPY,2026-09-25,2026-09-25,1,117.0,-120.0,10000,JPY,confirmed,https://fx.dmm.com/api/fx/swap/swapcalendar_USD_JPY.json,2026-09-30T14:29:22+09:00
dmm_fx,USD/JPY,2026-09-28,2026-09-28,1,119.0,-122.0,10000,JPY,confirmed,https://fx.dmm.com/api/fx/swap/swapcalendar_USD_JPY.json,2026-09-30T14:29:22+09:00
dmm_fx,USD/JPY,2026-09-29,2026-09-29,1,119.0,-122.0,10000,JPY,confirmed,https://fx.dmm.com/api/fx/swap/swapcalendar_USD_JPY.json,2026-09-30T14:29:22+09:00
dmm_fx,USD/JPY,2026-09-30,2026-09-30,1,119.0,-122.0,10000,JPY,confirmed,https://fx.dmm.com/api/fx/swap/swapcalendar_USD_JPY.json,2026-09-30T14:29:22+09:00
dmm_fx,USD/JPY,2026-10-01,2026-10-01,3,357.0,-366.0,10000,JPY,scheduled,https://fx.dmm.com/api/fx/swap/swapcalendar_USD_JPY.json,2026-09-30T14:29:22+09:00
dmm_fx,ZAR/JPY,2026-08-03,2026-08-03,1,12.0,-15.0,10000,JPY,confirmed,https://fx.dmm.com/api/fx/swap/swapcalendar_ZAR_JPY.json,2026-09-30T14:29:24+09:00
dmm_fx,ZAR/JPY,2026-08-04,2026-08-04,1,13.0,-16.0,10000,JPY,confirmed,https://fx.dmm.com/api/fx/swap/swapcalendar_ZAR_JPY.json,2026-09-30T14:29:24+09:00
dmm_fx,ZAR/JPY,2026-08-05,2026-08-05,1,12.0,-15.0,10000,JPY,confirmed,https://fx.dmm.com/api/fx/swap/swapcalendar_ZAR_JPY.json,2026-09-30T14:29:24+09:00
dmm_fx,ZAR/JPY,2026-08-06,2026-08-06,5,50.0,-65.0,10000,JPY,confirmed,https://fx.dmm.com/api/fx/swap/swapcalendar_ZAR_JPY.json,2026-09-30T14:29:24+09:00
dmm_fx,ZAR/JPY,2026-08-07,2026-08-07,0,0.0,0.0,10000,JPY,confirmed,https://fx.dmm.com/api/fx/swap/swapcalendar_ZAR_JPY.json,2026-09-30T14:29:24+09:00
dmm_fx,ZAR/JPY,2026-08-10,2026-08-10,1,12.0,-15.0,10000,JPY,confirmed,https://fx.dmm.com/api/fx/swap/swapcalendar_ZAR_JPY.json,2026-09-30T14:29:24+09:00
dmm_fx,ZAR/JPY,2026-08-11,2026-08-11,0,0.0,0.0,10000,JPY,confirmed,https://fx.dmm.com/api/fx/swap/swapcalendar_ZAR_JPY.json,2026-09-30T14:29:24+09:00
dmm_fx,ZAR/JPY,2026-08-12,2026-08-12,1,13.0,-16.0,10000,JPY,confirmed,https://fx.dmm.com/api/fx/swap/swapcalendar_ZAR_JPY.json,2026-09-30T14:29:24+09:00
dmm_fx,ZAR/JPY,2026-08-13,2026-08-13,3,39.0,-48.0,10000,JPY,confirmed,https://fx.dmm.com/api/fx/swap/swapcalendar_ZAR_JPY.json,2026-09-30T14:29:24+09:00
dmm_fx,ZAR/JPY,2026-08-14,2026-08-14,1,13.0,-16.0,10000,JPY,confirmed,https://fx.dmm.com/api/fx/swap/swapcalendar_ZAR_JPY.json,2026-09-30T14:29:24+09:00
dmm_fx,ZAR/JPY,2026-08-17,2026-08-17,1,13.0,-16.0,10000,JPY,confirmed,https://fx.dmm.com/api/fx/swap/swapcalendar_ZAR_JPY.json,2026-09-30T14:29:24+09:00
dmm_fx,ZAR/JPY,2026-08-18,2026-08-18,1,13.0,-16.0,10000,JPY,confirmed,https://fx.dmm.com/api/fx/swap/swapcalendar_ZAR_JPY.json,2026-09-30T14:29:24+09:00
dmm_fx,ZAR/JPY,2026-08-19,2026-08-19,1,12.0,-15.0,10000,JPY,confirmed,https://fx.dmm.com/api/fx/swap/swapcalendar_ZAR_JPY.json,2026-09-30T14:29:24+09:00
dmm_fx,ZAR/JPY,2026-08-20,2026-08-20,3,33.0,-42.0,10000,JPY,confirmed,https://fx.dmm.com/api/fx/swap/swapcalendar_ZAR_JPY.json,2026-09-30T14:29:24+09:00
dmm_fx,ZAR/JPY,2026-08-21,2026-08-21,1,11.0,-14.0,10000,JPY,confirmed,https://fx.dmm.com/api/fx/swap/swapcalendar_ZAR_JPY.json,2026-09-30T14:29:24+09:00
dmm_fx,ZAR/JPY,2026-08-24,2026-08-24,1,12.0,-15.0,10000,JPY,confirmed,https://fx.dmm.com/api/fx/swap/swapcalendar_ZAR_JPY.json,2026-09-30T14:29:24+09:00
dmm_fx,ZAR/JPY,2026-08-25,2026-08-25,1,12.0,-15.0,10000,JPY,confirmed,https://fx.dmm.com/api/fx/swap/swapcalendar_ZAR_JPY.json,2026-09-30T14:29:24+09:00
dmm_fx,ZAR/JPY,2026-08-26,2026-08-26,1,13.0,-16.0,10000,JPY,confirmed,https://fx.dmm.com/api/fx/swap/swapcalendar_ZAR_JPY.json,2026-09-30T14:29:24+09:00
dmm_fx,ZAR/JPY,2026-08-27,2026-08-27,3,39.0,-48.0,10000,JPY,confirmed,https://fx.dmm.com/api/fx/swap/swapcalendar_ZAR_JPY.json,2026-09-30T14:29:24+09:00
dmm_fx,ZAR/JPY,2026-08-28,2026-08-28,1,13.0,-16.0,10000,JPY,confirmed,https://fx.dmm.com/api/fx/swap/swapcalendar_ZAR_JPY.json,2026-09-30T14:29:24+09:00
dmm_fx,ZAR/JPY,2026-08-31,2026-08-31,1,13.0,-16.0,10000,JPY,confirmed,https://fx.dmm.com/api/fx/swap/swapcalendar_ZAR_JPY.json,2026-09-30T14:29:24+09:00
dmm_fx,ZAR/JPY,2026-09-01,2026-09-01,1,12.0,-15.0,10000,JPY,confirmed,https://fx.dmm.com/api/fx/swap/swapcalendar_ZAR_JPY.json,2026-09-30T14:29:24+09:00
dmm_fx,ZAR/JPY,2026-09-02,2026-09-02,1,12.0,-15.0,10000,JPY,confirmed,https://fx.dmm.com/api/fx/swap/swapcalendar_ZAR_JPY.json,2026-09-30T14:29:24+09:00
dmm_fx,ZAR/JPY,2026-09-03,2026-09-03,4,52.0,-64.0,10000,JPY,confirmed,https://fx.dmm.com/api/fx/swap/swapcalendar_ZAR_JPY.json,2026-09-30T14:29:24+09:00
dmm_fx,ZAR/JPY,2026-09-04,2026-09-04,0,0.0,0.0,10000,JPY,confirmed,https://fx.dmm.com/api/fx/swap/swapcalendar_ZAR_JPY.json,2026-09-30T14:29:24+09:00
dmm_fx,ZAR/JPY,2026-09-07,2026-09-07,1,12.0,-15.0,10000,JPY,confirmed,https://fx.dmm.com/api/fx/swap/swapcalendar_ZAR_JPY.json,2026-09-30T14:29:24+09:00
dmm_fx,ZAR/JPY,2026-09-08,2026-09-08,1,12.0,-15.0,10000,JPY,confirmed,https://fx.dmm.com/api/fx/swap/swapcalendar_ZAR_JPY.json,2026-09-30T14:29:24+09:00
dmm_fx,ZAR/JPY,2026-09-09,2026-09-09,1,12.0,-15.0,10000,JPY,confirmed,https://fx.dmm.com/api/fx/swap/swapcalendar_ZAR_JPY.json,2026-09-30T14:29:24+09:00
dmm_fx,ZAR/JPY,2026-09-10,2026-09-10,3,36.0,-45.0,10000,JPY,confirmed,https://fx.dmm.com/api/fx/swap/swapcalendar_ZAR_JPY.json,2026-09-30T14:29:24+09:00
dmm_fx,ZAR/JPY,2026-09-11,2026-09-11,1,12.0,-15.0,10000,JPY,confirmed,https://fx.dmm.com/api/fx/swap/swapcalendar_ZAR_JPY.json,2026-09-30T14:29:24+09:00
dmm_fx,ZAR/JPY,2026-09-14,2026-09-14,1,12.0,-15.0,10000,JPY,confirmed,https://fx.dmm.com/api/fx/swap/swapcalendar_ZAR_JPY.json,2026-09-30T14:29:24+09:00
dmm_fx,ZAR/JPY,2026-09-15,2026-09-15,1,12.0,-15.0,10000,JPY,confirmed,https://fx.dmm.com/api/fx/swap/swapcalendar_ZAR_JPY.json,2026-09-30T14:29:24+09:00
dmm_fx,ZAR/JPY,2026-09-16,2026-09-16,1,12.0,-15.0,10000,JPY,confirmed,https://fx.dmm.com/api/fx/swap/swapcalendar_ZAR_JPY.json,2026-09-30T14:29:24+09:00
dmm_fx,ZAR/JPY,2026-09-17,2026-09-17,7,84.0,-105.0,10000,JPY,confirmed,https://fx.dmm.com/api/fx/swap/swapcalendar_ZAR_JPY.json,2026-09-30T14:29:24+09:00
dmm_fx,ZAR/JPY,2026-09-18,2026-09-18,0,0.0,0.0,10000,JPY,confirmed,https://fx.dmm.com/api/fx/swap/swapcalendar_ZAR_JPY.json,2026-09-30T14:29:24+09:00
dmm_fx,ZAR/JPY,2026-09-21,2026-09-21,0,0.0,0.0,10000,JPY,confirmed,https://fx.dmm.com/api/fx/swap/swapcalendar_ZAR_JPY.json,2026-09-30T14:29:24+09:00
dmm_fx,ZAR/JPY,2026-09-22,2026-09-22,0,0.0,0.0,10000,JPY,confirmed,https://fx.dmm.com/api/fx/swap/swapcalendar_ZAR_JPY.json,2026-09-30T14:29:24+09:00
dmm_fx,ZAR/JPY,2026-09-23,2026-09-23,3,36.0,-45.0,10000,JPY,confirmed,https://fx.dmm.com/api/fx/swap/swapcalendar_ZAR_JPY.json,2026-09-30T14:29:24+09:00
dmm_fx,ZAR/JPY,2026-09-24,2026-09-24,0,0.0,0.0,10000,JPY,confirmed,https://fx.dmm.com/api/fx/swap/swapcalendar_ZAR_JPY.json,2026-09-30T14:29:24+09:00
dmm_fx,ZAR/JPY,2026-09-25,2026-09-25,1,12.0,-15.0,10000,JPY,confirmed,https://fx.dmm.com/api/fx/swap/swapcalendar_ZAR_JPY.json,2026-09-30T14:29:24+09:00
dmm_fx,ZAR/JPY,2026-09-28,2026-09-28,1,12.0,-15.0,10000,JPY,confirmed,https://fx.dmm.com/api/fx/swap/swapcalendar_ZAR_JPY.json,2026-09-30T14:29:24+09:00
dmm_fx,ZAR/JPY,2026-09-29,2026-09-29,1,13.0,-16.0,10000,JPY,confirmed,https://fx.dmm.com/api/fx/swap/swapcalendar_ZAR_JPY.json,2026-09-30T14:29:24+09:00
dmm_fx,ZAR/JPY,2026-09-30,2026-09-30,1,13.0,-16.0,10000,JPY,confirmed,https://fx.dmm.com/api/fx/swap/swapcalendar_ZAR_JPY.json,2026-09-30T14:29:24+09:00
dmm_fx,ZAR/JPY,2026-10-01,2026-10-01,3,39.0,-48.0,10000,JPY,scheduled,https://fx.dmm.com/api/fx/swap/swapcalendar_ZAR_JPY.json,2026-09-30T14:29:24+09:00
