broker,pair,trade_date,effective_date,sp_days,long_swap_jpy,short_swap_jpy,unit,swap_currency,status,source,fetched_at
lightfx,AUD/CAD,2026-08-26,2026-08-27,3,196.2,-196.4,10000,JPY,confirmed,https://lightfx.jp/market/swap/,2026-09-26T23:25:14+09:00
lightfx,AUD/CAD,2026-08-27,2026-08-28,1,65.5,-65.6,10000,JPY,confirmed,https://lightfx.jp/market/swap/,2026-09-27T14:16:02+09:00
lightfx,AUD/CAD,2026-08-28,2026-08-31,1,65.6,-65.7,10000,JPY,confirmed,https://lightfx.jp/market/swap/,2026-09-28T14:19:56+09:00
lightfx,AUD/CAD,2026-08-31,2026-09-01,1,65.7,-65.8,10000,JPY,confirmed,https://lightfx.jp/market/swap/,2026-09-30T14:29:38+09:00
lightfx,AUD/CAD,2026-09-01,2026-09-02,1,65.6,-65.8,10000,JPY,confirmed,https://lightfx.jp/market/swap/,2026-09-30T14:29:38+09:00
lightfx,AUD/CAD,2026-09-02,2026-09-03,4,261.3,-261.5,10000,JPY,confirmed,https://lightfx.jp/market/swap/,2026-10-02T14:32:44+09:00
lightfx,AUD/CAD,2026-09-03,2026-09-04,0,,,10000,JPY,scheduled,https://lightfx.jp/market/swap/,2026-10-03T14:16:05+09:00
lightfx,AUD/CAD,2026-09-04,2026-09-07,1,64.3,-64.4,10000,JPY,confirmed,https://lightfx.jp/market/swap/,2026-10-04T14:48:39+09:00
lightfx,AUD/CAD,2026-09-07,2026-09-08,1,63.6,-63.8,10000,JPY,confirmed,https://lightfx.jp/market/swap/,2026-10-05T14:34:42+09:00
lightfx,AUD/CAD,2026-09-08,2026-09-09,1,63.6,-63.8,10000,JPY,confirmed,https://lightfx.jp/market/swap/,2026-10-05T14:34:42+09:00
lightfx,AUD/CAD,2026-09-09,2026-09-10,3,190.1,-190.3,10000,JPY,confirmed,https://lightfx.jp/market/swap/,2026-10-05T14:34:42+09:00
lightfx,AUD/CAD,2026-09-10,2026-09-11,1,63.6,-63.7,10000,JPY,confirmed,https://lightfx.jp/market/swap/,2026-10-05T14:34:42+09:00
lightfx,AUD/CAD,2026-09-11,2026-09-14,1,63.1,-63.2,10000,JPY,confirmed,https://lightfx.jp/market/swap/,2026-10-05T14:34:42+09:00
lightfx,AUD/CAD,2026-09-14,2026-09-15,1,63.2,-63.4,10000,JPY,confirmed,https://lightfx.jp/market/swap/,2026-10-05T14:34:42+09:00
lightfx,AUD/CAD,2026-09-15,2026-09-16,1,63.4,-63.6,10000,JPY,confirmed,https://lightfx.jp/market/swap/,2026-10-05T14:34:42+09:00
lightfx,AUD/CAD,2026-09-16,2026-09-17,3,184.3,-184.5,10000,JPY,confirmed,https://lightfx.jp/market/swap/,2026-10-05T14:34:42+09:00
lightfx,AUD/CAD,2026-09-17,2026-09-18,1,61.3,-61.4,10000,JPY,confirmed,https://lightfx.jp/market/swap/,2026-10-05T14:34:42+09:00
lightfx,AUD/CAD,2026-09-18,2026-09-21,1,61.7,-61.8,10000,JPY,confirmed,https://lightfx.jp/market/swap/,2026-10-05T14:34:42+09:00
lightfx,AUD/CAD,2026-09-21,2026-09-22,1,61.6,-61.7,10000,JPY,confirmed,https://lightfx.jp/market/swap/,2026-10-05T14:34:42+09:00
lightfx,AUD/CAD,2026-09-22,2026-09-23,1,61.5,-61.6,10000,JPY,confirmed,https://lightfx.jp/market/swap/,2026-10-05T14:34:42+09:00
lightfx,AUD/CAD,2026-09-23,2026-09-24,3,185.2,-185.3,10000,JPY,confirmed,https://lightfx.jp/market/swap/,2026-10-05T14:34:42+09:00
lightfx,AUD/CAD,2026-09-24,2026-09-25,1,61.8,-61.9,10000,JPY,confirmed,https://lightfx.jp/market/swap/,2026-10-05T14:34:42+09:00
lightfx,AUD/CAD,2026-09-25,2026-09-28,2,122.3,-122.4,10000,JPY,confirmed,https://lightfx.jp/market/swap/,2026-10-05T14:34:42+09:00
lightfx,AUD/CAD,2026-09-28,2026-09-29,0,,,10000,JPY,scheduled,https://lightfx.jp/market/swap/,2026-10-05T14:34:42+09:00
lightfx,AUD/CAD,2026-09-29,2026-09-30,1,60.9,-61.0,10000,JPY,confirmed,https://lightfx.jp/market/swap/,2026-10-05T14:34:42+09:00
lightfx,AUD/CAD,2026-09-30,2026-10-01,4,243.2,-243.4,10000,JPY,confirmed,https://lightfx.jp/market/swap/,2026-10-05T14:34:42+09:00
lightfx,AUD/CAD,2026-10-01,2026-10-02,1,61.1,-61.2,10000,JPY,confirmed,https://lightfx.jp/market/swap/,2026-10-05T14:34:42+09:00
lightfx,AUD/CAD,2026-10-02,2026-10-05,0,,,10000,JPY,scheduled,https://lightfx.jp/market/swap/,2026-10-05T14:34:42+09:00
lightfx,AUD/CAD,2026-10-05,2026-10-06,1,,,10000,JPY,scheduled,https://lightfx.jp/market/swap/,2026-10-05T14:34:42+09:00
lightfx,AUD/JPY,2026-08-26,2026-08-27,3,303.0,-303.0,10000,JPY,confirmed,https://lightfx.jp/market/swap/,2026-09-26T23:25:14+09:00
lightfx,AUD/JPY,2026-08-27,2026-08-28,1,101.0,-101.0,10000,JPY,confirmed,https://lightfx.jp/market/swap/,2026-09-27T14:16:02+09:00
lightfx,AUD/JPY,2026-08-28,2026-08-31,1,111.0,-111.0,10000,JPY,confirmed,https://lightfx.jp/market/swap/,2026-09-28T14:19:56+09:00
lightfx,AUD/JPY,2026-08-31,2026-09-01,1,111.0,-111.0,10000,JPY,confirmed,https://lightfx.jp/market/swap/,2026-09-30T14:29:38+09:00
lightfx,AUD/JPY,2026-09-01,2026-09-02,1,111.0,-111.0,10000,JPY,confirmed,https://lightfx.jp/market/swap/,2026-09-30T14:29:38+09:00
lightfx,AUD/JPY,2026-09-02,2026-09-03,4,424.0,-424.0,10000,JPY,confirmed,https://lightfx.jp/market/swap/,2026-10-02T14:32:44+09:00
lightfx,AUD/JPY,2026-09-03,2026-09-04,0,,,10000,JPY,scheduled,https://lightfx.jp/market/swap/,2026-10-03T14:16:05+09:00
lightfx,AUD/JPY,2026-09-04,2026-09-07,1,101.0,-101.0,10000,JPY,confirmed,https://lightfx.jp/market/swap/,2026-10-04T14:48:39+09:00
lightfx,AUD/JPY,2026-09-07,2026-09-08,1,101.0,-101.0,10000,JPY,confirmed,https://lightfx.jp/market/swap/,2026-10-05T14:34:42+09:00
lightfx,AUD/JPY,2026-09-08,2026-09-09,1,98.0,-98.0,10000,JPY,confirmed,https://lightfx.jp/market/swap/,2026-10-05T14:34:42+09:00
lightfx,AUD/JPY,2026-09-09,2026-09-10,3,279.0,-279.0,10000,JPY,confirmed,https://lightfx.jp/market/swap/,2026-10-05T14:34:42+09:00
lightfx,AUD/JPY,2026-09-10,2026-09-11,1,94.0,-94.0,10000,JPY,confirmed,https://lightfx.jp/market/swap/,2026-10-05T14:34:42+09:00
lightfx,AUD/JPY,2026-09-11,2026-09-14,1,97.0,-97.0,10000,JPY,confirmed,https://lightfx.jp/market/swap/,2026-10-05T14:34:42+09:00
lightfx,AUD/JPY,2026-09-14,2026-09-15,1,97.0,-97.0,10000,JPY,confirmed,https://lightfx.jp/market/swap/,2026-10-05T14:34:42+09:00
lightfx,AUD/JPY,2026-09-15,2026-09-16,1,97.0,-97.0,10000,JPY,confirmed,https://lightfx.jp/market/swap/,2026-10-05T14:34:42+09:00
lightfx,AUD/JPY,2026-09-16,2026-09-17,6,582.0,-582.0,10000,JPY,confirmed,https://lightfx.jp/market/swap/,2026-10-05T14:34:42+09:00
lightfx,AUD/JPY,2026-09-17,2026-09-18,1,99.0,-99.0,10000,JPY,confirmed,https://lightfx.jp/market/swap/,2026-10-05T14:34:42+09:00
lightfx,AUD/JPY,2026-09-18,2026-09-21,0,,,10000,JPY,scheduled,https://lightfx.jp/market/swap/,2026-10-05T14:34:42+09:00
lightfx,AUD/JPY,2026-09-21,2026-09-22,0,,,10000,JPY,scheduled,https://lightfx.jp/market/swap/,2026-10-05T14:34:42+09:00
lightfx,AUD/JPY,2026-09-22,2026-09-23,0,,,10000,JPY,scheduled,https://lightfx.jp/market/swap/,2026-10-05T14:34:42+09:00
lightfx,AUD/JPY,2026-09-23,2026-09-24,3,285.0,-285.0,10000,JPY,confirmed,https://lightfx.jp/market/swap/,2026-10-05T14:34:42+09:00
lightfx,AUD/JPY,2026-09-24,2026-09-25,1,91.0,-91.0,10000,JPY,confirmed,https://lightfx.jp/market/swap/,2026-10-05T14:34:42+09:00
lightfx,AUD/JPY,2026-09-25,2026-09-28,1,91.0,-91.0,10000,JPY,confirmed,https://lightfx.jp/market/swap/,2026-10-05T14:34:42+09:00
lightfx,AUD/JPY,2026-09-28,2026-09-29,1,91.0,-91.0,10000,JPY,confirmed,https://lightfx.jp/market/swap/,2026-10-05T14:34:42+09:00
lightfx,AUD/JPY,2026-09-29,2026-09-30,1,91.0,-91.0,10000,JPY,confirmed,https://lightfx.jp/market/swap/,2026-10-05T14:34:42+09:00
lightfx,AUD/JPY,2026-09-30,2026-10-01,4,384.0,-384.0,10000,JPY,confirmed,https://lightfx.jp/market/swap/,2026-10-05T14:34:42+09:00
lightfx,AUD/JPY,2026-10-01,2026-10-02,1,96.0,-96.0,10000,JPY,confirmed,https://lightfx.jp/market/swap/,2026-10-05T14:34:42+09:00
lightfx,AUD/JPY,2026-10-02,2026-10-05,0,,,10000,JPY,scheduled,https://lightfx.jp/market/swap/,2026-10-05T14:34:42+09:00
lightfx,AUD/JPY,2026-10-05,2026-10-06,1,,,10000,JPY,scheduled,https://lightfx.jp/market/swap/,2026-10-05T14:34:42+09:00
lightfx,AUD/NZD,2026-08-26,2026-08-27,3,141.9,-142.1,10000,JPY,confirmed,https://lightfx.jp/market/swap/,2026-09-26T23:25:14+09:00
lightfx,AUD/NZD,2026-08-27,2026-08-28,1,47.4,-47.5,10000,JPY,confirmed,https://lightfx.jp/market/swap/,2026-09-27T14:16:02+09:00
lightfx,AUD/NZD,2026-08-28,2026-08-31,1,47.3,-47.4,10000,JPY,confirmed,https://lightfx.jp/market/swap/,2026-09-28T14:19:56+09:00
lightfx,AUD/NZD,2026-08-31,2026-09-01,1,47.2,-47.3,10000,JPY,confirmed,https://lightfx.jp/market/swap/,2026-09-30T14:29:38+09:00
lightfx,AUD/NZD,2026-09-01,2026-09-02,1,47.1,-47.2,10000,JPY,confirmed,https://lightfx.jp/market/swap/,2026-09-30T14:29:38+09:00
lightfx,AUD/NZD,2026-09-02,2026-09-03,4,222.7,-223.0,10000,JPY,confirmed,https://lightfx.jp/market/swap/,2026-10-02T14:32:44+09:00
lightfx,AUD/NZD,2026-09-03,2026-09-04,0,,,10000,JPY,scheduled,https://lightfx.jp/market/swap/,2026-10-03T14:16:05+09:00
lightfx,AUD/NZD,2026-09-04,2026-09-07,1,40.4,-40.5,10000,JPY,confirmed,https://lightfx.jp/market/swap/,2026-10-04T14:48:39+09:00
lightfx,AUD/NZD,2026-09-07,2026-09-08,1,39.9,-40.0,10000,JPY,confirmed,https://lightfx.jp/market/swap/,2026-10-05T14:34:42+09:00
lightfx,AUD/NZD,2026-09-08,2026-09-09,1,44.1,-44.2,10000,JPY,confirmed,https://lightfx.jp/market/swap/,2026-10-05T14:34:42+09:00
lightfx,AUD/NZD,2026-09-09,2026-09-10,3,131.7,-131.8,10000,JPY,confirmed,https://lightfx.jp/market/swap/,2026-10-05T14:34:42+09:00
lightfx,AUD/NZD,2026-09-10,2026-09-11,1,43.8,-43.9,10000,JPY,confirmed,https://lightfx.jp/market/swap/,2026-10-05T14:34:42+09:00
lightfx,AUD/NZD,2026-09-11,2026-09-14,1,50.0,-50.1,10000,JPY,confirmed,https://lightfx.jp/market/swap/,2026-10-05T14:34:42+09:00
lightfx,AUD/NZD,2026-09-14,2026-09-15,1,49.9,-50.0,10000,JPY,confirmed,https://lightfx.jp/market/swap/,2026-10-05T14:34:42+09:00
lightfx,AUD/NZD,2026-09-15,2026-09-16,1,49.9,-50.1,10000,JPY,confirmed,https://lightfx.jp/market/swap/,2026-10-05T14:34:42+09:00
lightfx,AUD/NZD,2026-09-16,2026-09-17,3,149.9,-150.1,10000,JPY,confirmed,https://lightfx.jp/market/swap/,2026-10-05T14:34:42+09:00
lightfx,AUD/NZD,2026-09-17,2026-09-18,1,50.0,-50.1,10000,JPY,confirmed,https://lightfx.jp/market/swap/,2026-10-05T14:34:42+09:00
lightfx,AUD/NZD,2026-09-18,2026-09-21,1,52.0,-52.1,10000,JPY,confirmed,https://lightfx.jp/market/swap/,2026-10-05T14:34:42+09:00
lightfx,AUD/NZD,2026-09-21,2026-09-22,1,52.1,-52.2,10000,JPY,confirmed,https://lightfx.jp/market/swap/,2026-10-05T14:34:42+09:00
lightfx,AUD/NZD,2026-09-22,2026-09-23,1,52.2,-52.4,10000,JPY,confirmed,https://lightfx.jp/market/swap/,2026-10-05T14:34:42+09:00
lightfx,AUD/NZD,2026-09-23,2026-09-24,3,167.0,-167.2,10000,JPY,confirmed,https://lightfx.jp/market/swap/,2026-10-05T14:34:42+09:00
lightfx,AUD/NZD,2026-09-24,2026-09-25,1,50.3,-50.4,10000,JPY,confirmed,https://lightfx.jp/market/swap/,2026-10-05T14:34:42+09:00
lightfx,AUD/NZD,2026-09-25,2026-09-28,1,49.9,-50.0,10000,JPY,confirmed,https://lightfx.jp/market/swap/,2026-10-05T14:34:42+09:00
lightfx,AUD/NZD,2026-09-28,2026-09-29,1,55.2,-55.4,10000,JPY,confirmed,https://lightfx.jp/market/swap/,2026-10-05T14:34:42+09:00
lightfx,AUD/NZD,2026-09-29,2026-09-30,1,60.3,-60.4,10000,JPY,confirmed,https://lightfx.jp/market/swap/,2026-10-05T14:34:42+09:00
lightfx,AUD/NZD,2026-09-30,2026-10-01,4,241.0,-241.2,10000,JPY,confirmed,https://lightfx.jp/market/swap/,2026-10-05T14:34:42+09:00
lightfx,AUD/NZD,2026-10-01,2026-10-02,1,60.2,-60.3,10000,JPY,confirmed,https://lightfx.jp/market/swap/,2026-10-05T14:34:42+09:00
lightfx,AUD/NZD,2026-10-02,2026-10-05,0,,,10000,JPY,scheduled,https://lightfx.jp/market/swap/,2026-10-05T14:34:42+09:00
lightfx,AUD/NZD,2026-10-05,2026-10-06,1,,,10000,JPY,scheduled,https://lightfx.jp/market/swap/,2026-10-05T14:34:42+09:00
lightfx,AUD/USD,2026-08-26,2026-08-27,3,43.0,-43.1,10000,JPY,confirmed,https://lightfx.jp/market/swap/,2026-09-26T23:25:14+09:00
lightfx,AUD/USD,2026-08-27,2026-08-28,1,14.3,-14.4,10000,JPY,confirmed,https://lightfx.jp/market/swap/,2026-09-27T14:16:02+09:00
lightfx,AUD/USD,2026-08-28,2026-08-31,1,14.4,-14.5,10000,JPY,confirmed,https://lightfx.jp/market/swap/,2026-09-28T14:19:56+09:00
lightfx,AUD/USD,2026-08-31,2026-09-01,1,14.3,-14.4,10000,JPY,confirmed,https://lightfx.jp/market/swap/,2026-09-30T14:29:38+09:00
lightfx,AUD/USD,2026-09-01,2026-09-02,1,14.4,-14.5,10000,JPY,confirmed,https://lightfx.jp/market/swap/,2026-09-30T14:29:38+09:00
lightfx,AUD/USD,2026-09-02,2026-09-03,4,57.1,-57.2,10000,JPY,confirmed,https://lightfx.jp/market/swap/,2026-10-02T14:32:44+09:00
lightfx,AUD/USD,2026-09-03,2026-09-04,0,,,10000,JPY,scheduled,https://lightfx.jp/market/swap/,2026-10-03T14:16:05+09:00
lightfx,AUD/USD,2026-09-04,2026-09-07,1,14.0,-14.1,10000,JPY,confirmed,https://lightfx.jp/market/swap/,2026-10-04T14:48:39+09:00
lightfx,AUD/USD,2026-09-07,2026-09-08,1,13.8,-13.9,10000,JPY,confirmed,https://lightfx.jp/market/swap/,2026-10-05T14:34:42+09:00
lightfx,AUD/USD,2026-09-08,2026-09-09,1,13.8,-13.9,10000,JPY,confirmed,https://lightfx.jp/market/swap/,2026-10-05T14:34:42+09:00
lightfx,AUD/USD,2026-09-09,2026-09-10,3,41.4,-41.5,10000,JPY,confirmed,https://lightfx.jp/market/swap/,2026-10-05T14:34:42+09:00
lightfx,AUD/USD,2026-09-10,2026-09-11,1,13.9,-14.0,10000,JPY,confirmed,https://lightfx.jp/market/swap/,2026-10-05T14:34:42+09:00
lightfx,AUD/USD,2026-09-11,2026-09-14,1,13.8,-13.9,10000,JPY,confirmed,https://lightfx.jp/market/swap/,2026-10-05T14:34:42+09:00
lightfx,AUD/USD,2026-09-14,2026-09-15,1,13.8,-13.9,10000,JPY,confirmed,https://lightfx.jp/market/swap/,2026-10-05T14:34:42+09:00
lightfx,AUD/USD,2026-09-15,2026-09-16,1,13.9,-14.0,10000,JPY,confirmed,https://lightfx.jp/market/swap/,2026-10-05T14:34:42+09:00
lightfx,AUD/USD,2026-09-16,2026-09-17,3,42.1,-42.3,10000,JPY,confirmed,https://lightfx.jp/market/swap/,2026-10-05T14:34:42+09:00
lightfx,AUD/USD,2026-09-17,2026-09-18,1,14.0,-14.1,10000,JPY,confirmed,https://lightfx.jp/market/swap/,2026-10-05T14:34:42+09:00
lightfx,AUD/USD,2026-09-18,2026-09-21,1,14.1,-14.2,10000,JPY,confirmed,https://lightfx.jp/market/swap/,2026-10-05T14:34:42+09:00
lightfx,AUD/USD,2026-09-21,2026-09-22,1,14.1,-14.2,10000,JPY,confirmed,https://lightfx.jp/market/swap/,2026-10-05T14:34:42+09:00
lightfx,AUD/USD,2026-09-22,2026-09-23,1,6.2,-6.3,10000,JPY,confirmed,https://lightfx.jp/market/swap/,2026-10-05T14:34:42+09:00
lightfx,AUD/USD,2026-09-23,2026-09-24,3,19.0,-19.1,10000,JPY,confirmed,https://lightfx.jp/market/swap/,2026-10-05T14:34:42+09:00
lightfx,AUD/USD,2026-09-24,2026-09-25,1,6.3,-6.4,10000,JPY,confirmed,https://lightfx.jp/market/swap/,2026-10-05T14:34:42+09:00
lightfx,AUD/USD,2026-09-25,2026-09-28,1,6.2,-6.3,10000,JPY,confirmed,https://lightfx.jp/market/swap/,2026-10-05T14:34:42+09:00
lightfx,AUD/USD,2026-09-28,2026-09-29,1,6.2,-6.3,10000,JPY,confirmed,https://lightfx.jp/market/swap/,2026-10-05T14:34:42+09:00
lightfx,AUD/USD,2026-09-29,2026-09-30,1,6.2,-6.3,10000,JPY,confirmed,https://lightfx.jp/market/swap/,2026-10-05T14:34:42+09:00
lightfx,AUD/USD,2026-09-30,2026-10-01,4,25.1,-25.2,10000,JPY,confirmed,https://lightfx.jp/market/swap/,2026-10-05T14:34:42+09:00
lightfx,AUD/USD,2026-10-01,2026-10-02,1,6.3,-6.4,10000,JPY,confirmed,https://lightfx.jp/market/swap/,2026-10-05T14:34:42+09:00
lightfx,AUD/USD,2026-10-02,2026-10-05,0,,,10000,JPY,scheduled,https://lightfx.jp/market/swap/,2026-10-05T14:34:42+09:00
lightfx,AUD/USD,2026-10-05,2026-10-06,1,,,10000,JPY,scheduled,https://lightfx.jp/market/swap/,2026-10-05T14:34:42+09:00
lightfx,CAD/JPY,2026-08-26,2026-08-27,3,120.0,-120.0,10000,JPY,confirmed,https://lightfx.jp/market/swap/,2026-09-26T23:25:14+09:00
lightfx,CAD/JPY,2026-08-27,2026-08-28,1,40.0,-40.0,10000,JPY,confirmed,https://lightfx.jp/market/swap/,2026-09-27T14:16:02+09:00
lightfx,CAD/JPY,2026-08-28,2026-08-31,1,40.0,-40.0,10000,JPY,confirmed,https://lightfx.jp/market/swap/,2026-09-28T14:19:56+09:00
lightfx,CAD/JPY,2026-08-31,2026-09-01,1,40.0,-40.0,10000,JPY,confirmed,https://lightfx.jp/market/swap/,2026-09-30T14:29:38+09:00
lightfx,CAD/JPY,2026-09-01,2026-09-02,1,40.0,-40.0,10000,JPY,confirmed,https://lightfx.jp/market/swap/,2026-09-30T14:29:38+09:00
lightfx,CAD/JPY,2026-09-02,2026-09-03,4,160.0,-160.0,10000,JPY,confirmed,https://lightfx.jp/market/swap/,2026-10-02T14:32:44+09:00
lightfx,CAD/JPY,2026-09-03,2026-09-04,0,,,10000,JPY,scheduled,https://lightfx.jp/market/swap/,2026-10-03T14:16:05+09:00
lightfx,CAD/JPY,2026-09-04,2026-09-07,1,40.0,-40.0,10000,JPY,confirmed,https://lightfx.jp/market/swap/,2026-10-04T14:48:39+09:00
lightfx,CAD/JPY,2026-09-07,2026-09-08,1,40.0,-40.0,10000,JPY,confirmed,https://lightfx.jp/market/swap/,2026-10-05T14:34:42+09:00
lightfx,CAD/JPY,2026-09-08,2026-09-09,1,40.0,-40.0,10000,JPY,confirmed,https://lightfx.jp/market/swap/,2026-10-05T14:34:42+09:00
lightfx,CAD/JPY,2026-09-09,2026-09-10,3,120.0,-120.0,10000,JPY,confirmed,https://lightfx.jp/market/swap/,2026-10-05T14:34:42+09:00
lightfx,CAD/JPY,2026-09-10,2026-09-11,1,40.0,-40.0,10000,JPY,confirmed,https://lightfx.jp/market/swap/,2026-10-05T14:34:42+09:00
lightfx,CAD/JPY,2026-09-11,2026-09-14,1,40.0,-40.0,10000,JPY,confirmed,https://lightfx.jp/market/swap/,2026-10-05T14:34:42+09:00
lightfx,CAD/JPY,2026-09-14,2026-09-15,1,40.0,-40.0,10000,JPY,confirmed,https://lightfx.jp/market/swap/,2026-10-05T14:34:42+09:00
lightfx,CAD/JPY,2026-09-15,2026-09-16,1,40.0,-40.0,10000,JPY,confirmed,https://lightfx.jp/market/swap/,2026-10-05T14:34:42+09:00
lightfx,CAD/JPY,2026-09-16,2026-09-17,6,228.0,-228.0,10000,JPY,confirmed,https://lightfx.jp/market/swap/,2026-10-05T14:34:42+09:00
lightfx,CAD/JPY,2026-09-17,2026-09-18,1,38.0,-38.0,10000,JPY,confirmed,https://lightfx.jp/market/swap/,2026-10-05T14:34:42+09:00
lightfx,CAD/JPY,2026-09-18,2026-09-21,0,,,10000,JPY,scheduled,https://lightfx.jp/market/swap/,2026-10-05T14:34:42+09:00
lightfx,CAD/JPY,2026-09-21,2026-09-22,0,,,10000,JPY,scheduled,https://lightfx.jp/market/swap/,2026-10-05T14:34:42+09:00
lightfx,CAD/JPY,2026-09-22,2026-09-23,0,,,10000,JPY,scheduled,https://lightfx.jp/market/swap/,2026-10-05T14:34:42+09:00
lightfx,CAD/JPY,2026-09-23,2026-09-24,3,90.0,-90.0,10000,JPY,confirmed,https://lightfx.jp/market/swap/,2026-10-05T14:34:42+09:00
lightfx,CAD/JPY,2026-09-24,2026-09-25,1,30.0,-30.0,10000,JPY,confirmed,https://lightfx.jp/market/swap/,2026-10-05T14:34:42+09:00
lightfx,CAD/JPY,2026-09-25,2026-09-28,2,60.0,-60.0,10000,JPY,confirmed,https://lightfx.jp/market/swap/,2026-10-05T14:34:42+09:00
lightfx,CAD/JPY,2026-09-28,2026-09-29,0,,,10000,JPY,scheduled,https://lightfx.jp/market/swap/,2026-10-05T14:34:42+09:00
lightfx,CAD/JPY,2026-09-29,2026-09-30,1,30.0,-30.0,10000,JPY,confirmed,https://lightfx.jp/market/swap/,2026-10-05T14:34:42+09:00
lightfx,CAD/JPY,2026-09-30,2026-10-01,3,90.0,-90.0,10000,JPY,confirmed,https://lightfx.jp/market/swap/,2026-10-05T14:34:42+09:00
lightfx,CAD/JPY,2026-10-01,2026-10-02,1,30.0,-30.0,10000,JPY,confirmed,https://lightfx.jp/market/swap/,2026-10-05T14:34:42+09:00
lightfx,CAD/JPY,2026-10-02,2026-10-05,1,30.0,-30.0,10000,JPY,confirmed,https://lightfx.jp/market/swap/,2026-10-05T14:34:42+09:00
lightfx,CAD/JPY,2026-10-05,2026-10-06,1,,,10000,JPY,scheduled,https://lightfx.jp/market/swap/,2026-10-05T14:34:42+09:00
lightfx,CHF/JPY,2026-08-26,2026-08-27,3,-3.0,3.0,10000,JPY,confirmed,https://lightfx.jp/market/swap/,2026-09-26T23:25:14+09:00
lightfx,CHF/JPY,2026-08-27,2026-08-28,1,-5.0,5.0,10000,JPY,confirmed,https://lightfx.jp/market/swap/,2026-09-27T14:16:02+09:00
lightfx,CHF/JPY,2026-08-28,2026-08-31,1,-5.0,5.0,10000,JPY,confirmed,https://lightfx.jp/market/swap/,2026-09-28T14:19:56+09:00
lightfx,CHF/JPY,2026-08-31,2026-09-01,1,-5.0,5.0,10000,JPY,confirmed,https://lightfx.jp/market/swap/,2026-09-30T14:29:38+09:00
lightfx,CHF/JPY,2026-09-01,2026-09-02,1,-5.0,5.0,10000,JPY,confirmed,https://lightfx.jp/market/swap/,2026-09-30T14:29:38+09:00
lightfx,CHF/JPY,2026-09-02,2026-09-03,4,-80.0,80.0,10000,JPY,confirmed,https://lightfx.jp/market/swap/,2026-10-02T14:32:44+09:00
lightfx,CHF/JPY,2026-09-03,2026-09-04,0,,,10000,JPY,scheduled,https://lightfx.jp/market/swap/,2026-10-03T14:16:05+09:00
lightfx,CHF/JPY,2026-09-04,2026-09-07,1,-25.0,25.0,10000,JPY,confirmed,https://lightfx.jp/market/swap/,2026-10-04T14:48:39+09:00
lightfx,CHF/JPY,2026-09-07,2026-09-08,1,-25.0,25.0,10000,JPY,confirmed,https://lightfx.jp/market/swap/,2026-10-05T14:34:42+09:00
lightfx,CHF/JPY,2026-09-08,2026-09-09,1,-25.0,25.0,10000,JPY,confirmed,https://lightfx.jp/market/swap/,2026-10-05T14:34:42+09:00
lightfx,CHF/JPY,2026-09-09,2026-09-10,3,-75.0,75.0,10000,JPY,confirmed,https://lightfx.jp/market/swap/,2026-10-05T14:34:42+09:00
lightfx,CHF/JPY,2026-09-10,2026-09-11,1,-20.0,20.0,10000,JPY,confirmed,https://lightfx.jp/market/swap/,2026-10-05T14:34:42+09:00
lightfx,CHF/JPY,2026-09-11,2026-09-14,1,-20.0,20.0,10000,JPY,confirmed,https://lightfx.jp/market/swap/,2026-10-05T14:34:42+09:00
lightfx,CHF/JPY,2026-09-14,2026-09-15,1,-20.0,20.0,10000,JPY,confirmed,https://lightfx.jp/market/swap/,2026-10-05T14:34:42+09:00
lightfx,CHF/JPY,2026-09-15,2026-09-16,1,-20.0,20.0,10000,JPY,confirmed,https://lightfx.jp/market/swap/,2026-10-05T14:34:42+09:00
lightfx,CHF/JPY,2026-09-16,2026-09-17,6,-240.0,120.0,10000,JPY,confirmed,https://lightfx.jp/market/swap/,2026-10-05T14:34:42+09:00
lightfx,CHF/JPY,2026-09-17,2026-09-18,1,-20.0,20.0,10000,JPY,confirmed,https://lightfx.jp/market/swap/,2026-10-05T14:34:42+09:00
lightfx,CHF/JPY,2026-09-18,2026-09-21,0,,,10000,JPY,scheduled,https://lightfx.jp/market/swap/,2026-10-05T14:34:42+09:00
lightfx,CHF/JPY,2026-09-21,2026-09-22,0,,,10000,JPY,scheduled,https://lightfx.jp/market/swap/,2026-10-05T14:34:42+09:00
lightfx,CHF/JPY,2026-09-22,2026-09-23,0,,,10000,JPY,scheduled,https://lightfx.jp/market/swap/,2026-10-05T14:34:42+09:00
lightfx,CHF/JPY,2026-09-23,2026-09-24,3,-60.0,60.0,10000,JPY,confirmed,https://lightfx.jp/market/swap/,2026-10-05T14:34:42+09:00
lightfx,CHF/JPY,2026-09-24,2026-09-25,1,-15.0,15.0,10000,JPY,confirmed,https://lightfx.jp/market/swap/,2026-10-05T14:34:42+09:00
lightfx,CHF/JPY,2026-09-25,2026-09-28,1,-10.0,10.0,10000,JPY,confirmed,https://lightfx.jp/market/swap/,2026-10-05T14:34:42+09:00
lightfx,CHF/JPY,2026-09-28,2026-09-29,1,-15.0,15.0,10000,JPY,confirmed,https://lightfx.jp/market/swap/,2026-10-05T14:34:42+09:00
lightfx,CHF/JPY,2026-09-29,2026-09-30,1,-15.0,15.0,10000,JPY,confirmed,https://lightfx.jp/market/swap/,2026-10-05T14:34:42+09:00
lightfx,CHF/JPY,2026-09-30,2026-10-01,3,-45.0,45.0,10000,JPY,confirmed,https://lightfx.jp/market/swap/,2026-10-05T14:34:42+09:00
lightfx,CHF/JPY,2026-10-01,2026-10-02,1,-15.0,15.0,10000,JPY,confirmed,https://lightfx.jp/market/swap/,2026-10-05T14:34:42+09:00
lightfx,CHF/JPY,2026-10-02,2026-10-05,1,-15.0,15.0,10000,JPY,confirmed,https://lightfx.jp/market/swap/,2026-10-05T14:34:42+09:00
lightfx,CHF/JPY,2026-10-05,2026-10-06,1,,,10000,JPY,scheduled,https://lightfx.jp/market/swap/,2026-10-05T14:34:42+09:00
lightfx,CHF/MXN,2026-08-26,2026-08-27,3,-840.3,839.7,10000,JPY,confirmed,https://lightfx.jp/market/swap/,2026-09-26T23:25:14+09:00
lightfx,CHF/MXN,2026-08-27,2026-08-28,1,-280.0,279.7,10000,JPY,confirmed,https://lightfx.jp/market/swap/,2026-09-27T14:16:02+09:00
lightfx,CHF/MXN,2026-08-28,2026-08-31,1,-270.8,270.6,10000,JPY,confirmed,https://lightfx.jp/market/swap/,2026-09-28T14:19:56+09:00
lightfx,CHF/MXN,2026-08-31,2026-09-01,1,-270.7,270.5,10000,JPY,confirmed,https://lightfx.jp/market/swap/,2026-09-30T14:29:38+09:00
lightfx,CHF/MXN,2026-09-01,2026-09-02,1,-271.6,271.3,10000,JPY,confirmed,https://lightfx.jp/market/swap/,2026-09-30T14:29:38+09:00
lightfx,CHF/MXN,2026-09-02,2026-09-03,4,-1077.6,1076.8,10000,JPY,confirmed,https://lightfx.jp/market/swap/,2026-10-02T14:32:44+09:00
lightfx,CHF/MXN,2026-09-03,2026-09-04,1,-265.3,265.0,10000,JPY,confirmed,https://lightfx.jp/market/swap/,2026-10-03T14:16:05+09:00
lightfx,CHF/MXN,2026-09-04,2026-09-07,0,,,10000,JPY,scheduled,https://lightfx.jp/market/swap/,2026-10-04T14:48:39+09:00
lightfx,CHF/MXN,2026-09-07,2026-09-08,1,-262.8,262.5,10000,JPY,confirmed,https://lightfx.jp/market/swap/,2026-10-05T14:34:42+09:00
lightfx,CHF/MXN,2026-09-08,2026-09-09,1,-262.5,262.2,10000,JPY,confirmed,https://lightfx.jp/market/swap/,2026-10-05T14:34:42+09:00
lightfx,CHF/MXN,2026-09-09,2026-09-10,3,-785.5,784.9,10000,JPY,confirmed,https://lightfx.jp/market/swap/,2026-10-05T14:34:42+09:00
lightfx,CHF/MXN,2026-09-10,2026-09-11,1,-261.9,261.6,10000,JPY,confirmed,https://lightfx.jp/market/swap/,2026-10-05T14:34:42+09:00
lightfx,CHF/MXN,2026-09-11,2026-09-14,2,-521.8,521.5,10000,JPY,confirmed,https://lightfx.jp/market/swap/,2026-10-05T14:34:42+09:00
lightfx,CHF/MXN,2026-09-14,2026-09-15,1,-268.6,268.3,10000,JPY,confirmed,https://lightfx.jp/market/swap/,2026-10-05T14:34:42+09:00
lightfx,CHF/MXN,2026-09-15,2026-09-16,0,,,10000,JPY,scheduled,https://lightfx.jp/market/swap/,2026-10-05T14:34:42+09:00
lightfx,CHF/MXN,2026-09-16,2026-09-17,3,-810.4,809.8,10000,JPY,confirmed,https://lightfx.jp/market/swap/,2026-10-05T14:34:42+09:00
lightfx,CHF/MXN,2026-09-17,2026-09-18,1,-276.0,275.7,10000,JPY,confirmed,https://lightfx.jp/market/swap/,2026-10-05T14:34:42+09:00
lightfx,CHF/MXN,2026-09-18,2026-09-21,1,-276.5,276.3,10000,JPY,confirmed,https://lightfx.jp/market/swap/,2026-10-05T14:34:42+09:00
lightfx,CHF/MXN,2026-09-21,2026-09-22,1,-277.6,277.3,10000,JPY,confirmed,https://lightfx.jp/market/swap/,2026-10-05T14:34:42+09:00
lightfx,CHF/MXN,2026-09-22,2026-09-23,1,-276.5,276.2,10000,JPY,confirmed,https://lightfx.jp/market/swap/,2026-10-05T14:34:42+09:00
lightfx,CHF/MXN,2026-09-23,2026-09-24,3,-802.6,802.0,10000,JPY,confirmed,https://lightfx.jp/market/swap/,2026-10-05T14:34:42+09:00
lightfx,CHF/MXN,2026-09-24,2026-09-25,1,-265.3,265.0,10000,JPY,confirmed,https://lightfx.jp/market/swap/,2026-10-05T14:34:42+09:00
lightfx,CHF/MXN,2026-09-25,2026-09-28,1,-263.5,263.3,10000,JPY,confirmed,https://lightfx.jp/market/swap/,2026-10-05T14:34:42+09:00
lightfx,CHF/MXN,2026-09-28,2026-09-29,1,-259.3,259.0,10000,JPY,confirmed,https://lightfx.jp/market/swap/,2026-10-05T14:34:42+09:00
lightfx,CHF/MXN,2026-09-29,2026-09-30,1,-258.2,257.9,10000,JPY,confirmed,https://lightfx.jp/market/swap/,2026-10-05T14:34:42+09:00
lightfx,CHF/MXN,2026-09-30,2026-10-01,3,-773.7,773.1,10000,JPY,confirmed,https://lightfx.jp/market/swap/,2026-10-05T14:34:42+09:00
lightfx,CHF/MXN,2026-10-01,2026-10-02,1,-255.8,255.5,10000,JPY,confirmed,https://lightfx.jp/market/swap/,2026-10-05T14:34:42+09:00
lightfx,CHF/MXN,2026-10-02,2026-10-05,1,-257.4,257.2,10000,JPY,confirmed,https://lightfx.jp/market/swap/,2026-10-05T14:34:42+09:00
lightfx,CHF/MXN,2026-10-05,2026-10-06,1,,,10000,JPY,scheduled,https://lightfx.jp/market/swap/,2026-10-05T14:34:42+09:00
lightfx,CHF/TRY,2026-08-26,2026-08-27,3,-2865.9,2832.2,10000,JPY,confirmed,https://lightfx.jp/market/swap/,2026-09-26T23:25:14+09:00
lightfx,CHF/TRY,2026-08-27,2026-08-28,1,-954.8,943.5,10000,JPY,confirmed,https://lightfx.jp/market/swap/,2026-09-27T14:16:02+09:00
lightfx,CHF/TRY,2026-08-28,2026-08-31,1,-957.5,946.2,10000,JPY,confirmed,https://lightfx.jp/market/swap/,2026-09-28T14:19:56+09:00
lightfx,CHF/TRY,2026-08-31,2026-09-01,1,-954.9,943.6,10000,JPY,confirmed,https://lightfx.jp/market/swap/,2026-09-30T14:29:38+09:00
lightfx,CHF/TRY,2026-09-01,2026-09-02,1,-957.1,945.8,10000,JPY,confirmed,https://lightfx.jp/market/swap/,2026-09-30T14:29:38+09:00
lightfx,CHF/TRY,2026-09-02,2026-09-03,4,-3793.3,3748.4,10000,JPY,confirmed,https://lightfx.jp/market/swap/,2026-10-02T14:32:44+09:00
lightfx,CHF/TRY,2026-09-03,2026-09-04,0,,,10000,JPY,scheduled,https://lightfx.jp/market/swap/,2026-10-03T14:16:05+09:00
lightfx,CHF/TRY,2026-09-04,2026-09-07,1,-1057.2,1052.5,10000,JPY,confirmed,https://lightfx.jp/market/swap/,2026-10-04T14:48:39+09:00
lightfx,CHF/TRY,2026-09-07,2026-09-08,1,-1048.2,1035.3,10000,JPY,confirmed,https://lightfx.jp/market/swap/,2026-10-05T14:34:42+09:00
lightfx,CHF/TRY,2026-09-08,2026-09-09,1,-1045.0,1032.2,10000,JPY,confirmed,https://lightfx.jp/market/swap/,2026-10-05T14:34:42+09:00
lightfx,CHF/TRY,2026-09-09,2026-09-10,3,-3125.4,3087.1,10000,JPY,confirmed,https://lightfx.jp/market/swap/,2026-10-05T14:34:42+09:00
lightfx,CHF/TRY,2026-09-10,2026-09-11,1,-1045.3,1032.5,10000,JPY,confirmed,https://lightfx.jp/market/swap/,2026-10-05T14:34:42+09:00
lightfx,CHF/TRY,2026-09-11,2026-09-14,1,-1097.0,1092.0,10000,JPY,confirmed,https://lightfx.jp/market/swap/,2026-10-05T14:34:42+09:00
lightfx,CHF/TRY,2026-09-14,2026-09-15,1,-1161.9,1147.6,10000,JPY,confirmed,https://lightfx.jp/market/swap/,2026-10-05T14:34:42+09:00
lightfx,CHF/TRY,2026-09-15,2026-09-16,1,-1218.5,1203.6,10000,JPY,confirmed,https://lightfx.jp/market/swap/,2026-10-05T14:34:42+09:00
lightfx,CHF/TRY,2026-09-16,2026-09-17,3,-3683.6,3639.1,10000,JPY,confirmed,https://lightfx.jp/market/swap/,2026-10-05T14:34:42+09:00
lightfx,CHF/TRY,2026-09-17,2026-09-18,1,-1309.1,1293.1,10000,JPY,confirmed,https://lightfx.jp/market/swap/,2026-10-05T14:34:42+09:00
lightfx,CHF/TRY,2026-09-18,2026-09-21,1,-1418.5,1401.3,10000,JPY,confirmed,https://lightfx.jp/market/swap/,2026-10-05T14:34:42+09:00
lightfx,CHF/TRY,2026-09-21,2026-09-22,1,-1425.0,1407.7,10000,JPY,confirmed,https://lightfx.jp/market/swap/,2026-10-05T14:34:42+09:00
lightfx,CHF/TRY,2026-09-22,2026-09-23,1,-1426.1,1408.8,10000,JPY,confirmed,https://lightfx.jp/market/swap/,2026-10-05T14:34:42+09:00
lightfx,CHF/TRY,2026-09-23,2026-09-24,3,-4254.6,4203.6,10000,JPY,confirmed,https://lightfx.jp/market/swap/,2026-10-05T14:34:42+09:00
lightfx,CHF/TRY,2026-09-24,2026-09-25,1,-1418.5,1401.4,10000,JPY,confirmed,https://lightfx.jp/market/swap/,2026-10-05T14:34:42+09:00
lightfx,CHF/TRY,2026-09-25,2026-09-28,1,-1399.9,1394.6,10000,JPY,confirmed,https://lightfx.jp/market/swap/,2026-10-05T14:34:42+09:00
lightfx,CHF/TRY,2026-09-28,2026-09-29,1,-1405.7,1388.6,10000,JPY,confirmed,https://lightfx.jp/market/swap/,2026-10-05T14:34:42+09:00
lightfx,CHF/TRY,2026-09-29,2026-09-30,1,-1404.7,1387.6,10000,JPY,confirmed,https://lightfx.jp/market/swap/,2026-10-05T14:34:42+09:00
lightfx,CHF/TRY,2026-09-30,2026-10-01,3,-4214.4,4163.4,10000,JPY,confirmed,https://lightfx.jp/market/swap/,2026-10-05T14:34:42+09:00
lightfx,CHF/TRY,2026-10-01,2026-10-02,1,-1407.2,1390.2,10000,JPY,confirmed,https://lightfx.jp/market/swap/,2026-10-05T14:34:42+09:00
lightfx,CHF/TRY,2026-10-02,2026-10-05,1,-1401.2,1395.9,10000,JPY,confirmed,https://lightfx.jp/market/swap/,2026-10-05T14:34:42+09:00
lightfx,CHF/TRY,2026-10-05,2026-10-06,1,,,10000,JPY,scheduled,https://lightfx.jp/market/swap/,2026-10-05T14:34:42+09:00
lightfx,CHF/ZAR,2026-08-26,2026-08-27,3,-569.3,568.5,10000,JPY,confirmed,https://lightfx.jp/market/swap/,2026-09-26T23:25:14+09:00
lightfx,CHF/ZAR,2026-08-27,2026-08-28,1,-189.5,189.2,10000,JPY,confirmed,https://lightfx.jp/market/swap/,2026-09-27T14:16:02+09:00
lightfx,CHF/ZAR,2026-08-28,2026-08-31,1,-188.3,188.0,10000,JPY,confirmed,https://lightfx.jp/market/swap/,2026-09-28T14:19:56+09:00
lightfx,CHF/ZAR,2026-08-31,2026-09-01,1,-188.6,188.2,10000,JPY,confirmed,https://lightfx.jp/market/swap/,2026-09-30T14:29:38+09:00
lightfx,CHF/ZAR,2026-09-01,2026-09-02,1,-188.4,188.0,10000,JPY,confirmed,https://lightfx.jp/market/swap/,2026-09-30T14:29:38+09:00
lightfx,CHF/ZAR,2026-09-02,2026-09-03,4,-752.1,751.1,10000,JPY,confirmed,https://lightfx.jp/market/swap/,2026-10-02T14:32:44+09:00
lightfx,CHF/ZAR,2026-09-03,2026-09-04,0,,,10000,JPY,scheduled,https://lightfx.jp/market/swap/,2026-10-03T14:16:05+09:00
lightfx,CHF/ZAR,2026-09-04,2026-09-07,1,-186.2,185.9,10000,JPY,confirmed,https://lightfx.jp/market/swap/,2026-10-04T14:48:39+09:00
lightfx,CHF/ZAR,2026-09-07,2026-09-08,1,-183.5,183.2,10000,JPY,confirmed,https://lightfx.jp/market/swap/,2026-10-05T14:34:42+09:00
lightfx,CHF/ZAR,2026-09-08,2026-09-09,1,-182.9,182.6,10000,JPY,confirmed,https://lightfx.jp/market/swap/,2026-10-05T14:34:42+09:00
lightfx,CHF/ZAR,2026-09-09,2026-09-10,3,-545.7,544.9,10000,JPY,confirmed,https://lightfx.jp/market/swap/,2026-10-05T14:34:42+09:00
lightfx,CHF/ZAR,2026-09-10,2026-09-11,1,-181.2,180.9,10000,JPY,confirmed,https://lightfx.jp/market/swap/,2026-10-05T14:34:42+09:00
lightfx,CHF/ZAR,2026-09-11,2026-09-14,1,-181.0,180.8,10000,JPY,confirmed,https://lightfx.jp/market/swap/,2026-10-05T14:34:42+09:00
lightfx,CHF/ZAR,2026-09-14,2026-09-15,1,-190.1,189.8,10000,JPY,confirmed,https://lightfx.jp/market/swap/,2026-10-05T14:34:42+09:00
lightfx,CHF/ZAR,2026-09-15,2026-09-16,1,-191.1,190.7,10000,JPY,confirmed,https://lightfx.jp/market/swap/,2026-10-05T14:34:42+09:00
lightfx,CHF/ZAR,2026-09-16,2026-09-17,3,-572.5,571.7,10000,JPY,confirmed,https://lightfx.jp/market/swap/,2026-10-05T14:34:42+09:00
lightfx,CHF/ZAR,2026-09-17,2026-09-18,1,-191.9,191.6,10000,JPY,confirmed,https://lightfx.jp/market/swap/,2026-10-05T14:34:42+09:00
lightfx,CHF/ZAR,2026-09-18,2026-09-21,1,-193.1,192.8,10000,JPY,confirmed,https://lightfx.jp/market/swap/,2026-10-05T14:34:42+09:00
lightfx,CHF/ZAR,2026-09-21,2026-09-22,2,-387.6,387.1,10000,JPY,confirmed,https://lightfx.jp/market/swap/,2026-10-05T14:34:42+09:00
lightfx,CHF/ZAR,2026-09-22,2026-09-23,3,-584.0,583.2,10000,JPY,confirmed,https://lightfx.jp/market/swap/,2026-10-05T14:34:42+09:00
lightfx,CHF/ZAR,2026-09-23,2026-09-24,0,,,10000,JPY,scheduled,https://lightfx.jp/market/swap/,2026-10-05T14:34:42+09:00
lightfx,CHF/ZAR,2026-09-24,2026-09-25,1,-193.4,193.0,10000,JPY,confirmed,https://lightfx.jp/market/swap/,2026-10-05T14:34:42+09:00
lightfx,CHF/ZAR,2026-09-25,2026-09-28,1,-193.0,192.8,10000,JPY,confirmed,https://lightfx.jp/market/swap/,2026-10-05T14:34:42+09:00
lightfx,CHF/ZAR,2026-09-28,2026-09-29,1,-191.9,191.5,10000,JPY,confirmed,https://lightfx.jp/market/swap/,2026-10-05T14:34:42+09:00
lightfx,CHF/ZAR,2026-09-29,2026-09-30,1,-192.1,191.7,10000,JPY,confirmed,https://lightfx.jp/market/swap/,2026-10-05T14:34:42+09:00
lightfx,CHF/ZAR,2026-09-30,2026-10-01,3,-575.5,574.7,10000,JPY,confirmed,https://lightfx.jp/market/swap/,2026-10-05T14:34:42+09:00
lightfx,CHF/ZAR,2026-10-01,2026-10-02,1,-189.5,189.2,10000,JPY,confirmed,https://lightfx.jp/market/swap/,2026-10-05T14:34:42+09:00
lightfx,CHF/ZAR,2026-10-02,2026-10-05,1,-189.7,189.4,10000,JPY,confirmed,https://lightfx.jp/market/swap/,2026-10-05T14:34:42+09:00
lightfx,CHF/ZAR,2026-10-05,2026-10-06,1,,,10000,JPY,scheduled,https://lightfx.jp/market/swap/,2026-10-05T14:34:42+09:00
lightfx,CNH/JPY,2026-08-26,2026-08-27,3,3.0,-3.0,10000,JPY,confirmed,https://lightfx.jp/market/swap/,2026-09-26T23:25:14+09:00
lightfx,CNH/JPY,2026-08-27,2026-08-28,1,1.0,-1.0,10000,JPY,confirmed,https://lightfx.jp/market/swap/,2026-09-27T14:16:02+09:00
lightfx,CNH/JPY,2026-08-28,2026-08-31,1,1.0,-1.0,10000,JPY,confirmed,https://lightfx.jp/market/swap/,2026-09-28T14:19:56+09:00
lightfx,CNH/JPY,2026-08-31,2026-09-01,1,1.0,-1.0,10000,JPY,confirmed,https://lightfx.jp/market/swap/,2026-09-30T14:29:38+09:00
lightfx,CNH/JPY,2026-09-01,2026-09-02,1,1.0,-1.0,10000,JPY,confirmed,https://lightfx.jp/market/swap/,2026-09-30T14:29:38+09:00
lightfx,CNH/JPY,2026-09-02,2026-09-03,4,4.0,-4.0,10000,JPY,confirmed,https://lightfx.jp/market/swap/,2026-10-02T14:32:44+09:00
lightfx,CNH/JPY,2026-09-03,2026-09-04,0,,,10000,JPY,scheduled,https://lightfx.jp/market/swap/,2026-10-03T14:16:05+09:00
lightfx,CNH/JPY,2026-09-04,2026-09-07,1,1.0,-1.0,10000,JPY,confirmed,https://lightfx.jp/market/swap/,2026-10-04T14:48:39+09:00
lightfx,CNH/JPY,2026-09-07,2026-09-08,1,1.0,-1.0,10000,JPY,confirmed,https://lightfx.jp/market/swap/,2026-10-05T14:34:42+09:00
lightfx,CNH/JPY,2026-09-08,2026-09-09,1,1.0,-1.0,10000,JPY,confirmed,https://lightfx.jp/market/swap/,2026-10-05T14:34:42+09:00
lightfx,CNH/JPY,2026-09-09,2026-09-10,3,3.0,-3.0,10000,JPY,confirmed,https://lightfx.jp/market/swap/,2026-10-05T14:34:42+09:00
lightfx,CNH/JPY,2026-09-10,2026-09-11,1,1.0,-1.0,10000,JPY,confirmed,https://lightfx.jp/market/swap/,2026-10-05T14:34:42+09:00
lightfx,CNH/JPY,2026-09-11,2026-09-14,1,1.0,-1.0,10000,JPY,confirmed,https://lightfx.jp/market/swap/,2026-10-05T14:34:42+09:00
lightfx,CNH/JPY,2026-09-14,2026-09-15,1,1.0,-1.0,10000,JPY,confirmed,https://lightfx.jp/market/swap/,2026-10-05T14:34:42+09:00
lightfx,CNH/JPY,2026-09-15,2026-09-16,1,1.0,-1.0,10000,JPY,confirmed,https://lightfx.jp/market/swap/,2026-10-05T14:34:42+09:00
lightfx,CNH/JPY,2026-09-16,2026-09-17,6,6.0,-6.0,10000,JPY,confirmed,https://lightfx.jp/market/swap/,2026-10-05T14:34:42+09:00
lightfx,CNH/JPY,2026-09-17,2026-09-18,4,4.0,-4.0,10000,JPY,confirmed,https://lightfx.jp/market/swap/,2026-10-05T14:34:42+09:00
lightfx,CNH/JPY,2026-09-18,2026-09-21,0,,,10000,JPY,scheduled,https://lightfx.jp/market/swap/,2026-10-05T14:34:42+09:00
lightfx,CNH/JPY,2026-09-21,2026-09-22,0,,,10000,JPY,scheduled,https://lightfx.jp/market/swap/,2026-10-05T14:34:42+09:00
lightfx,CNH/JPY,2026-09-22,2026-09-23,0,,,10000,JPY,scheduled,https://lightfx.jp/market/swap/,2026-10-05T14:34:42+09:00
lightfx,CNH/JPY,2026-09-23,2026-09-24,1,1.0,-1.0,10000,JPY,confirmed,https://lightfx.jp/market/swap/,2026-10-05T14:34:42+09:00
lightfx,CNH/JPY,2026-09-24,2026-09-25,0,,,10000,JPY,scheduled,https://lightfx.jp/market/swap/,2026-10-05T14:34:42+09:00
lightfx,CNH/JPY,2026-09-25,2026-09-28,1,1.0,-1.0,10000,JPY,confirmed,https://lightfx.jp/market/swap/,2026-10-05T14:34:42+09:00
lightfx,CNH/JPY,2026-09-28,2026-09-29,8,0.0,-40.0,10000,JPY,confirmed,https://lightfx.jp/market/swap/,2026-10-05T14:34:42+09:00
lightfx,CNH/JPY,2026-09-29,2026-09-30,1,0.0,-5.0,10000,JPY,confirmed,https://lightfx.jp/market/swap/,2026-10-05T14:34:42+09:00
lightfx,CNH/JPY,2026-09-30,2026-10-01,0,,,10000,JPY,scheduled,https://lightfx.jp/market/swap/,2026-10-05T14:34:42+09:00
lightfx,CNH/JPY,2026-10-01,2026-10-02,0,,,10000,JPY,scheduled,https://lightfx.jp/market/swap/,2026-10-05T14:34:42+09:00
lightfx,CNH/JPY,2026-10-02,2026-10-05,0,,,10000,JPY,scheduled,https://lightfx.jp/market/swap/,2026-10-05T14:34:42+09:00
lightfx,CNH/JPY,2026-10-05,2026-10-06,0,,,10000,JPY,scheduled,https://lightfx.jp/market/swap/,2026-10-05T14:34:42+09:00
lightfx,CZK/JPY,2026-08-26,2026-08-27,3,15.0,-15.0,10000,JPY,confirmed,https://lightfx.jp/market/swap/,2026-09-26T23:25:14+09:00
lightfx,CZK/JPY,2026-08-27,2026-08-28,1,5.0,-5.0,10000,JPY,confirmed,https://lightfx.jp/market/swap/,2026-09-27T14:16:02+09:00
lightfx,CZK/JPY,2026-08-28,2026-08-31,1,5.0,-5.0,10000,JPY,confirmed,https://lightfx.jp/market/swap/,2026-09-28T14:19:56+09:00
lightfx,CZK/JPY,2026-08-31,2026-09-01,1,5.0,-5.0,10000,JPY,confirmed,https://lightfx.jp/market/swap/,2026-09-30T14:29:38+09:00
lightfx,CZK/JPY,2026-09-01,2026-09-02,1,5.0,-5.0,10000,JPY,confirmed,https://lightfx.jp/market/swap/,2026-09-30T14:29:38+09:00
lightfx,CZK/JPY,2026-09-02,2026-09-03,4,20.0,-20.0,10000,JPY,confirmed,https://lightfx.jp/market/swap/,2026-10-02T14:32:44+09:00
lightfx,CZK/JPY,2026-09-03,2026-09-04,0,,,10000,JPY,scheduled,https://lightfx.jp/market/swap/,2026-10-03T14:16:05+09:00
lightfx,CZK/JPY,2026-09-04,2026-09-07,1,5.0,-5.0,10000,JPY,confirmed,https://lightfx.jp/market/swap/,2026-10-04T14:48:39+09:00
lightfx,CZK/JPY,2026-09-07,2026-09-08,1,5.0,-5.0,10000,JPY,confirmed,https://lightfx.jp/market/swap/,2026-10-05T14:34:42+09:00
lightfx,CZK/JPY,2026-09-08,2026-09-09,1,5.0,-5.0,10000,JPY,confirmed,https://lightfx.jp/market/swap/,2026-10-05T14:34:42+09:00
lightfx,CZK/JPY,2026-09-09,2026-09-10,3,15.0,-15.0,10000,JPY,confirmed,https://lightfx.jp/market/swap/,2026-10-05T14:34:42+09:00
lightfx,CZK/JPY,2026-09-10,2026-09-11,1,5.0,-5.0,10000,JPY,confirmed,https://lightfx.jp/market/swap/,2026-10-05T14:34:42+09:00
lightfx,CZK/JPY,2026-09-11,2026-09-14,1,5.0,-5.0,10000,JPY,confirmed,https://lightfx.jp/market/swap/,2026-10-05T14:34:42+09:00
lightfx,CZK/JPY,2026-09-14,2026-09-15,1,5.0,-5.0,10000,JPY,confirmed,https://lightfx.jp/market/swap/,2026-10-05T14:34:42+09:00
lightfx,CZK/JPY,2026-09-15,2026-09-16,1,5.0,-5.0,10000,JPY,confirmed,https://lightfx.jp/market/swap/,2026-10-05T14:34:42+09:00
lightfx,CZK/JPY,2026-09-16,2026-09-17,6,30.0,-30.0,10000,JPY,confirmed,https://lightfx.jp/market/swap/,2026-10-05T14:34:42+09:00
lightfx,CZK/JPY,2026-09-17,2026-09-18,1,5.0,-5.0,10000,JPY,confirmed,https://lightfx.jp/market/swap/,2026-10-05T14:34:42+09:00
lightfx,CZK/JPY,2026-09-18,2026-09-21,0,,,10000,JPY,scheduled,https://lightfx.jp/market/swap/,2026-10-05T14:34:42+09:00
lightfx,CZK/JPY,2026-09-21,2026-09-22,0,,,10000,JPY,scheduled,https://lightfx.jp/market/swap/,2026-10-05T14:34:42+09:00
lightfx,CZK/JPY,2026-09-22,2026-09-23,0,,,10000,JPY,scheduled,https://lightfx.jp/market/swap/,2026-10-05T14:34:42+09:00
lightfx,CZK/JPY,2026-09-23,2026-09-24,4,20.0,-20.0,10000,JPY,confirmed,https://lightfx.jp/market/swap/,2026-10-05T14:34:42+09:00
lightfx,CZK/JPY,2026-09-24,2026-09-25,1,5.0,-5.0,10000,JPY,confirmed,https://lightfx.jp/market/swap/,2026-10-05T14:34:42+09:00
lightfx,CZK/JPY,2026-09-25,2026-09-28,0,,,10000,JPY,scheduled,https://lightfx.jp/market/swap/,2026-10-05T14:34:42+09:00
lightfx,CZK/JPY,2026-09-28,2026-09-29,1,5.0,-5.0,10000,JPY,confirmed,https://lightfx.jp/market/swap/,2026-10-05T14:34:42+09:00
lightfx,CZK/JPY,2026-09-29,2026-09-30,1,5.0,-5.0,10000,JPY,confirmed,https://lightfx.jp/market/swap/,2026-10-05T14:34:42+09:00
lightfx,CZK/JPY,2026-09-30,2026-10-01,3,15.0,-15.0,10000,JPY,confirmed,https://lightfx.jp/market/swap/,2026-10-05T14:34:42+09:00
lightfx,CZK/JPY,2026-10-01,2026-10-02,1,5.0,-5.0,10000,JPY,confirmed,https://lightfx.jp/market/swap/,2026-10-05T14:34:42+09:00
lightfx,CZK/JPY,2026-10-02,2026-10-05,1,5.0,-5.0,10000,JPY,confirmed,https://lightfx.jp/market/swap/,2026-10-05T14:34:42+09:00
lightfx,CZK/JPY,2026-10-05,2026-10-06,1,,,10000,JPY,scheduled,https://lightfx.jp/market/swap/,2026-10-05T14:34:42+09:00
lightfx,EUR/AUD,2026-08-26,2026-08-27,3,-253.8,253.6,10000,JPY,confirmed,https://lightfx.jp/market/swap/,2026-09-26T23:25:14+09:00
lightfx,EUR/AUD,2026-08-27,2026-08-28,1,-84.9,84.8,10000,JPY,confirmed,https://lightfx.jp/market/swap/,2026-09-27T14:16:02+09:00
lightfx,EUR/AUD,2026-08-28,2026-08-31,1,-84.9,84.8,10000,JPY,confirmed,https://lightfx.jp/market/swap/,2026-09-28T14:19:56+09:00
lightfx,EUR/AUD,2026-08-31,2026-09-01,1,-84.8,84.7,10000,JPY,confirmed,https://lightfx.jp/market/swap/,2026-09-30T14:29:38+09:00
lightfx,EUR/AUD,2026-09-01,2026-09-02,1,-84.8,84.6,10000,JPY,confirmed,https://lightfx.jp/market/swap/,2026-09-30T14:29:38+09:00
lightfx,EUR/AUD,2026-09-02,2026-09-03,4,-337.0,336.8,10000,JPY,confirmed,https://lightfx.jp/market/swap/,2026-10-02T14:32:44+09:00
lightfx,EUR/AUD,2026-09-03,2026-09-04,0,,,10000,JPY,scheduled,https://lightfx.jp/market/swap/,2026-10-03T14:16:05+09:00
lightfx,EUR/AUD,2026-09-04,2026-09-07,1,-83.4,83.3,10000,JPY,confirmed,https://lightfx.jp/market/swap/,2026-10-04T14:48:39+09:00
lightfx,EUR/AUD,2026-09-07,2026-09-08,1,-82.5,82.4,10000,JPY,confirmed,https://lightfx.jp/market/swap/,2026-10-05T14:34:42+09:00
lightfx,EUR/AUD,2026-09-08,2026-09-09,1,-82.3,82.2,10000,JPY,confirmed,https://lightfx.jp/market/swap/,2026-10-05T14:34:42+09:00
lightfx,EUR/AUD,2026-09-09,2026-09-10,3,-246.1,246.0,10000,JPY,confirmed,https://lightfx.jp/market/swap/,2026-10-05T14:34:42+09:00
lightfx,EUR/AUD,2026-09-10,2026-09-11,1,-81.9,81.7,10000,JPY,confirmed,https://lightfx.jp/market/swap/,2026-10-05T14:34:42+09:00
lightfx,EUR/AUD,2026-09-11,2026-09-14,1,-81.6,81.5,10000,JPY,confirmed,https://lightfx.jp/market/swap/,2026-10-05T14:34:42+09:00
lightfx,EUR/AUD,2026-09-14,2026-09-15,1,-81.6,81.5,10000,JPY,confirmed,https://lightfx.jp/market/swap/,2026-10-05T14:34:42+09:00
lightfx,EUR/AUD,2026-09-15,2026-09-16,1,-81.9,81.8,10000,JPY,confirmed,https://lightfx.jp/market/swap/,2026-10-05T14:34:42+09:00
lightfx,EUR/AUD,2026-09-16,2026-09-17,3,-246.1,245.9,10000,JPY,confirmed,https://lightfx.jp/market/swap/,2026-10-05T14:34:42+09:00
lightfx,EUR/AUD,2026-09-17,2026-09-18,1,-82.1,82.0,10000,JPY,confirmed,https://lightfx.jp/market/swap/,2026-10-05T14:34:42+09:00
lightfx,EUR/AUD,2026-09-18,2026-09-21,1,-82.8,82.7,10000,JPY,confirmed,https://lightfx.jp/market/swap/,2026-10-05T14:34:42+09:00
lightfx,EUR/AUD,2026-09-21,2026-09-22,1,-83.0,82.9,10000,JPY,confirmed,https://lightfx.jp/market/swap/,2026-10-05T14:34:42+09:00
lightfx,EUR/AUD,2026-09-22,2026-09-23,1,-82.9,82.8,10000,JPY,confirmed,https://lightfx.jp/market/swap/,2026-10-05T14:34:42+09:00
lightfx,EUR/AUD,2026-09-23,2026-09-24,3,-247.5,247.4,10000,JPY,confirmed,https://lightfx.jp/market/swap/,2026-10-05T14:34:42+09:00
lightfx,EUR/AUD,2026-09-24,2026-09-25,1,-82.5,82.4,10000,JPY,confirmed,https://lightfx.jp/market/swap/,2026-10-05T14:34:42+09:00
lightfx,EUR/AUD,2026-09-25,2026-09-28,1,-81.8,81.7,10000,JPY,confirmed,https://lightfx.jp/market/swap/,2026-10-05T14:34:42+09:00
lightfx,EUR/AUD,2026-09-28,2026-09-29,1,-81.8,81.7,10000,JPY,confirmed,https://lightfx.jp/market/swap/,2026-10-05T14:34:42+09:00
lightfx,EUR/AUD,2026-09-29,2026-09-30,1,-81.4,81.3,10000,JPY,confirmed,https://lightfx.jp/market/swap/,2026-10-05T14:34:42+09:00
lightfx,EUR/AUD,2026-09-30,2026-10-01,4,-323.6,323.5,10000,JPY,confirmed,https://lightfx.jp/market/swap/,2026-10-05T14:34:42+09:00
lightfx,EUR/AUD,2026-10-01,2026-10-02,1,-81.1,81.0,10000,JPY,confirmed,https://lightfx.jp/market/swap/,2026-10-05T14:34:42+09:00
lightfx,EUR/AUD,2026-10-02,2026-10-05,0,,,10000,JPY,scheduled,https://lightfx.jp/market/swap/,2026-10-05T14:34:42+09:00
lightfx,EUR/AUD,2026-10-05,2026-10-06,1,,,10000,JPY,scheduled,https://lightfx.jp/market/swap/,2026-10-05T14:34:42+09:00
lightfx,EUR/CHF,2026-08-26,2026-08-27,3,166.1,-166.2,10000,JPY,confirmed,https://lightfx.jp/market/swap/,2026-09-26T23:25:14+09:00
lightfx,EUR/CHF,2026-08-27,2026-08-28,1,55.4,-55.5,10000,JPY,confirmed,https://lightfx.jp/market/swap/,2026-09-27T14:16:02+09:00
lightfx,EUR/CHF,2026-08-28,2026-08-31,1,49.4,-49.5,10000,JPY,confirmed,https://lightfx.jp/market/swap/,2026-09-28T14:19:56+09:00
lightfx,EUR/CHF,2026-08-31,2026-09-01,1,49.4,-49.5,10000,JPY,confirmed,https://lightfx.jp/market/swap/,2026-09-30T14:29:38+09:00
lightfx,EUR/CHF,2026-09-01,2026-09-02,1,49.3,-49.4,10000,JPY,confirmed,https://lightfx.jp/market/swap/,2026-09-30T14:29:38+09:00
lightfx,EUR/CHF,2026-09-02,2026-09-03,4,195.2,-195.3,10000,JPY,confirmed,https://lightfx.jp/market/swap/,2026-10-02T14:32:44+09:00
lightfx,EUR/CHF,2026-09-03,2026-09-04,0,,,10000,JPY,scheduled,https://lightfx.jp/market/swap/,2026-10-03T14:16:05+09:00
lightfx,EUR/CHF,2026-09-04,2026-09-07,1,48.2,-48.3,10000,JPY,confirmed,https://lightfx.jp/market/swap/,2026-10-04T14:48:39+09:00
lightfx,EUR/CHF,2026-09-07,2026-09-08,1,47.6,-47.7,10000,JPY,confirmed,https://lightfx.jp/market/swap/,2026-10-05T14:34:42+09:00
lightfx,EUR/CHF,2026-09-08,2026-09-09,1,47.5,-47.6,10000,JPY,confirmed,https://lightfx.jp/market/swap/,2026-10-05T14:34:42+09:00
lightfx,EUR/CHF,2026-09-09,2026-09-10,3,142.1,-142.2,10000,JPY,confirmed,https://lightfx.jp/market/swap/,2026-10-05T14:34:42+09:00
lightfx,EUR/CHF,2026-09-10,2026-09-11,1,47.4,-47.5,10000,JPY,confirmed,https://lightfx.jp/market/swap/,2026-10-05T14:34:42+09:00
lightfx,EUR/CHF,2026-09-11,2026-09-14,1,47.0,-47.1,10000,JPY,confirmed,https://lightfx.jp/market/swap/,2026-10-05T14:34:42+09:00
lightfx,EUR/CHF,2026-09-14,2026-09-15,1,50.9,-51.0,10000,JPY,confirmed,https://lightfx.jp/market/swap/,2026-10-05T14:34:42+09:00
lightfx,EUR/CHF,2026-09-15,2026-09-16,1,51.1,-51.2,10000,JPY,confirmed,https://lightfx.jp/market/swap/,2026-10-05T14:34:42+09:00
lightfx,EUR/CHF,2026-09-16,2026-09-17,3,153.2,-153.3,10000,JPY,confirmed,https://lightfx.jp/market/swap/,2026-10-05T14:34:42+09:00
lightfx,EUR/CHF,2026-09-17,2026-09-18,1,51.0,-51.1,10000,JPY,confirmed,https://lightfx.jp/market/swap/,2026-10-05T14:34:42+09:00
lightfx,EUR/CHF,2026-09-18,2026-09-21,1,61.0,-61.1,10000,JPY,confirmed,https://lightfx.jp/market/swap/,2026-10-05T14:34:42+09:00
lightfx,EUR/CHF,2026-09-21,2026-09-22,1,61.3,-61.4,10000,JPY,confirmed,https://lightfx.jp/market/swap/,2026-10-05T14:34:42+09:00
lightfx,EUR/CHF,2026-09-22,2026-09-23,1,61.3,-61.4,10000,JPY,confirmed,https://lightfx.jp/market/swap/,2026-10-05T14:34:42+09:00
lightfx,EUR/CHF,2026-09-23,2026-09-24,3,184.1,-184.3,10000,JPY,confirmed,https://lightfx.jp/market/swap/,2026-10-05T14:34:42+09:00
lightfx,EUR/CHF,2026-09-24,2026-09-25,1,61.3,-61.5,10000,JPY,confirmed,https://lightfx.jp/market/swap/,2026-10-05T14:34:42+09:00
lightfx,EUR/CHF,2026-09-25,2026-09-28,1,60.7,-60.8,10000,JPY,confirmed,https://lightfx.jp/market/swap/,2026-10-05T14:34:42+09:00
lightfx,EUR/CHF,2026-09-28,2026-09-29,1,60.5,-60.6,10000,JPY,confirmed,https://lightfx.jp/market/swap/,2026-10-05T14:34:42+09:00
lightfx,EUR/CHF,2026-09-29,2026-09-30,1,60.3,-60.4,10000,JPY,confirmed,https://lightfx.jp/market/swap/,2026-10-05T14:34:42+09:00
lightfx,EUR/CHF,2026-09-30,2026-10-01,3,180.7,-180.9,10000,JPY,confirmed,https://lightfx.jp/market/swap/,2026-10-05T14:34:42+09:00
lightfx,EUR/CHF,2026-10-01,2026-10-02,1,60.8,-60.9,10000,JPY,confirmed,https://lightfx.jp/market/swap/,2026-10-05T14:34:42+09:00
lightfx,EUR/CHF,2026-10-02,2026-10-05,1,60.9,-61.0,10000,JPY,confirmed,https://lightfx.jp/market/swap/,2026-10-05T14:34:42+09:00
lightfx,EUR/CHF,2026-10-05,2026-10-06,1,,,10000,JPY,scheduled,https://lightfx.jp/market/swap/,2026-10-05T14:34:42+09:00
lightfx,EUR/GBP,2026-08-26,2026-08-27,4,-277.3,277.2,10000,JPY,confirmed,https://lightfx.jp/market/swap/,2026-09-26T23:25:14+09:00
lightfx,EUR/GBP,2026-08-27,2026-08-28,1,-69.4,69.3,10000,JPY,confirmed,https://lightfx.jp/market/swap/,2026-09-27T14:16:02+09:00
lightfx,EUR/GBP,2026-08-28,2026-08-31,0,,,10000,JPY,scheduled,https://lightfx.jp/market/swap/,2026-09-28T14:19:56+09:00
lightfx,EUR/GBP,2026-08-31,2026-09-01,1,-69.3,69.2,10000,JPY,confirmed,https://lightfx.jp/market/swap/,2026-09-30T14:29:38+09:00
lightfx,EUR/GBP,2026-09-01,2026-09-02,1,-69.3,69.2,10000,JPY,confirmed,https://lightfx.jp/market/swap/,2026-09-30T14:29:38+09:00
lightfx,EUR/GBP,2026-09-02,2026-09-03,4,-274.1,274.0,10000,JPY,confirmed,https://lightfx.jp/market/swap/,2026-10-02T14:32:44+09:00
lightfx,EUR/GBP,2026-09-03,2026-09-04,0,,,10000,JPY,scheduled,https://lightfx.jp/market/swap/,2026-10-03T14:16:05+09:00
lightfx,EUR/GBP,2026-09-04,2026-09-07,1,-67.6,67.5,10000,JPY,confirmed,https://lightfx.jp/market/swap/,2026-10-04T14:48:39+09:00
lightfx,EUR/GBP,2026-09-07,2026-09-08,1,-66.9,66.8,10000,JPY,confirmed,https://lightfx.jp/market/swap/,2026-10-05T14:34:42+09:00
lightfx,EUR/GBP,2026-09-08,2026-09-09,1,-66.8,66.7,10000,JPY,confirmed,https://lightfx.jp/market/swap/,2026-10-05T14:34:42+09:00
lightfx,EUR/GBP,2026-09-09,2026-09-10,3,-199.8,199.6,10000,JPY,confirmed,https://lightfx.jp/market/swap/,2026-10-05T14:34:42+09:00
lightfx,EUR/GBP,2026-09-10,2026-09-11,1,-66.8,66.7,10000,JPY,confirmed,https://lightfx.jp/market/swap/,2026-10-05T14:34:42+09:00
lightfx,EUR/GBP,2026-09-11,2026-09-14,1,-66.6,66.5,10000,JPY,confirmed,https://lightfx.jp/market/swap/,2026-10-05T14:34:42+09:00
lightfx,EUR/GBP,2026-09-14,2026-09-15,1,-66.7,66.6,10000,JPY,confirmed,https://lightfx.jp/market/swap/,2026-10-05T14:34:42+09:00
lightfx,EUR/GBP,2026-09-15,2026-09-16,1,-66.9,66.8,10000,JPY,confirmed,https://lightfx.jp/market/swap/,2026-10-05T14:34:42+09:00
lightfx,EUR/GBP,2026-09-16,2026-09-17,3,-200.9,200.7,10000,JPY,confirmed,https://lightfx.jp/market/swap/,2026-10-05T14:34:42+09:00
lightfx,EUR/GBP,2026-09-17,2026-09-18,1,-66.7,66.6,10000,JPY,confirmed,https://lightfx.jp/market/swap/,2026-10-05T14:34:42+09:00
lightfx,EUR/GBP,2026-09-18,2026-09-21,1,-63.1,63.0,10000,JPY,confirmed,https://lightfx.jp/market/swap/,2026-10-05T14:34:42+09:00
lightfx,EUR/GBP,2026-09-21,2026-09-22,1,-63.2,63.1,10000,JPY,confirmed,https://lightfx.jp/market/swap/,2026-10-05T14:34:42+09:00
lightfx,EUR/GBP,2026-09-22,2026-09-23,1,-56.8,56.7,10000,JPY,confirmed,https://lightfx.jp/market/swap/,2026-10-05T14:34:42+09:00
lightfx,EUR/GBP,2026-09-23,2026-09-24,3,-169.9,169.8,10000,JPY,confirmed,https://lightfx.jp/market/swap/,2026-10-05T14:34:42+09:00
lightfx,EUR/GBP,2026-09-24,2026-09-25,1,-56.8,56.6,10000,JPY,confirmed,https://lightfx.jp/market/swap/,2026-10-05T14:34:42+09:00
lightfx,EUR/GBP,2026-09-25,2026-09-28,1,-56.3,56.2,10000,JPY,confirmed,https://lightfx.jp/market/swap/,2026-10-05T14:34:42+09:00
lightfx,EUR/GBP,2026-09-28,2026-09-29,1,-56.4,56.3,10000,JPY,confirmed,https://lightfx.jp/market/swap/,2026-10-05T14:34:42+09:00
lightfx,EUR/GBP,2026-09-29,2026-09-30,1,-56.3,56.1,10000,JPY,confirmed,https://lightfx.jp/market/swap/,2026-10-05T14:34:42+09:00
lightfx,EUR/GBP,2026-09-30,2026-10-01,3,-169.2,169.1,10000,JPY,confirmed,https://lightfx.jp/market/swap/,2026-10-05T14:34:42+09:00
lightfx,EUR/GBP,2026-10-01,2026-10-02,1,-56.4,56.3,10000,JPY,confirmed,https://lightfx.jp/market/swap/,2026-10-05T14:34:42+09:00
lightfx,EUR/GBP,2026-10-02,2026-10-05,1,-56.5,56.4,10000,JPY,confirmed,https://lightfx.jp/market/swap/,2026-10-05T14:34:42+09:00
lightfx,EUR/GBP,2026-10-05,2026-10-06,1,,,10000,JPY,scheduled,https://lightfx.jp/market/swap/,2026-10-05T14:34:42+09:00
lightfx,EUR/JPY,2026-08-26,2026-08-27,3,243.0,-243.0,10000,JPY,confirmed,https://lightfx.jp/market/swap/,2026-09-26T23:25:14+09:00
lightfx,EUR/JPY,2026-08-27,2026-08-28,1,81.0,-81.0,10000,JPY,confirmed,https://lightfx.jp/market/swap/,2026-09-27T14:16:02+09:00
lightfx,EUR/JPY,2026-08-28,2026-08-31,1,81.0,-81.0,10000,JPY,confirmed,https://lightfx.jp/market/swap/,2026-09-28T14:19:56+09:00
lightfx,EUR/JPY,2026-08-31,2026-09-01,1,81.0,-81.0,10000,JPY,confirmed,https://lightfx.jp/market/swap/,2026-09-30T14:29:38+09:00
lightfx,EUR/JPY,2026-09-01,2026-09-02,1,81.0,-81.0,10000,JPY,confirmed,https://lightfx.jp/market/swap/,2026-09-30T14:29:38+09:00
lightfx,EUR/JPY,2026-09-02,2026-09-03,4,324.0,-324.0,10000,JPY,confirmed,https://lightfx.jp/market/swap/,2026-10-02T14:32:44+09:00
lightfx,EUR/JPY,2026-09-03,2026-09-04,0,,,10000,JPY,scheduled,https://lightfx.jp/market/swap/,2026-10-03T14:16:05+09:00
lightfx,EUR/JPY,2026-09-04,2026-09-07,1,76.0,-76.0,10000,JPY,confirmed,https://lightfx.jp/market/swap/,2026-10-04T14:48:39+09:00
lightfx,EUR/JPY,2026-09-07,2026-09-08,1,71.0,-71.0,10000,JPY,confirmed,https://lightfx.jp/market/swap/,2026-10-05T14:34:42+09:00
lightfx,EUR/JPY,2026-09-08,2026-09-09,1,71.0,-71.0,10000,JPY,confirmed,https://lightfx.jp/market/swap/,2026-10-05T14:34:42+09:00
lightfx,EUR/JPY,2026-09-09,2026-09-10,3,213.0,-213.0,10000,JPY,confirmed,https://lightfx.jp/market/swap/,2026-10-05T14:34:42+09:00
lightfx,EUR/JPY,2026-09-10,2026-09-11,1,71.0,-71.0,10000,JPY,confirmed,https://lightfx.jp/market/swap/,2026-10-05T14:34:42+09:00
lightfx,EUR/JPY,2026-09-11,2026-09-14,1,71.0,-71.0,10000,JPY,confirmed,https://lightfx.jp/market/swap/,2026-10-05T14:34:42+09:00
lightfx,EUR/JPY,2026-09-14,2026-09-15,1,71.0,-71.0,10000,JPY,confirmed,https://lightfx.jp/market/swap/,2026-10-05T14:34:42+09:00
lightfx,EUR/JPY,2026-09-15,2026-09-16,1,71.0,-71.0,10000,JPY,confirmed,https://lightfx.jp/market/swap/,2026-10-05T14:34:42+09:00
lightfx,EUR/JPY,2026-09-16,2026-09-17,6,426.0,-426.0,10000,JPY,confirmed,https://lightfx.jp/market/swap/,2026-10-05T14:34:42+09:00
lightfx,EUR/JPY,2026-09-17,2026-09-18,1,71.0,-71.0,10000,JPY,confirmed,https://lightfx.jp/market/swap/,2026-10-05T14:34:42+09:00
lightfx,EUR/JPY,2026-09-18,2026-09-21,0,,,10000,JPY,scheduled,https://lightfx.jp/market/swap/,2026-10-05T14:34:42+09:00
lightfx,EUR/JPY,2026-09-21,2026-09-22,0,,,10000,JPY,scheduled,https://lightfx.jp/market/swap/,2026-10-05T14:34:42+09:00
lightfx,EUR/JPY,2026-09-22,2026-09-23,0,,,10000,JPY,scheduled,https://lightfx.jp/market/swap/,2026-10-05T14:34:42+09:00
lightfx,EUR/JPY,2026-09-23,2026-09-24,3,213.0,-213.0,10000,JPY,confirmed,https://lightfx.jp/market/swap/,2026-10-05T14:34:42+09:00
lightfx,EUR/JPY,2026-09-24,2026-09-25,1,71.0,-71.0,10000,JPY,confirmed,https://lightfx.jp/market/swap/,2026-10-05T14:34:42+09:00
lightfx,EUR/JPY,2026-09-25,2026-09-28,1,71.0,-71.0,10000,JPY,confirmed,https://lightfx.jp/market/swap/,2026-10-05T14:34:42+09:00
lightfx,EUR/JPY,2026-09-28,2026-09-29,1,71.0,-71.0,10000,JPY,confirmed,https://lightfx.jp/market/swap/,2026-10-05T14:34:42+09:00
lightfx,EUR/JPY,2026-09-29,2026-09-30,1,71.0,-71.0,10000,JPY,confirmed,https://lightfx.jp/market/swap/,2026-10-05T14:34:42+09:00
lightfx,EUR/JPY,2026-09-30,2026-10-01,3,183.0,-183.0,10000,JPY,confirmed,https://lightfx.jp/market/swap/,2026-10-05T14:34:42+09:00
lightfx,EUR/JPY,2026-10-01,2026-10-02,1,61.0,-61.0,10000,JPY,confirmed,https://lightfx.jp/market/swap/,2026-10-05T14:34:42+09:00
lightfx,EUR/JPY,2026-10-02,2026-10-05,1,62.0,-62.0,10000,JPY,confirmed,https://lightfx.jp/market/swap/,2026-10-05T14:34:42+09:00
lightfx,EUR/JPY,2026-10-05,2026-10-06,1,,,10000,JPY,scheduled,https://lightfx.jp/market/swap/,2026-10-05T14:34:42+09:00
lightfx,EUR/PLN,2026-08-26,2026-08-27,3,-181.0,180.7,10000,JPY,confirmed,https://lightfx.jp/market/swap/,2026-09-26T23:25:14+09:00
lightfx,EUR/PLN,2026-08-27,2026-08-28,1,-60.0,59.9,10000,JPY,confirmed,https://lightfx.jp/market/swap/,2026-09-27T14:16:02+09:00
lightfx,EUR/PLN,2026-08-28,2026-08-31,1,-59.9,59.7,10000,JPY,confirmed,https://lightfx.jp/market/swap/,2026-09-28T14:19:56+09:00
lightfx,EUR/PLN,2026-08-31,2026-09-01,1,-60.1,59.9,10000,JPY,confirmed,https://lightfx.jp/market/swap/,2026-09-30T14:29:38+09:00
lightfx,EUR/PLN,2026-09-01,2026-09-02,1,-60.0,59.9,10000,JPY,confirmed,https://lightfx.jp/market/swap/,2026-09-30T14:29:38+09:00
lightfx,EUR/PLN,2026-09-02,2026-09-03,4,-238.0,237.7,10000,JPY,confirmed,https://lightfx.jp/market/swap/,2026-10-02T14:32:44+09:00
lightfx,EUR/PLN,2026-09-03,2026-09-04,0,,,10000,JPY,scheduled,https://lightfx.jp/market/swap/,2026-10-03T14:16:05+09:00
lightfx,EUR/PLN,2026-09-04,2026-09-07,1,-59.0,58.8,10000,JPY,confirmed,https://lightfx.jp/market/swap/,2026-10-04T14:48:39+09:00
lightfx,EUR/PLN,2026-09-07,2026-09-08,1,-58.4,58.2,10000,JPY,confirmed,https://lightfx.jp/market/swap/,2026-10-05T14:34:42+09:00
lightfx,EUR/PLN,2026-09-08,2026-09-09,1,-58.2,58.0,10000,JPY,confirmed,https://lightfx.jp/market/swap/,2026-10-05T14:34:42+09:00
lightfx,EUR/PLN,2026-09-09,2026-09-10,3,-174.0,173.7,10000,JPY,confirmed,https://lightfx.jp/market/swap/,2026-10-05T14:34:42+09:00
lightfx,EUR/PLN,2026-09-10,2026-09-11,1,-58.1,57.9,10000,JPY,confirmed,https://lightfx.jp/market/swap/,2026-10-05T14:34:42+09:00
lightfx,EUR/PLN,2026-09-11,2026-09-14,1,-57.8,57.6,10000,JPY,confirmed,https://lightfx.jp/market/swap/,2026-10-05T14:34:42+09:00
lightfx,EUR/PLN,2026-09-14,2026-09-15,1,-57.6,57.4,10000,JPY,confirmed,https://lightfx.jp/market/swap/,2026-10-05T14:34:42+09:00
lightfx,EUR/PLN,2026-09-15,2026-09-16,1,-57.8,57.6,10000,JPY,confirmed,https://lightfx.jp/market/swap/,2026-10-05T14:34:42+09:00
lightfx,EUR/PLN,2026-09-16,2026-09-17,3,-172.7,172.4,10000,JPY,confirmed,https://lightfx.jp/market/swap/,2026-10-05T14:34:42+09:00
lightfx,EUR/PLN,2026-09-17,2026-09-18,1,-57.6,57.4,10000,JPY,confirmed,https://lightfx.jp/market/swap/,2026-10-05T14:34:42+09:00
lightfx,EUR/PLN,2026-09-18,2026-09-21,1,-50.4,50.3,10000,JPY,confirmed,https://lightfx.jp/market/swap/,2026-10-05T14:34:42+09:00
lightfx,EUR/PLN,2026-09-21,2026-09-22,1,-50.7,50.6,10000,JPY,confirmed,https://lightfx.jp/market/swap/,2026-10-05T14:34:42+09:00
lightfx,EUR/PLN,2026-09-22,2026-09-23,1,-50.6,50.5,10000,JPY,confirmed,https://lightfx.jp/market/swap/,2026-10-05T14:34:42+09:00
lightfx,EUR/PLN,2026-09-23,2026-09-24,3,-150.9,150.6,10000,JPY,confirmed,https://lightfx.jp/market/swap/,2026-10-05T14:34:42+09:00
lightfx,EUR/PLN,2026-09-24,2026-09-25,1,-50.4,50.2,10000,JPY,confirmed,https://lightfx.jp/market/swap/,2026-10-05T14:34:42+09:00
lightfx,EUR/PLN,2026-09-25,2026-09-28,1,-50.1,49.9,10000,JPY,confirmed,https://lightfx.jp/market/swap/,2026-10-05T14:34:42+09:00
lightfx,EUR/PLN,2026-09-28,2026-09-29,1,-50.0,49.9,10000,JPY,confirmed,https://lightfx.jp/market/swap/,2026-10-05T14:34:42+09:00
lightfx,EUR/PLN,2026-09-29,2026-09-30,1,-49.9,49.7,10000,JPY,confirmed,https://lightfx.jp/market/swap/,2026-10-05T14:34:42+09:00
lightfx,EUR/PLN,2026-09-30,2026-10-01,3,-149.7,149.5,10000,JPY,confirmed,https://lightfx.jp/market/swap/,2026-10-05T14:34:42+09:00
lightfx,EUR/PLN,2026-10-01,2026-10-02,1,-49.6,49.5,10000,JPY,confirmed,https://lightfx.jp/market/swap/,2026-10-05T14:34:42+09:00
lightfx,EUR/PLN,2026-10-02,2026-10-05,1,-49.5,49.3,10000,JPY,confirmed,https://lightfx.jp/market/swap/,2026-10-05T14:34:42+09:00
lightfx,EUR/PLN,2026-10-05,2026-10-06,1,,,10000,JPY,scheduled,https://lightfx.jp/market/swap/,2026-10-05T14:34:42+09:00
lightfx,EUR/USD,2026-08-26,2026-08-27,3,-210.3,210.2,10000,JPY,confirmed,https://lightfx.jp/market/swap/,2026-09-26T23:25:14+09:00
lightfx,EUR/USD,2026-08-27,2026-08-28,1,-70.2,70.1,10000,JPY,confirmed,https://lightfx.jp/market/swap/,2026-09-27T14:16:02+09:00
lightfx,EUR/USD,2026-08-28,2026-08-31,1,-70.5,70.4,10000,JPY,confirmed,https://lightfx.jp/market/swap/,2026-09-28T14:19:56+09:00
lightfx,EUR/USD,2026-08-31,2026-09-01,1,-70.3,70.2,10000,JPY,confirmed,https://lightfx.jp/market/swap/,2026-09-30T14:29:38+09:00
lightfx,EUR/USD,2026-09-01,2026-09-02,1,-70.5,70.4,10000,JPY,confirmed,https://lightfx.jp/market/swap/,2026-09-30T14:29:38+09:00
lightfx,EUR/USD,2026-09-02,2026-09-03,4,-279.4,279.3,10000,JPY,confirmed,https://lightfx.jp/market/swap/,2026-10-02T14:32:44+09:00
lightfx,EUR/USD,2026-09-03,2026-09-04,0,,,10000,JPY,scheduled,https://lightfx.jp/market/swap/,2026-10-03T14:16:05+09:00
lightfx,EUR/USD,2026-09-04,2026-09-07,1,-68.8,68.7,10000,JPY,confirmed,https://lightfx.jp/market/swap/,2026-10-04T14:48:39+09:00
lightfx,EUR/USD,2026-09-07,2026-09-08,1,-68.0,67.9,10000,JPY,confirmed,https://lightfx.jp/market/swap/,2026-10-05T14:34:42+09:00
lightfx,EUR/USD,2026-09-08,2026-09-09,1,-67.8,67.7,10000,JPY,confirmed,https://lightfx.jp/market/swap/,2026-10-05T14:34:42+09:00
lightfx,EUR/USD,2026-09-09,2026-09-10,3,-202.8,202.6,10000,JPY,confirmed,https://lightfx.jp/market/swap/,2026-10-05T14:34:42+09:00
lightfx,EUR/USD,2026-09-10,2026-09-11,1,-68.0,67.9,10000,JPY,confirmed,https://lightfx.jp/market/swap/,2026-10-05T14:34:42+09:00
lightfx,EUR/USD,2026-09-11,2026-09-14,1,-67.7,67.6,10000,JPY,confirmed,https://lightfx.jp/market/swap/,2026-10-05T14:34:42+09:00
lightfx,EUR/USD,2026-09-14,2026-09-15,1,-68.0,67.9,10000,JPY,confirmed,https://lightfx.jp/market/swap/,2026-10-05T14:34:42+09:00
lightfx,EUR/USD,2026-09-15,2026-09-16,1,-68.3,68.2,10000,JPY,confirmed,https://lightfx.jp/market/swap/,2026-10-05T14:34:42+09:00
lightfx,EUR/USD,2026-09-16,2026-09-17,3,-206.4,206.3,10000,JPY,confirmed,https://lightfx.jp/market/swap/,2026-10-05T14:34:42+09:00
lightfx,EUR/USD,2026-09-17,2026-09-18,1,-68.7,68.6,10000,JPY,confirmed,https://lightfx.jp/market/swap/,2026-10-05T14:34:42+09:00
lightfx,EUR/USD,2026-09-18,2026-09-21,1,-69.1,69.0,10000,JPY,confirmed,https://lightfx.jp/market/swap/,2026-10-05T14:34:42+09:00
lightfx,EUR/USD,2026-09-21,2026-09-22,1,-69.3,69.2,10000,JPY,confirmed,https://lightfx.jp/market/swap/,2026-10-05T14:34:42+09:00
lightfx,EUR/USD,2026-09-22,2026-09-23,1,-69.3,69.2,10000,JPY,confirmed,https://lightfx.jp/market/swap/,2026-10-05T14:34:42+09:00
lightfx,EUR/USD,2026-09-23,2026-09-24,3,-209.1,209.0,10000,JPY,confirmed,https://lightfx.jp/market/swap/,2026-10-05T14:34:42+09:00
lightfx,EUR/USD,2026-09-24,2026-09-25,1,-70.0,69.9,10000,JPY,confirmed,https://lightfx.jp/market/swap/,2026-10-05T14:34:42+09:00
lightfx,EUR/USD,2026-09-25,2026-09-28,1,-69.3,69.2,10000,JPY,confirmed,https://lightfx.jp/market/swap/,2026-10-05T14:34:42+09:00
lightfx,EUR/USD,2026-09-28,2026-09-29,1,-69.3,69.2,10000,JPY,confirmed,https://lightfx.jp/market/swap/,2026-10-05T14:34:42+09:00
lightfx,EUR/USD,2026-09-29,2026-09-30,1,-69.3,69.2,10000,JPY,confirmed,https://lightfx.jp/market/swap/,2026-10-05T14:34:42+09:00
lightfx,EUR/USD,2026-09-30,2026-10-01,3,-226.7,226.6,10000,JPY,confirmed,https://lightfx.jp/market/swap/,2026-10-05T14:34:42+09:00
lightfx,EUR/USD,2026-10-01,2026-10-02,1,-75.9,75.8,10000,JPY,confirmed,https://lightfx.jp/market/swap/,2026-10-05T14:34:42+09:00
lightfx,EUR/USD,2026-10-02,2026-10-05,1,-75.8,75.7,10000,JPY,confirmed,https://lightfx.jp/market/swap/,2026-10-05T14:34:42+09:00
lightfx,EUR/USD,2026-10-05,2026-10-06,1,,,10000,JPY,scheduled,https://lightfx.jp/market/swap/,2026-10-05T14:34:42+09:00
lightfx,GBP/AUD,2026-08-26,2026-08-27,4,-123.5,123.4,10000,JPY,confirmed,https://lightfx.jp/market/swap/,2026-09-26T23:25:14+09:00
lightfx,GBP/AUD,2026-08-27,2026-08-28,1,-31.0,30.9,10000,JPY,confirmed,https://lightfx.jp/market/swap/,2026-09-27T14:16:02+09:00
lightfx,GBP/AUD,2026-08-28,2026-08-31,0,,,10000,JPY,scheduled,https://lightfx.jp/market/swap/,2026-09-28T14:19:56+09:00
lightfx,GBP/AUD,2026-08-31,2026-09-01,1,-31.0,30.9,10000,JPY,confirmed,https://lightfx.jp/market/swap/,2026-09-30T14:29:38+09:00
lightfx,GBP/AUD,2026-09-01,2026-09-02,1,-31.0,30.8,10000,JPY,confirmed,https://lightfx.jp/market/swap/,2026-09-30T14:29:38+09:00
lightfx,GBP/AUD,2026-09-02,2026-09-03,4,-123.0,122.8,10000,JPY,confirmed,https://lightfx.jp/market/swap/,2026-10-02T14:32:44+09:00
lightfx,GBP/AUD,2026-09-03,2026-09-04,0,,,10000,JPY,scheduled,https://lightfx.jp/market/swap/,2026-10-03T14:16:05+09:00
lightfx,GBP/AUD,2026-09-04,2026-09-07,1,-30.4,30.3,10000,JPY,confirmed,https://lightfx.jp/market/swap/,2026-10-04T14:48:39+09:00
lightfx,GBP/AUD,2026-09-07,2026-09-08,1,-30.1,30.0,10000,JPY,confirmed,https://lightfx.jp/market/swap/,2026-10-05T14:34:42+09:00
lightfx,GBP/AUD,2026-09-08,2026-09-09,1,-30.1,30.0,10000,JPY,confirmed,https://lightfx.jp/market/swap/,2026-10-05T14:34:42+09:00
lightfx,GBP/AUD,2026-09-09,2026-09-10,3,-89.8,89.7,10000,JPY,confirmed,https://lightfx.jp/market/swap/,2026-10-05T14:34:42+09:00
lightfx,GBP/AUD,2026-09-10,2026-09-11,1,-29.9,29.8,10000,JPY,confirmed,https://lightfx.jp/market/swap/,2026-10-05T14:34:42+09:00
lightfx,GBP/AUD,2026-09-11,2026-09-14,1,-29.8,29.7,10000,JPY,confirmed,https://lightfx.jp/market/swap/,2026-10-05T14:34:42+09:00
lightfx,GBP/AUD,2026-09-14,2026-09-15,1,-29.8,29.7,10000,JPY,confirmed,https://lightfx.jp/market/swap/,2026-10-05T14:34:42+09:00
lightfx,GBP/AUD,2026-09-15,2026-09-16,1,-29.9,29.8,10000,JPY,confirmed,https://lightfx.jp/market/swap/,2026-10-05T14:34:42+09:00
lightfx,GBP/AUD,2026-09-16,2026-09-17,3,-89.8,89.7,10000,JPY,confirmed,https://lightfx.jp/market/swap/,2026-10-05T14:34:42+09:00
lightfx,GBP/AUD,2026-09-17,2026-09-18,1,-30.0,29.9,10000,JPY,confirmed,https://lightfx.jp/market/swap/,2026-10-05T14:34:42+09:00
lightfx,GBP/AUD,2026-09-18,2026-09-21,1,-30.2,30.1,10000,JPY,confirmed,https://lightfx.jp/market/swap/,2026-10-05T14:34:42+09:00
lightfx,GBP/AUD,2026-09-21,2026-09-22,1,-30.3,30.2,10000,JPY,confirmed,https://lightfx.jp/market/swap/,2026-10-05T14:34:42+09:00
lightfx,GBP/AUD,2026-09-22,2026-09-23,1,-30.3,30.2,10000,JPY,confirmed,https://lightfx.jp/market/swap/,2026-10-05T14:34:42+09:00
lightfx,GBP/AUD,2026-09-23,2026-09-24,3,-90.4,90.2,10000,JPY,confirmed,https://lightfx.jp/market/swap/,2026-10-05T14:34:42+09:00
lightfx,GBP/AUD,2026-09-24,2026-09-25,1,-30.1,30.0,10000,JPY,confirmed,https://lightfx.jp/market/swap/,2026-10-05T14:34:42+09:00
lightfx,GBP/AUD,2026-09-25,2026-09-28,1,-29.9,29.8,10000,JPY,confirmed,https://lightfx.jp/market/swap/,2026-10-05T14:34:42+09:00
lightfx,GBP/AUD,2026-09-28,2026-09-29,1,-29.9,29.8,10000,JPY,confirmed,https://lightfx.jp/market/swap/,2026-10-05T14:34:42+09:00
lightfx,GBP/AUD,2026-09-29,2026-09-30,1,-29.7,29.6,10000,JPY,confirmed,https://lightfx.jp/market/swap/,2026-10-05T14:34:42+09:00
lightfx,GBP/AUD,2026-09-30,2026-10-01,4,-118.1,118.0,10000,JPY,confirmed,https://lightfx.jp/market/swap/,2026-10-05T14:34:42+09:00
lightfx,GBP/AUD,2026-10-01,2026-10-02,1,-29.6,29.5,10000,JPY,confirmed,https://lightfx.jp/market/swap/,2026-10-05T14:34:42+09:00
lightfx,GBP/AUD,2026-10-02,2026-10-05,0,,,10000,JPY,scheduled,https://lightfx.jp/market/swap/,2026-10-05T14:34:42+09:00
lightfx,GBP/AUD,2026-10-05,2026-10-06,1,,,10000,JPY,scheduled,https://lightfx.jp/market/swap/,2026-10-05T14:34:42+09:00
lightfx,GBP/CHF,2026-08-26,2026-08-27,4,561.7,-561.9,10000,JPY,confirmed,https://lightfx.jp/market/swap/,2026-09-26T23:25:14+09:00
lightfx,GBP/CHF,2026-08-27,2026-08-28,1,140.6,-140.8,10000,JPY,confirmed,https://lightfx.jp/market/swap/,2026-09-27T14:16:02+09:00
lightfx,GBP/CHF,2026-08-28,2026-08-31,0,,,10000,JPY,scheduled,https://lightfx.jp/market/swap/,2026-09-28T14:19:56+09:00
lightfx,GBP/CHF,2026-08-31,2026-09-01,1,130.4,-130.5,10000,JPY,confirmed,https://lightfx.jp/market/swap/,2026-09-30T14:29:38+09:00
lightfx,GBP/CHF,2026-09-01,2026-09-02,1,130.2,-130.3,10000,JPY,confirmed,https://lightfx.jp/market/swap/,2026-09-30T14:29:38+09:00
lightfx,GBP/CHF,2026-09-02,2026-09-03,4,515.4,-515.6,10000,JPY,confirmed,https://lightfx.jp/market/swap/,2026-10-02T14:32:44+09:00
lightfx,GBP/CHF,2026-09-03,2026-09-04,0,,,10000,JPY,scheduled,https://lightfx.jp/market/swap/,2026-10-03T14:16:05+09:00
lightfx,GBP/CHF,2026-09-04,2026-09-07,1,127.3,-127.4,10000,JPY,confirmed,https://lightfx.jp/market/swap/,2026-10-04T14:48:39+09:00
lightfx,GBP/CHF,2026-09-07,2026-09-08,1,125.8,-125.9,10000,JPY,confirmed,https://lightfx.jp/market/swap/,2026-10-05T14:34:42+09:00
lightfx,GBP/CHF,2026-09-08,2026-09-09,1,125.5,-125.6,10000,JPY,confirmed,https://lightfx.jp/market/swap/,2026-10-05T14:34:42+09:00
lightfx,GBP/CHF,2026-09-09,2026-09-10,3,375.2,-375.4,10000,JPY,confirmed,https://lightfx.jp/market/swap/,2026-10-05T14:34:42+09:00
lightfx,GBP/CHF,2026-09-10,2026-09-11,1,125.3,-125.4,10000,JPY,confirmed,https://lightfx.jp/market/swap/,2026-10-05T14:34:42+09:00
lightfx,GBP/CHF,2026-09-11,2026-09-14,1,124.2,-124.3,10000,JPY,confirmed,https://lightfx.jp/market/swap/,2026-10-05T14:34:42+09:00
lightfx,GBP/CHF,2026-09-14,2026-09-15,1,124.6,-124.7,10000,JPY,confirmed,https://lightfx.jp/market/swap/,2026-10-05T14:34:42+09:00
lightfx,GBP/CHF,2026-09-15,2026-09-16,1,125.0,-125.1,10000,JPY,confirmed,https://lightfx.jp/market/swap/,2026-10-05T14:34:42+09:00
lightfx,GBP/CHF,2026-09-16,2026-09-17,3,374.5,-374.7,10000,JPY,confirmed,https://lightfx.jp/market/swap/,2026-10-05T14:34:42+09:00
lightfx,GBP/CHF,2026-09-17,2026-09-18,1,124.8,-124.9,10000,JPY,confirmed,https://lightfx.jp/market/swap/,2026-10-05T14:34:42+09:00
lightfx,GBP/CHF,2026-09-18,2026-09-21,1,141.2,-141.3,10000,JPY,confirmed,https://lightfx.jp/market/swap/,2026-10-05T14:34:42+09:00
lightfx,GBP/CHF,2026-09-21,2026-09-22,1,141.8,-141.9,10000,JPY,confirmed,https://lightfx.jp/market/swap/,2026-10-05T14:34:42+09:00
lightfx,GBP/CHF,2026-09-22,2026-09-23,1,141.9,-142.0,10000,JPY,confirmed,https://lightfx.jp/market/swap/,2026-10-05T14:34:42+09:00
lightfx,GBP/CHF,2026-09-23,2026-09-24,3,425.9,-426.1,10000,JPY,confirmed,https://lightfx.jp/market/swap/,2026-10-05T14:34:42+09:00
lightfx,GBP/CHF,2026-09-24,2026-09-25,1,141.9,-142.1,10000,JPY,confirmed,https://lightfx.jp/market/swap/,2026-10-05T14:34:42+09:00
lightfx,GBP/CHF,2026-09-25,2026-09-28,1,140.4,-140.5,10000,JPY,confirmed,https://lightfx.jp/market/swap/,2026-10-05T14:34:42+09:00
lightfx,GBP/CHF,2026-09-28,2026-09-29,1,139.9,-140.0,10000,JPY,confirmed,https://lightfx.jp/market/swap/,2026-10-05T14:34:42+09:00
lightfx,GBP/CHF,2026-09-29,2026-09-30,1,139.5,-139.7,10000,JPY,confirmed,https://lightfx.jp/market/swap/,2026-10-05T14:34:42+09:00
lightfx,GBP/CHF,2026-09-30,2026-10-01,3,418.0,-418.2,10000,JPY,confirmed,https://lightfx.jp/market/swap/,2026-10-05T14:34:42+09:00
lightfx,GBP/CHF,2026-10-01,2026-10-02,1,140.7,-140.8,10000,JPY,confirmed,https://lightfx.jp/market/swap/,2026-10-05T14:34:42+09:00
lightfx,GBP/CHF,2026-10-02,2026-10-05,1,140.9,-141.0,10000,JPY,confirmed,https://lightfx.jp/market/swap/,2026-10-05T14:34:42+09:00
lightfx,GBP/CHF,2026-10-05,2026-10-06,1,,,10000,JPY,scheduled,https://lightfx.jp/market/swap/,2026-10-05T14:34:42+09:00
lightfx,GBP/JPY,2026-08-26,2026-08-27,4,644.0,-644.0,10000,JPY,confirmed,https://lightfx.jp/market/swap/,2026-09-26T23:25:14+09:00
lightfx,GBP/JPY,2026-08-27,2026-08-28,1,166.0,-166.0,10000,JPY,confirmed,https://lightfx.jp/market/swap/,2026-09-27T14:16:02+09:00
lightfx,GBP/JPY,2026-08-28,2026-08-31,0,,,10000,JPY,scheduled,https://lightfx.jp/market/swap/,2026-09-28T14:19:56+09:00
lightfx,GBP/JPY,2026-08-31,2026-09-01,1,166.0,-166.0,10000,JPY,confirmed,https://lightfx.jp/market/swap/,2026-09-30T14:29:38+09:00
lightfx,GBP/JPY,2026-09-01,2026-09-02,1,163.0,-163.0,10000,JPY,confirmed,https://lightfx.jp/market/swap/,2026-09-30T14:29:38+09:00
lightfx,GBP/JPY,2026-09-02,2026-09-03,4,652.0,-652.0,10000,JPY,confirmed,https://lightfx.jp/market/swap/,2026-10-02T14:32:44+09:00
lightfx,GBP/JPY,2026-09-03,2026-09-04,0,,,10000,JPY,scheduled,https://lightfx.jp/market/swap/,2026-10-03T14:16:05+09:00
lightfx,GBP/JPY,2026-09-04,2026-09-07,1,161.0,-161.0,10000,JPY,confirmed,https://lightfx.jp/market/swap/,2026-10-04T14:48:39+09:00
lightfx,GBP/JPY,2026-09-07,2026-09-08,1,161.0,-161.0,10000,JPY,confirmed,https://lightfx.jp/market/swap/,2026-10-05T14:34:42+09:00
lightfx,GBP/JPY,2026-09-08,2026-09-09,1,158.0,-158.0,10000,JPY,confirmed,https://lightfx.jp/market/swap/,2026-10-05T14:34:42+09:00
lightfx,GBP/JPY,2026-09-09,2026-09-10,3,468.0,-468.0,10000,JPY,confirmed,https://lightfx.jp/market/swap/,2026-10-05T14:34:42+09:00
lightfx,GBP/JPY,2026-09-10,2026-09-11,1,156.0,-156.0,10000,JPY,confirmed,https://lightfx.jp/market/swap/,2026-10-05T14:34:42+09:00
lightfx,GBP/JPY,2026-09-11,2026-09-14,1,156.0,-156.0,10000,JPY,confirmed,https://lightfx.jp/market/swap/,2026-10-05T14:34:42+09:00
lightfx,GBP/JPY,2026-09-14,2026-09-15,1,157.0,-157.0,10000,JPY,confirmed,https://lightfx.jp/market/swap/,2026-10-05T14:34:42+09:00
lightfx,GBP/JPY,2026-09-15,2026-09-16,1,157.0,-157.0,10000,JPY,confirmed,https://lightfx.jp/market/swap/,2026-10-05T14:34:42+09:00
lightfx,GBP/JPY,2026-09-16,2026-09-17,6,942.0,-942.0,10000,JPY,confirmed,https://lightfx.jp/market/swap/,2026-10-05T14:34:42+09:00
lightfx,GBP/JPY,2026-09-17,2026-09-18,1,157.0,-157.0,10000,JPY,confirmed,https://lightfx.jp/market/swap/,2026-10-05T14:34:42+09:00
lightfx,GBP/JPY,2026-09-18,2026-09-21,0,,,10000,JPY,scheduled,https://lightfx.jp/market/swap/,2026-10-05T14:34:42+09:00
lightfx,GBP/JPY,2026-09-21,2026-09-22,0,,,10000,JPY,scheduled,https://lightfx.jp/market/swap/,2026-10-05T14:34:42+09:00
lightfx,GBP/JPY,2026-09-22,2026-09-23,0,,,10000,JPY,scheduled,https://lightfx.jp/market/swap/,2026-10-05T14:34:42+09:00
lightfx,GBP/JPY,2026-09-23,2026-09-24,3,444.0,-444.0,10000,JPY,confirmed,https://lightfx.jp/market/swap/,2026-10-05T14:34:42+09:00
lightfx,GBP/JPY,2026-09-24,2026-09-25,1,148.0,-148.0,10000,JPY,confirmed,https://lightfx.jp/market/swap/,2026-10-05T14:34:42+09:00
lightfx,GBP/JPY,2026-09-25,2026-09-28,1,146.0,-146.0,10000,JPY,confirmed,https://lightfx.jp/market/swap/,2026-10-05T14:34:42+09:00
lightfx,GBP/JPY,2026-09-28,2026-09-29,1,146.0,-146.0,10000,JPY,confirmed,https://lightfx.jp/market/swap/,2026-10-05T14:34:42+09:00
lightfx,GBP/JPY,2026-09-29,2026-09-30,1,146.0,-146.0,10000,JPY,confirmed,https://lightfx.jp/market/swap/,2026-10-05T14:34:42+09:00
lightfx,GBP/JPY,2026-09-30,2026-10-01,3,438.0,-438.0,10000,JPY,confirmed,https://lightfx.jp/market/swap/,2026-10-05T14:34:42+09:00
lightfx,GBP/JPY,2026-10-01,2026-10-02,1,141.0,-141.0,10000,JPY,confirmed,https://lightfx.jp/market/swap/,2026-10-05T14:34:42+09:00
lightfx,GBP/JPY,2026-10-02,2026-10-05,1,142.0,-142.0,10000,JPY,confirmed,https://lightfx.jp/market/swap/,2026-10-05T14:34:42+09:00
lightfx,GBP/JPY,2026-10-05,2026-10-06,1,,,10000,JPY,scheduled,https://lightfx.jp/market/swap/,2026-10-05T14:34:42+09:00
lightfx,GBP/USD,2026-08-26,2026-08-27,4,0.0,0.0,10000,JPY,confirmed,https://lightfx.jp/market/swap/,2026-09-26T23:25:14+09:00
lightfx,GBP/USD,2026-08-27,2026-08-28,1,0.0,0.0,10000,JPY,confirmed,https://lightfx.jp/market/swap/,2026-09-27T14:16:02+09:00
lightfx,GBP/USD,2026-08-28,2026-08-31,0,,,10000,JPY,scheduled,https://lightfx.jp/market/swap/,2026-09-28T14:19:56+09:00
lightfx,GBP/USD,2026-08-31,2026-09-01,1,0.0,0.0,10000,JPY,confirmed,https://lightfx.jp/market/swap/,2026-09-30T14:29:38+09:00
lightfx,GBP/USD,2026-09-01,2026-09-02,1,1.6,1.6,10000,JPY,confirmed,https://lightfx.jp/market/swap/,2026-09-30T14:29:38+09:00
lightfx,GBP/USD,2026-09-02,2026-09-03,4,6.3,6.3,10000,JPY,confirmed,https://lightfx.jp/market/swap/,2026-10-02T14:32:44+09:00
lightfx,GBP/USD,2026-09-03,2026-09-04,0,,,10000,JPY,scheduled,https://lightfx.jp/market/swap/,2026-10-03T14:16:05+09:00
lightfx,GBP/USD,2026-09-04,2026-09-07,1,3.1,3.1,10000,JPY,confirmed,https://lightfx.jp/market/swap/,2026-10-04T14:48:39+09:00
lightfx,GBP/USD,2026-09-07,2026-09-08,1,3.0,3.0,10000,JPY,confirmed,https://lightfx.jp/market/swap/,2026-10-05T14:34:42+09:00
lightfx,GBP/USD,2026-09-08,2026-09-09,1,4.6,4.6,10000,JPY,confirmed,https://lightfx.jp/market/swap/,2026-10-05T14:34:42+09:00
lightfx,GBP/USD,2026-09-09,2026-09-10,3,13.8,13.8,10000,JPY,confirmed,https://lightfx.jp/market/swap/,2026-10-05T14:34:42+09:00
lightfx,GBP/USD,2026-09-10,2026-09-11,1,4.6,4.6,10000,JPY,confirmed,https://lightfx.jp/market/swap/,2026-10-05T14:34:42+09:00
lightfx,GBP/USD,2026-09-11,2026-09-14,1,4.6,4.6,10000,JPY,confirmed,https://lightfx.jp/market/swap/,2026-10-05T14:34:42+09:00
lightfx,GBP/USD,2026-09-14,2026-09-15,1,4.6,4.6,10000,JPY,confirmed,https://lightfx.jp/market/swap/,2026-10-05T14:34:42+09:00
lightfx,GBP/USD,2026-09-15,2026-09-16,1,4.6,4.6,10000,JPY,confirmed,https://lightfx.jp/market/swap/,2026-10-05T14:34:42+09:00
lightfx,GBP/USD,2026-09-16,2026-09-17,3,9.3,9.3,10000,JPY,confirmed,https://lightfx.jp/market/swap/,2026-10-05T14:34:42+09:00
lightfx,GBP/USD,2026-09-17,2026-09-18,1,3.1,3.1,10000,JPY,confirmed,https://lightfx.jp/market/swap/,2026-10-05T14:34:42+09:00
lightfx,GBP/USD,2026-09-18,2026-09-21,1,3.1,3.1,10000,JPY,confirmed,https://lightfx.jp/market/swap/,2026-10-05T14:34:42+09:00
lightfx,GBP/USD,2026-09-21,2026-09-22,1,3.1,3.1,10000,JPY,confirmed,https://lightfx.jp/market/swap/,2026-10-05T14:34:42+09:00
lightfx,GBP/USD,2026-09-22,2026-09-23,1,3.1,3.1,10000,JPY,confirmed,https://lightfx.jp/market/swap/,2026-10-05T14:34:42+09:00
lightfx,GBP/USD,2026-09-23,2026-09-24,3,9.5,9.5,10000,JPY,confirmed,https://lightfx.jp/market/swap/,2026-10-05T14:34:42+09:00
lightfx,GBP/USD,2026-09-24,2026-09-25,1,3.1,3.1,10000,JPY,confirmed,https://lightfx.jp/market/swap/,2026-10-05T14:34:42+09:00
lightfx,GBP/USD,2026-09-25,2026-09-28,1,3.1,3.1,10000,JPY,confirmed,https://lightfx.jp/market/swap/,2026-10-05T14:34:42+09:00
lightfx,GBP/USD,2026-09-28,2026-09-29,1,3.1,3.1,10000,JPY,confirmed,https://lightfx.jp/market/swap/,2026-10-05T14:34:42+09:00
lightfx,GBP/USD,2026-09-29,2026-09-30,1,3.1,3.1,10000,JPY,confirmed,https://lightfx.jp/market/swap/,2026-10-05T14:34:42+09:00
lightfx,GBP/USD,2026-09-30,2026-10-01,3,9.4,9.4,10000,JPY,confirmed,https://lightfx.jp/market/swap/,2026-10-05T14:34:42+09:00
lightfx,GBP/USD,2026-10-01,2026-10-02,1,3.1,3.1,10000,JPY,confirmed,https://lightfx.jp/market/swap/,2026-10-05T14:34:42+09:00
lightfx,GBP/USD,2026-10-02,2026-10-05,1,3.1,3.1,10000,JPY,confirmed,https://lightfx.jp/market/swap/,2026-10-05T14:34:42+09:00
lightfx,GBP/USD,2026-10-05,2026-10-06,1,,,10000,JPY,scheduled,https://lightfx.jp/market/swap/,2026-10-05T14:34:42+09:00
lightfx,HKD/JPY,2026-08-26,2026-08-27,3,45.0,-45.0,10000,JPY,confirmed,https://lightfx.jp/market/swap/,2026-09-26T23:25:14+09:00
lightfx,HKD/JPY,2026-08-27,2026-08-28,1,15.0,-15.0,10000,JPY,confirmed,https://lightfx.jp/market/swap/,2026-09-27T14:16:02+09:00
lightfx,HKD/JPY,2026-08-28,2026-08-31,1,15.0,-15.0,10000,JPY,confirmed,https://lightfx.jp/market/swap/,2026-09-28T14:19:56+09:00
lightfx,HKD/JPY,2026-08-31,2026-09-01,1,15.0,-15.0,10000,JPY,confirmed,https://lightfx.jp/market/swap/,2026-09-30T14:29:38+09:00
lightfx,HKD/JPY,2026-09-01,2026-09-02,1,15.0,-15.0,10000,JPY,confirmed,https://lightfx.jp/market/swap/,2026-09-30T14:29:38+09:00
lightfx,HKD/JPY,2026-09-02,2026-09-03,4,60.0,-60.0,10000,JPY,confirmed,https://lightfx.jp/market/swap/,2026-10-02T14:32:44+09:00
lightfx,HKD/JPY,2026-09-03,2026-09-04,0,,,10000,JPY,scheduled,https://lightfx.jp/market/swap/,2026-10-03T14:16:05+09:00
lightfx,HKD/JPY,2026-09-04,2026-09-07,1,15.0,-15.0,10000,JPY,confirmed,https://lightfx.jp/market/swap/,2026-10-04T14:48:39+09:00
lightfx,HKD/JPY,2026-09-07,2026-09-08,1,15.0,-15.0,10000,JPY,confirmed,https://lightfx.jp/market/swap/,2026-10-05T14:34:42+09:00
lightfx,HKD/JPY,2026-09-08,2026-09-09,1,15.0,-15.0,10000,JPY,confirmed,https://lightfx.jp/market/swap/,2026-10-05T14:34:42+09:00
lightfx,HKD/JPY,2026-09-09,2026-09-10,3,45.0,-45.0,10000,JPY,confirmed,https://lightfx.jp/market/swap/,2026-10-05T14:34:42+09:00
lightfx,HKD/JPY,2026-09-10,2026-09-11,1,15.0,-15.0,10000,JPY,confirmed,https://lightfx.jp/market/swap/,2026-10-05T14:34:42+09:00
lightfx,HKD/JPY,2026-09-11,2026-09-14,1,15.0,-15.0,10000,JPY,confirmed,https://lightfx.jp/market/swap/,2026-10-05T14:34:42+09:00
lightfx,HKD/JPY,2026-09-14,2026-09-15,1,15.0,-15.0,10000,JPY,confirmed,https://lightfx.jp/market/swap/,2026-10-05T14:34:42+09:00
lightfx,HKD/JPY,2026-09-15,2026-09-16,1,15.0,-15.0,10000,JPY,confirmed,https://lightfx.jp/market/swap/,2026-10-05T14:34:42+09:00
lightfx,HKD/JPY,2026-09-16,2026-09-17,6,90.0,-90.0,10000,JPY,confirmed,https://lightfx.jp/market/swap/,2026-10-05T14:34:42+09:00
lightfx,HKD/JPY,2026-09-17,2026-09-18,1,15.0,-15.0,10000,JPY,confirmed,https://lightfx.jp/market/swap/,2026-10-05T14:34:42+09:00
lightfx,HKD/JPY,2026-09-18,2026-09-21,0,,,10000,JPY,scheduled,https://lightfx.jp/market/swap/,2026-10-05T14:34:42+09:00
lightfx,HKD/JPY,2026-09-21,2026-09-22,0,,,10000,JPY,scheduled,https://lightfx.jp/market/swap/,2026-10-05T14:34:42+09:00
lightfx,HKD/JPY,2026-09-22,2026-09-23,0,,,10000,JPY,scheduled,https://lightfx.jp/market/swap/,2026-10-05T14:34:42+09:00
lightfx,HKD/JPY,2026-09-23,2026-09-24,3,45.0,-45.0,10000,JPY,confirmed,https://lightfx.jp/market/swap/,2026-10-05T14:34:42+09:00
lightfx,HKD/JPY,2026-09-24,2026-09-25,1,15.0,-15.0,10000,JPY,confirmed,https://lightfx.jp/market/swap/,2026-10-05T14:34:42+09:00
lightfx,HKD/JPY,2026-09-25,2026-09-28,1,15.0,-15.0,10000,JPY,confirmed,https://lightfx.jp/market/swap/,2026-10-05T14:34:42+09:00
lightfx,HKD/JPY,2026-09-28,2026-09-29,2,30.0,-30.0,10000,JPY,confirmed,https://lightfx.jp/market/swap/,2026-10-05T14:34:42+09:00
lightfx,HKD/JPY,2026-09-29,2026-09-30,3,45.0,-45.0,10000,JPY,confirmed,https://lightfx.jp/market/swap/,2026-10-05T14:34:42+09:00
lightfx,HKD/JPY,2026-09-30,2026-10-01,0,,,10000,JPY,scheduled,https://lightfx.jp/market/swap/,2026-10-05T14:34:42+09:00
lightfx,HKD/JPY,2026-10-01,2026-10-02,1,15.0,-15.0,10000,JPY,confirmed,https://lightfx.jp/market/swap/,2026-10-05T14:34:42+09:00
lightfx,HKD/JPY,2026-10-02,2026-10-05,1,15.0,-15.0,10000,JPY,confirmed,https://lightfx.jp/market/swap/,2026-10-05T14:34:42+09:00
lightfx,HKD/JPY,2026-10-05,2026-10-06,1,,,10000,JPY,scheduled,https://lightfx.jp/market/swap/,2026-10-05T14:34:42+09:00
lightfx,HUF/JPY,2026-08-26,2026-08-27,3,24.0,-24.0,100000,JPY,confirmed,https://lightfx.jp/market/swap/,2026-09-26T23:25:14+09:00
lightfx,HUF/JPY,2026-08-27,2026-08-28,1,8.0,-8.0,100000,JPY,confirmed,https://lightfx.jp/market/swap/,2026-09-27T14:16:02+09:00
lightfx,HUF/JPY,2026-08-28,2026-08-31,1,8.0,-8.0,100000,JPY,confirmed,https://lightfx.jp/market/swap/,2026-09-28T14:19:56+09:00
lightfx,HUF/JPY,2026-08-31,2026-09-01,1,8.0,-8.0,100000,JPY,confirmed,https://lightfx.jp/market/swap/,2026-09-30T14:29:38+09:00
lightfx,HUF/JPY,2026-09-01,2026-09-02,1,8.0,-8.0,100000,JPY,confirmed,https://lightfx.jp/market/swap/,2026-09-30T14:29:38+09:00
lightfx,HUF/JPY,2026-09-02,2026-09-03,4,32.0,-32.0,100000,JPY,confirmed,https://lightfx.jp/market/swap/,2026-10-02T14:32:44+09:00
lightfx,HUF/JPY,2026-09-03,2026-09-04,0,,,100000,JPY,scheduled,https://lightfx.jp/market/swap/,2026-10-03T14:16:05+09:00
lightfx,HUF/JPY,2026-09-04,2026-09-07,1,8.0,-8.0,100000,JPY,confirmed,https://lightfx.jp/market/swap/,2026-10-04T14:48:39+09:00
lightfx,HUF/JPY,2026-09-07,2026-09-08,1,8.0,-8.0,100000,JPY,confirmed,https://lightfx.jp/market/swap/,2026-10-05T14:34:42+09:00
lightfx,HUF/JPY,2026-09-08,2026-09-09,1,8.0,-8.0,100000,JPY,confirmed,https://lightfx.jp/market/swap/,2026-10-05T14:34:42+09:00
lightfx,HUF/JPY,2026-09-09,2026-09-10,3,21.0,-21.0,100000,JPY,confirmed,https://lightfx.jp/market/swap/,2026-10-05T14:34:42+09:00
lightfx,HUF/JPY,2026-09-10,2026-09-11,1,7.0,-7.0,100000,JPY,confirmed,https://lightfx.jp/market/swap/,2026-10-05T14:34:42+09:00
lightfx,HUF/JPY,2026-09-11,2026-09-14,1,7.0,-7.0,100000,JPY,confirmed,https://lightfx.jp/market/swap/,2026-10-05T14:34:42+09:00
lightfx,HUF/JPY,2026-09-14,2026-09-15,1,7.0,-7.0,100000,JPY,confirmed,https://lightfx.jp/market/swap/,2026-10-05T14:34:42+09:00
lightfx,HUF/JPY,2026-09-15,2026-09-16,1,7.0,-7.0,100000,JPY,confirmed,https://lightfx.jp/market/swap/,2026-10-05T14:34:42+09:00
lightfx,HUF/JPY,2026-09-16,2026-09-17,6,42.0,-42.0,100000,JPY,confirmed,https://lightfx.jp/market/swap/,2026-10-05T14:34:42+09:00
lightfx,HUF/JPY,2026-09-17,2026-09-18,1,7.0,-7.0,100000,JPY,confirmed,https://lightfx.jp/market/swap/,2026-10-05T14:34:42+09:00
lightfx,HUF/JPY,2026-09-18,2026-09-21,0,,,100000,JPY,scheduled,https://lightfx.jp/market/swap/,2026-10-05T14:34:42+09:00
lightfx,HUF/JPY,2026-09-21,2026-09-22,0,,,100000,JPY,scheduled,https://lightfx.jp/market/swap/,2026-10-05T14:34:42+09:00
lightfx,HUF/JPY,2026-09-22,2026-09-23,0,,,100000,JPY,scheduled,https://lightfx.jp/market/swap/,2026-10-05T14:34:42+09:00
lightfx,HUF/JPY,2026-09-23,2026-09-24,3,21.0,-21.0,100000,JPY,confirmed,https://lightfx.jp/market/swap/,2026-10-05T14:34:42+09:00
lightfx,HUF/JPY,2026-09-24,2026-09-25,1,7.0,-7.0,100000,JPY,confirmed,https://lightfx.jp/market/swap/,2026-10-05T14:34:42+09:00
lightfx,HUF/JPY,2026-09-25,2026-09-28,1,7.0,-7.0,100000,JPY,confirmed,https://lightfx.jp/market/swap/,2026-10-05T14:34:42+09:00
lightfx,HUF/JPY,2026-09-28,2026-09-29,1,7.0,-7.0,100000,JPY,confirmed,https://lightfx.jp/market/swap/,2026-10-05T14:34:42+09:00
lightfx,HUF/JPY,2026-09-29,2026-09-30,1,7.0,-7.0,100000,JPY,confirmed,https://lightfx.jp/market/swap/,2026-10-05T14:34:42+09:00
lightfx,HUF/JPY,2026-09-30,2026-10-01,3,18.0,-18.0,100000,JPY,confirmed,https://lightfx.jp/market/swap/,2026-10-05T14:34:42+09:00
lightfx,HUF/JPY,2026-10-01,2026-10-02,1,6.0,-6.0,100000,JPY,confirmed,https://lightfx.jp/market/swap/,2026-10-05T14:34:42+09:00
lightfx,HUF/JPY,2026-10-02,2026-10-05,1,6.0,-6.0,100000,JPY,confirmed,https://lightfx.jp/market/swap/,2026-10-05T14:34:42+09:00
lightfx,HUF/JPY,2026-10-05,2026-10-06,1,,,100000,JPY,scheduled,https://lightfx.jp/market/swap/,2026-10-05T14:34:42+09:00
lightfx,MXN/JPY,2026-08-26,2026-08-27,3,42.3,-42.3,10000,JPY,confirmed,https://lightfx.jp/market/swap/,2026-09-26T23:25:14+09:00
lightfx,MXN/JPY,2026-08-27,2026-08-28,1,14.1,-14.1,10000,JPY,confirmed,https://lightfx.jp/market/swap/,2026-09-27T14:16:02+09:00
lightfx,MXN/JPY,2026-08-28,2026-08-31,1,14.1,-14.1,10000,JPY,confirmed,https://lightfx.jp/market/swap/,2026-09-28T14:19:56+09:00
lightfx,MXN/JPY,2026-08-31,2026-09-01,1,14.1,-14.1,10000,JPY,confirmed,https://lightfx.jp/market/swap/,2026-09-30T14:29:38+09:00
lightfx,MXN/JPY,2026-09-01,2026-09-02,1,14.1,-14.1,10000,JPY,confirmed,https://lightfx.jp/market/swap/,2026-09-30T14:29:38+09:00
lightfx,MXN/JPY,2026-09-02,2026-09-03,4,56.4,-56.4,10000,JPY,confirmed,https://lightfx.jp/market/swap/,2026-10-02T14:32:44+09:00
lightfx,MXN/JPY,2026-09-03,2026-09-04,1,14.1,-14.1,10000,JPY,confirmed,https://lightfx.jp/market/swap/,2026-10-03T14:16:05+09:00
lightfx,MXN/JPY,2026-09-04,2026-09-07,0,,,10000,JPY,scheduled,https://lightfx.jp/market/swap/,2026-10-04T14:48:39+09:00
lightfx,MXN/JPY,2026-09-07,2026-09-08,1,14.1,-14.1,10000,JPY,confirmed,https://lightfx.jp/market/swap/,2026-10-05T14:34:42+09:00
lightfx,MXN/JPY,2026-09-08,2026-09-09,1,14.1,-14.1,10000,JPY,confirmed,https://lightfx.jp/market/swap/,2026-10-05T14:34:42+09:00
lightfx,MXN/JPY,2026-09-09,2026-09-10,3,42.3,-42.3,10000,JPY,confirmed,https://lightfx.jp/market/swap/,2026-10-05T14:34:42+09:00
lightfx,MXN/JPY,2026-09-10,2026-09-11,1,14.1,-14.1,10000,JPY,confirmed,https://lightfx.jp/market/swap/,2026-10-05T14:34:42+09:00
lightfx,MXN/JPY,2026-09-11,2026-09-14,2,28.2,-28.2,10000,JPY,confirmed,https://lightfx.jp/market/swap/,2026-10-05T14:34:42+09:00
lightfx,MXN/JPY,2026-09-14,2026-09-15,1,14.1,-14.1,10000,JPY,confirmed,https://lightfx.jp/market/swap/,2026-10-05T14:34:42+09:00
lightfx,MXN/JPY,2026-09-15,2026-09-16,0,,,10000,JPY,scheduled,https://lightfx.jp/market/swap/,2026-10-05T14:34:42+09:00
lightfx,MXN/JPY,2026-09-16,2026-09-17,6,84.6,-84.6,10000,JPY,confirmed,https://lightfx.jp/market/swap/,2026-10-05T14:34:42+09:00
lightfx,MXN/JPY,2026-09-17,2026-09-18,1,14.1,-14.1,10000,JPY,confirmed,https://lightfx.jp/market/swap/,2026-10-05T14:34:42+09:00
lightfx,MXN/JPY,2026-09-18,2026-09-21,0,,,10000,JPY,scheduled,https://lightfx.jp/market/swap/,2026-10-05T14:34:42+09:00
lightfx,MXN/JPY,2026-09-21,2026-09-22,0,,,10000,JPY,scheduled,https://lightfx.jp/market/swap/,2026-10-05T14:34:42+09:00
lightfx,MXN/JPY,2026-09-22,2026-09-23,0,,,10000,JPY,scheduled,https://lightfx.jp/market/swap/,2026-10-05T14:34:42+09:00
lightfx,MXN/JPY,2026-09-23,2026-09-24,3,42.3,-42.3,10000,JPY,confirmed,https://lightfx.jp/market/swap/,2026-10-05T14:34:42+09:00
lightfx,MXN/JPY,2026-09-24,2026-09-25,1,14.1,-14.1,10000,JPY,confirmed,https://lightfx.jp/market/swap/,2026-10-05T14:34:42+09:00
lightfx,MXN/JPY,2026-09-25,2026-09-28,1,14.1,-14.1,10000,JPY,confirmed,https://lightfx.jp/market/swap/,2026-10-05T14:34:42+09:00
lightfx,MXN/JPY,2026-09-28,2026-09-29,1,14.1,-14.1,10000,JPY,confirmed,https://lightfx.jp/market/swap/,2026-10-05T14:34:42+09:00
lightfx,MXN/JPY,2026-09-29,2026-09-30,1,14.1,-14.1,10000,JPY,confirmed,https://lightfx.jp/market/swap/,2026-10-05T14:34:42+09:00
lightfx,MXN/JPY,2026-09-30,2026-10-01,3,42.3,-42.3,10000,JPY,confirmed,https://lightfx.jp/market/swap/,2026-10-05T14:34:42+09:00
lightfx,MXN/JPY,2026-10-01,2026-10-02,1,14.1,-14.1,10000,JPY,confirmed,https://lightfx.jp/market/swap/,2026-10-05T14:34:42+09:00
lightfx,MXN/JPY,2026-10-02,2026-10-05,1,14.1,-14.1,10000,JPY,confirmed,https://lightfx.jp/market/swap/,2026-10-05T14:34:42+09:00
lightfx,MXN/JPY,2026-10-05,2026-10-06,1,,,10000,JPY,scheduled,https://lightfx.jp/market/swap/,2026-10-05T14:34:42+09:00
lightfx,NOK/JPY,2026-08-26,2026-08-27,3,36.0,-36.0,10000,JPY,confirmed,https://lightfx.jp/market/swap/,2026-09-26T23:25:14+09:00
lightfx,NOK/JPY,2026-08-27,2026-08-28,1,12.0,-12.0,10000,JPY,confirmed,https://lightfx.jp/market/swap/,2026-09-27T14:16:02+09:00
lightfx,NOK/JPY,2026-08-28,2026-08-31,1,12.0,-12.0,10000,JPY,confirmed,https://lightfx.jp/market/swap/,2026-09-28T14:19:56+09:00
lightfx,NOK/JPY,2026-08-31,2026-09-01,1,12.0,-12.0,10000,JPY,confirmed,https://lightfx.jp/market/swap/,2026-09-30T14:29:38+09:00
lightfx,NOK/JPY,2026-09-01,2026-09-02,1,12.0,-12.0,10000,JPY,confirmed,https://lightfx.jp/market/swap/,2026-09-30T14:29:38+09:00
lightfx,NOK/JPY,2026-09-02,2026-09-03,4,48.0,-48.0,10000,JPY,confirmed,https://lightfx.jp/market/swap/,2026-10-02T14:32:44+09:00
lightfx,NOK/JPY,2026-09-03,2026-09-04,0,,,10000,JPY,scheduled,https://lightfx.jp/market/swap/,2026-10-03T14:16:05+09:00
lightfx,NOK/JPY,2026-09-04,2026-09-07,1,12.0,-12.0,10000,JPY,confirmed,https://lightfx.jp/market/swap/,2026-10-04T14:48:39+09:00
lightfx,NOK/JPY,2026-09-07,2026-09-08,1,12.0,-12.0,10000,JPY,confirmed,https://lightfx.jp/market/swap/,2026-10-05T14:34:42+09:00
lightfx,NOK/JPY,2026-09-08,2026-09-09,1,12.0,-12.0,10000,JPY,confirmed,https://lightfx.jp/market/swap/,2026-10-05T14:34:42+09:00
lightfx,NOK/JPY,2026-09-09,2026-09-10,3,36.0,-36.0,10000,JPY,confirmed,https://lightfx.jp/market/swap/,2026-10-05T14:34:42+09:00
lightfx,NOK/JPY,2026-09-10,2026-09-11,1,12.0,-12.0,10000,JPY,confirmed,https://lightfx.jp/market/swap/,2026-10-05T14:34:42+09:00
lightfx,NOK/JPY,2026-09-11,2026-09-14,1,12.0,-12.0,10000,JPY,confirmed,https://lightfx.jp/market/swap/,2026-10-05T14:34:42+09:00
lightfx,NOK/JPY,2026-09-14,2026-09-15,1,12.0,-12.0,10000,JPY,confirmed,https://lightfx.jp/market/swap/,2026-10-05T14:34:42+09:00
lightfx,NOK/JPY,2026-09-15,2026-09-16,1,12.0,-12.0,10000,JPY,confirmed,https://lightfx.jp/market/swap/,2026-10-05T14:34:42+09:00
lightfx,NOK/JPY,2026-09-16,2026-09-17,6,72.0,-72.0,10000,JPY,confirmed,https://lightfx.jp/market/swap/,2026-10-05T14:34:42+09:00
lightfx,NOK/JPY,2026-09-17,2026-09-18,1,12.0,-12.0,10000,JPY,confirmed,https://lightfx.jp/market/swap/,2026-10-05T14:34:42+09:00
lightfx,NOK/JPY,2026-09-18,2026-09-21,0,,,10000,JPY,scheduled,https://lightfx.jp/market/swap/,2026-10-05T14:34:42+09:00
lightfx,NOK/JPY,2026-09-21,2026-09-22,0,,,10000,JPY,scheduled,https://lightfx.jp/market/swap/,2026-10-05T14:34:42+09:00
lightfx,NOK/JPY,2026-09-22,2026-09-23,0,,,10000,JPY,scheduled,https://lightfx.jp/market/swap/,2026-10-05T14:34:42+09:00
lightfx,NOK/JPY,2026-09-23,2026-09-24,3,36.0,-36.0,10000,JPY,confirmed,https://lightfx.jp/market/swap/,2026-10-05T14:34:42+09:00
lightfx,NOK/JPY,2026-09-24,2026-09-25,1,12.0,-12.0,10000,JPY,confirmed,https://lightfx.jp/market/swap/,2026-10-05T14:34:42+09:00
lightfx,NOK/JPY,2026-09-25,2026-09-28,1,12.0,-12.0,10000,JPY,confirmed,https://lightfx.jp/market/swap/,2026-10-05T14:34:42+09:00
lightfx,NOK/JPY,2026-09-28,2026-09-29,1,12.0,-12.0,10000,JPY,confirmed,https://lightfx.jp/market/swap/,2026-10-05T14:34:42+09:00
lightfx,NOK/JPY,2026-09-29,2026-09-30,1,12.0,-12.0,10000,JPY,confirmed,https://lightfx.jp/market/swap/,2026-10-05T14:34:42+09:00
lightfx,NOK/JPY,2026-09-30,2026-10-01,3,36.0,-36.0,10000,JPY,confirmed,https://lightfx.jp/market/swap/,2026-10-05T14:34:42+09:00
lightfx,NOK/JPY,2026-10-01,2026-10-02,1,12.0,-12.0,10000,JPY,confirmed,https://lightfx.jp/market/swap/,2026-10-05T14:34:42+09:00
lightfx,NOK/JPY,2026-10-02,2026-10-05,1,12.0,-12.0,10000,JPY,confirmed,https://lightfx.jp/market/swap/,2026-10-05T14:34:42+09:00
lightfx,NOK/JPY,2026-10-05,2026-10-06,1,,,10000,JPY,scheduled,https://lightfx.jp/market/swap/,2026-10-05T14:34:42+09:00
lightfx,NOK/SEK,2026-08-26,2026-08-27,3,29.5,-29.7,10000,JPY,confirmed,https://lightfx.jp/market/swap/,2026-09-26T23:25:14+09:00
lightfx,NOK/SEK,2026-08-27,2026-08-28,1,9.8,-9.9,10000,JPY,confirmed,https://lightfx.jp/market/swap/,2026-09-27T14:16:02+09:00
lightfx,NOK/SEK,2026-08-28,2026-08-31,1,9.8,-9.9,10000,JPY,confirmed,https://lightfx.jp/market/swap/,2026-09-28T14:19:56+09:00
lightfx,NOK/SEK,2026-08-31,2026-09-01,1,9.8,-9.9,10000,JPY,confirmed,https://lightfx.jp/market/swap/,2026-09-30T14:29:38+09:00
lightfx,NOK/SEK,2026-09-01,2026-09-02,1,9.8,-9.9,10000,JPY,confirmed,https://lightfx.jp/market/swap/,2026-09-30T14:29:38+09:00
lightfx,NOK/SEK,2026-09-02,2026-09-03,4,38.8,-39.0,10000,JPY,confirmed,https://lightfx.jp/market/swap/,2026-10-02T14:32:44+09:00
lightfx,NOK/SEK,2026-09-03,2026-09-04,0,,,10000,JPY,scheduled,https://lightfx.jp/market/swap/,2026-10-03T14:16:05+09:00
lightfx,NOK/SEK,2026-09-04,2026-09-07,1,9.6,-9.7,10000,JPY,confirmed,https://lightfx.jp/market/swap/,2026-10-04T14:48:39+09:00
lightfx,NOK/SEK,2026-09-07,2026-09-08,1,9.4,-9.5,10000,JPY,confirmed,https://lightfx.jp/market/swap/,2026-10-05T14:34:42+09:00
lightfx,NOK/SEK,2026-09-08,2026-09-09,1,9.4,-9.5,10000,JPY,confirmed,https://lightfx.jp/market/swap/,2026-10-05T14:34:42+09:00
lightfx,NOK/SEK,2026-09-09,2026-09-10,3,28.3,-28.4,10000,JPY,confirmed,https://lightfx.jp/market/swap/,2026-10-05T14:34:42+09:00
lightfx,NOK/SEK,2026-09-10,2026-09-11,1,9.3,-9.5,10000,JPY,confirmed,https://lightfx.jp/market/swap/,2026-10-05T14:34:42+09:00
lightfx,NOK/SEK,2026-09-11,2026-09-14,1,9.3,-9.4,10000,JPY,confirmed,https://lightfx.jp/market/swap/,2026-10-05T14:34:42+09:00
lightfx,NOK/SEK,2026-09-14,2026-09-15,1,9.3,-9.4,10000,JPY,confirmed,https://lightfx.jp/market/swap/,2026-10-05T14:34:42+09:00
lightfx,NOK/SEK,2026-09-15,2026-09-16,1,9.3,-9.4,10000,JPY,confirmed,https://lightfx.jp/market/swap/,2026-10-05T14:34:42+09:00
lightfx,NOK/SEK,2026-09-16,2026-09-17,3,28.0,-28.1,10000,JPY,confirmed,https://lightfx.jp/market/swap/,2026-10-05T14:34:42+09:00
lightfx,NOK/SEK,2026-09-17,2026-09-18,1,9.3,-9.4,10000,JPY,confirmed,https://lightfx.jp/market/swap/,2026-10-05T14:34:42+09:00
lightfx,NOK/SEK,2026-09-18,2026-09-21,1,9.4,-9.5,10000,JPY,confirmed,https://lightfx.jp/market/swap/,2026-10-05T14:34:42+09:00
lightfx,NOK/SEK,2026-09-21,2026-09-22,1,9.4,-9.5,10000,JPY,confirmed,https://lightfx.jp/market/swap/,2026-10-05T14:34:42+09:00
lightfx,NOK/SEK,2026-09-22,2026-09-23,1,9.4,-9.5,10000,JPY,confirmed,https://lightfx.jp/market/swap/,2026-10-05T14:34:42+09:00
lightfx,NOK/SEK,2026-09-23,2026-09-24,3,28.2,-28.3,10000,JPY,confirmed,https://lightfx.jp/market/swap/,2026-10-05T14:34:42+09:00
lightfx,NOK/SEK,2026-09-24,2026-09-25,1,9.4,-9.5,10000,JPY,confirmed,https://lightfx.jp/market/swap/,2026-10-05T14:34:42+09:00
lightfx,NOK/SEK,2026-09-25,2026-09-28,1,9.3,-9.4,10000,JPY,confirmed,https://lightfx.jp/market/swap/,2026-10-05T14:34:42+09:00
lightfx,NOK/SEK,2026-09-28,2026-09-29,1,9.3,-9.4,10000,JPY,confirmed,https://lightfx.jp/market/swap/,2026-10-05T14:34:42+09:00
lightfx,NOK/SEK,2026-09-29,2026-09-30,1,9.2,-9.3,10000,JPY,confirmed,https://lightfx.jp/market/swap/,2026-10-05T14:34:42+09:00
lightfx,NOK/SEK,2026-09-30,2026-10-01,3,27.8,-27.9,10000,JPY,confirmed,https://lightfx.jp/market/swap/,2026-10-05T14:34:42+09:00
lightfx,NOK/SEK,2026-10-01,2026-10-02,1,9.2,-9.3,10000,JPY,confirmed,https://lightfx.jp/market/swap/,2026-10-05T14:34:42+09:00
lightfx,NOK/SEK,2026-10-02,2026-10-05,1,9.2,-9.3,10000,JPY,confirmed,https://lightfx.jp/market/swap/,2026-10-05T14:34:42+09:00
lightfx,NOK/SEK,2026-10-05,2026-10-06,1,,,10000,JPY,scheduled,https://lightfx.jp/market/swap/,2026-10-05T14:34:42+09:00
lightfx,NZD/JPY,2026-08-26,2026-08-27,3,138.0,-138.0,10000,JPY,confirmed,https://lightfx.jp/market/swap/,2026-09-26T23:25:14+09:00
lightfx,NZD/JPY,2026-08-27,2026-08-28,1,46.0,-46.0,10000,JPY,confirmed,https://lightfx.jp/market/swap/,2026-09-27T14:16:02+09:00
lightfx,NZD/JPY,2026-08-28,2026-08-31,1,50.0,-50.0,10000,JPY,confirmed,https://lightfx.jp/market/swap/,2026-09-28T14:19:56+09:00
lightfx,NZD/JPY,2026-08-31,2026-09-01,1,46.0,-46.0,10000,JPY,confirmed,https://lightfx.jp/market/swap/,2026-09-30T14:29:38+09:00
lightfx,NZD/JPY,2026-09-01,2026-09-02,1,46.0,-46.0,10000,JPY,confirmed,https://lightfx.jp/market/swap/,2026-09-30T14:29:38+09:00
lightfx,NZD/JPY,2026-09-02,2026-09-03,4,184.0,-184.0,10000,JPY,confirmed,https://lightfx.jp/market/swap/,2026-10-02T14:32:44+09:00
lightfx,NZD/JPY,2026-09-03,2026-09-04,0,,,10000,JPY,scheduled,https://lightfx.jp/market/swap/,2026-10-03T14:16:05+09:00
lightfx,NZD/JPY,2026-09-04,2026-09-07,1,46.0,-46.0,10000,JPY,confirmed,https://lightfx.jp/market/swap/,2026-10-04T14:48:39+09:00
lightfx,NZD/JPY,2026-09-07,2026-09-08,1,46.0,-46.0,10000,JPY,confirmed,https://lightfx.jp/market/swap/,2026-10-05T14:34:42+09:00
lightfx,NZD/JPY,2026-09-08,2026-09-09,1,46.0,-46.0,10000,JPY,confirmed,https://lightfx.jp/market/swap/,2026-10-05T14:34:42+09:00
lightfx,NZD/JPY,2026-09-09,2026-09-10,3,138.0,-138.0,10000,JPY,confirmed,https://lightfx.jp/market/swap/,2026-10-05T14:34:42+09:00
lightfx,NZD/JPY,2026-09-10,2026-09-11,1,44.0,-44.0,10000,JPY,confirmed,https://lightfx.jp/market/swap/,2026-10-05T14:34:42+09:00
lightfx,NZD/JPY,2026-09-11,2026-09-14,1,44.0,-44.0,10000,JPY,confirmed,https://lightfx.jp/market/swap/,2026-10-05T14:34:42+09:00
lightfx,NZD/JPY,2026-09-14,2026-09-15,1,44.0,-44.0,10000,JPY,confirmed,https://lightfx.jp/market/swap/,2026-10-05T14:34:42+09:00
lightfx,NZD/JPY,2026-09-15,2026-09-16,1,44.0,-44.0,10000,JPY,confirmed,https://lightfx.jp/market/swap/,2026-10-05T14:34:42+09:00
lightfx,NZD/JPY,2026-09-16,2026-09-17,6,246.0,-246.0,10000,JPY,confirmed,https://lightfx.jp/market/swap/,2026-10-05T14:34:42+09:00
lightfx,NZD/JPY,2026-09-17,2026-09-18,1,41.0,-41.0,10000,JPY,confirmed,https://lightfx.jp/market/swap/,2026-10-05T14:34:42+09:00
lightfx,NZD/JPY,2026-09-18,2026-09-21,0,,,10000,JPY,scheduled,https://lightfx.jp/market/swap/,2026-10-05T14:34:42+09:00
lightfx,NZD/JPY,2026-09-21,2026-09-22,0,,,10000,JPY,scheduled,https://lightfx.jp/market/swap/,2026-10-05T14:34:42+09:00
lightfx,NZD/JPY,2026-09-22,2026-09-23,0,,,10000,JPY,scheduled,https://lightfx.jp/market/swap/,2026-10-05T14:34:42+09:00
lightfx,NZD/JPY,2026-09-23,2026-09-24,3,99.0,-99.0,10000,JPY,confirmed,https://lightfx.jp/market/swap/,2026-10-05T14:34:42+09:00
lightfx,NZD/JPY,2026-09-24,2026-09-25,1,33.0,-33.0,10000,JPY,confirmed,https://lightfx.jp/market/swap/,2026-10-05T14:34:42+09:00
lightfx,NZD/JPY,2026-09-25,2026-09-28,1,33.0,-33.0,10000,JPY,confirmed,https://lightfx.jp/market/swap/,2026-10-05T14:34:42+09:00
lightfx,NZD/JPY,2026-09-28,2026-09-29,1,33.0,-33.0,10000,JPY,confirmed,https://lightfx.jp/market/swap/,2026-10-05T14:34:42+09:00
lightfx,NZD/JPY,2026-09-29,2026-09-30,1,36.0,-36.0,10000,JPY,confirmed,https://lightfx.jp/market/swap/,2026-10-05T14:34:42+09:00
lightfx,NZD/JPY,2026-09-30,2026-10-01,3,108.0,-108.0,10000,JPY,confirmed,https://lightfx.jp/market/swap/,2026-10-05T14:34:42+09:00
lightfx,NZD/JPY,2026-10-01,2026-10-02,1,36.0,-36.0,10000,JPY,confirmed,https://lightfx.jp/market/swap/,2026-10-05T14:34:42+09:00
lightfx,NZD/JPY,2026-10-02,2026-10-05,1,36.0,-36.0,10000,JPY,confirmed,https://lightfx.jp/market/swap/,2026-10-05T14:34:42+09:00
lightfx,NZD/JPY,2026-10-05,2026-10-06,1,,,10000,JPY,scheduled,https://lightfx.jp/market/swap/,2026-10-05T14:34:42+09:00
lightfx,NZD/USD,2026-08-26,2026-08-27,3,-71.7,71.6,10000,JPY,confirmed,https://lightfx.jp/market/swap/,2026-09-26T23:25:14+09:00
lightfx,NZD/USD,2026-08-27,2026-08-28,1,-24.0,23.9,10000,JPY,confirmed,https://lightfx.jp/market/swap/,2026-09-27T14:16:02+09:00
lightfx,NZD/USD,2026-08-28,2026-08-31,1,-24.1,24.0,10000,JPY,confirmed,https://lightfx.jp/market/swap/,2026-09-28T14:19:56+09:00
lightfx,NZD/USD,2026-08-31,2026-09-01,1,-24.0,23.9,10000,JPY,confirmed,https://lightfx.jp/market/swap/,2026-09-30T14:29:38+09:00
lightfx,NZD/USD,2026-09-01,2026-09-02,1,-24.1,24.0,10000,JPY,confirmed,https://lightfx.jp/market/swap/,2026-09-30T14:29:38+09:00
lightfx,NZD/USD,2026-09-02,2026-09-03,4,-95.3,95.2,10000,JPY,confirmed,https://lightfx.jp/market/swap/,2026-10-02T14:32:44+09:00
lightfx,NZD/USD,2026-09-03,2026-09-04,0,,,10000,JPY,scheduled,https://lightfx.jp/market/swap/,2026-10-03T14:16:05+09:00
lightfx,NZD/USD,2026-09-04,2026-09-07,1,-23.5,23.4,10000,JPY,confirmed,https://lightfx.jp/market/swap/,2026-10-04T14:48:39+09:00
lightfx,NZD/USD,2026-09-07,2026-09-08,1,-23.2,23.1,10000,JPY,confirmed,https://lightfx.jp/market/swap/,2026-10-05T14:34:42+09:00
lightfx,NZD/USD,2026-09-08,2026-09-09,1,-23.2,23.1,10000,JPY,confirmed,https://lightfx.jp/market/swap/,2026-10-05T14:34:42+09:00
lightfx,NZD/USD,2026-09-09,2026-09-10,3,-69.2,69.1,10000,JPY,confirmed,https://lightfx.jp/market/swap/,2026-10-05T14:34:42+09:00
lightfx,NZD/USD,2026-09-10,2026-09-11,1,-23.2,23.1,10000,JPY,confirmed,https://lightfx.jp/market/swap/,2026-10-05T14:34:42+09:00
lightfx,NZD/USD,2026-09-11,2026-09-14,1,-23.1,23.0,10000,JPY,confirmed,https://lightfx.jp/market/swap/,2026-10-05T14:34:42+09:00
lightfx,NZD/USD,2026-09-14,2026-09-15,1,-23.2,23.1,10000,JPY,confirmed,https://lightfx.jp/market/swap/,2026-10-05T14:34:42+09:00
lightfx,NZD/USD,2026-09-15,2026-09-16,1,-23.3,23.2,10000,JPY,confirmed,https://lightfx.jp/market/swap/,2026-10-05T14:34:42+09:00
lightfx,NZD/USD,2026-09-16,2026-09-17,3,-70.4,70.3,10000,JPY,confirmed,https://lightfx.jp/market/swap/,2026-10-05T14:34:42+09:00
lightfx,NZD/USD,2026-09-17,2026-09-18,1,-23.4,23.3,10000,JPY,confirmed,https://lightfx.jp/market/swap/,2026-10-05T14:34:42+09:00
lightfx,NZD/USD,2026-09-18,2026-09-21,1,-23.6,23.5,10000,JPY,confirmed,https://lightfx.jp/market/swap/,2026-10-05T14:34:42+09:00
lightfx,NZD/USD,2026-09-21,2026-09-22,1,-23.7,23.6,10000,JPY,confirmed,https://lightfx.jp/market/swap/,2026-10-05T14:34:42+09:00
lightfx,NZD/USD,2026-09-22,2026-09-23,1,-30.0,29.9,10000,JPY,confirmed,https://lightfx.jp/market/swap/,2026-10-05T14:34:42+09:00
lightfx,NZD/USD,2026-09-23,2026-09-24,3,-90.3,90.2,10000,JPY,confirmed,https://lightfx.jp/market/swap/,2026-10-05T14:34:42+09:00
lightfx,NZD/USD,2026-09-24,2026-09-25,1,-30.2,30.1,10000,JPY,confirmed,https://lightfx.jp/market/swap/,2026-10-05T14:34:42+09:00
lightfx,NZD/USD,2026-09-25,2026-09-28,1,-29.9,29.8,10000,JPY,confirmed,https://lightfx.jp/market/swap/,2026-10-05T14:34:42+09:00
lightfx,NZD/USD,2026-09-28,2026-09-29,1,-30.0,29.9,10000,JPY,confirmed,https://lightfx.jp/market/swap/,2026-10-05T14:34:42+09:00
lightfx,NZD/USD,2026-09-29,2026-09-30,1,-29.9,29.8,10000,JPY,confirmed,https://lightfx.jp/market/swap/,2026-10-05T14:34:42+09:00
lightfx,NZD/USD,2026-09-30,2026-10-01,3,-89.8,89.7,10000,JPY,confirmed,https://lightfx.jp/market/swap/,2026-10-05T14:34:42+09:00
lightfx,NZD/USD,2026-10-01,2026-10-02,1,-30.1,30.0,10000,JPY,confirmed,https://lightfx.jp/market/swap/,2026-10-05T14:34:42+09:00
lightfx,NZD/USD,2026-10-02,2026-10-05,1,-30.0,29.9,10000,JPY,confirmed,https://lightfx.jp/market/swap/,2026-10-05T14:34:42+09:00
lightfx,NZD/USD,2026-10-05,2026-10-06,1,,,10000,JPY,scheduled,https://lightfx.jp/market/swap/,2026-10-05T14:34:42+09:00
lightfx,PLN/JPY,2026-08-26,2026-08-27,3,225.0,-225.0,10000,JPY,confirmed,https://lightfx.jp/market/swap/,2026-09-26T23:25:14+09:00
lightfx,PLN/JPY,2026-08-27,2026-08-28,1,75.0,-75.0,10000,JPY,confirmed,https://lightfx.jp/market/swap/,2026-09-27T14:16:02+09:00
lightfx,PLN/JPY,2026-08-28,2026-08-31,1,75.0,-75.0,10000,JPY,confirmed,https://lightfx.jp/market/swap/,2026-09-28T14:19:56+09:00
lightfx,PLN/JPY,2026-08-31,2026-09-01,1,75.0,-75.0,10000,JPY,confirmed,https://lightfx.jp/market/swap/,2026-09-30T14:29:38+09:00
lightfx,PLN/JPY,2026-09-01,2026-09-02,1,75.0,-75.0,10000,JPY,confirmed,https://lightfx.jp/market/swap/,2026-09-30T14:29:38+09:00
lightfx,PLN/JPY,2026-09-02,2026-09-03,4,300.0,-300.0,10000,JPY,confirmed,https://lightfx.jp/market/swap/,2026-10-02T14:32:44+09:00
lightfx,PLN/JPY,2026-09-03,2026-09-04,0,,,10000,JPY,scheduled,https://lightfx.jp/market/swap/,2026-10-03T14:16:05+09:00
lightfx,PLN/JPY,2026-09-04,2026-09-07,1,75.0,-75.0,10000,JPY,confirmed,https://lightfx.jp/market/swap/,2026-10-04T14:48:39+09:00
lightfx,PLN/JPY,2026-09-07,2026-09-08,1,75.0,-75.0,10000,JPY,confirmed,https://lightfx.jp/market/swap/,2026-10-05T14:34:42+09:00
lightfx,PLN/JPY,2026-09-08,2026-09-09,1,75.0,-75.0,10000,JPY,confirmed,https://lightfx.jp/market/swap/,2026-10-05T14:34:42+09:00
lightfx,PLN/JPY,2026-09-09,2026-09-10,3,225.0,-225.0,10000,JPY,confirmed,https://lightfx.jp/market/swap/,2026-10-05T14:34:42+09:00
lightfx,PLN/JPY,2026-09-10,2026-09-11,1,75.0,-75.0,10000,JPY,confirmed,https://lightfx.jp/market/swap/,2026-10-05T14:34:42+09:00
lightfx,PLN/JPY,2026-09-11,2026-09-14,1,75.0,-75.0,10000,JPY,confirmed,https://lightfx.jp/market/swap/,2026-10-05T14:34:42+09:00
lightfx,PLN/JPY,2026-09-14,2026-09-15,1,75.0,-75.0,10000,JPY,confirmed,https://lightfx.jp/market/swap/,2026-10-05T14:34:42+09:00
lightfx,PLN/JPY,2026-09-15,2026-09-16,1,75.0,-75.0,10000,JPY,confirmed,https://lightfx.jp/market/swap/,2026-10-05T14:34:42+09:00
lightfx,PLN/JPY,2026-09-16,2026-09-17,6,450.0,-450.0,10000,JPY,confirmed,https://lightfx.jp/market/swap/,2026-10-05T14:34:42+09:00
lightfx,PLN/JPY,2026-09-17,2026-09-18,1,75.0,-75.0,10000,JPY,confirmed,https://lightfx.jp/market/swap/,2026-10-05T14:34:42+09:00
lightfx,PLN/JPY,2026-09-18,2026-09-21,0,,,10000,JPY,scheduled,https://lightfx.jp/market/swap/,2026-10-05T14:34:42+09:00
lightfx,PLN/JPY,2026-09-21,2026-09-22,0,,,10000,JPY,scheduled,https://lightfx.jp/market/swap/,2026-10-05T14:34:42+09:00
lightfx,PLN/JPY,2026-09-22,2026-09-23,0,,,10000,JPY,scheduled,https://lightfx.jp/market/swap/,2026-10-05T14:34:42+09:00
lightfx,PLN/JPY,2026-09-23,2026-09-24,3,225.0,-225.0,10000,JPY,confirmed,https://lightfx.jp/market/swap/,2026-10-05T14:34:42+09:00
lightfx,PLN/JPY,2026-09-24,2026-09-25,1,75.0,-75.0,10000,JPY,confirmed,https://lightfx.jp/market/swap/,2026-10-05T14:34:42+09:00
lightfx,PLN/JPY,2026-09-25,2026-09-28,1,75.0,-75.0,10000,JPY,confirmed,https://lightfx.jp/market/swap/,2026-10-05T14:34:42+09:00
lightfx,PLN/JPY,2026-09-28,2026-09-29,1,75.0,-75.0,10000,JPY,confirmed,https://lightfx.jp/market/swap/,2026-10-05T14:34:42+09:00
lightfx,PLN/JPY,2026-09-29,2026-09-30,1,75.0,-75.0,10000,JPY,confirmed,https://lightfx.jp/market/swap/,2026-10-05T14:34:42+09:00
lightfx,PLN/JPY,2026-09-30,2026-10-01,3,225.0,-225.0,10000,JPY,confirmed,https://lightfx.jp/market/swap/,2026-10-05T14:34:42+09:00
lightfx,PLN/JPY,2026-10-01,2026-10-02,1,30.0,-30.0,10000,JPY,confirmed,https://lightfx.jp/market/swap/,2026-10-05T14:34:42+09:00
lightfx,PLN/JPY,2026-10-02,2026-10-05,1,30.0,-30.0,10000,JPY,confirmed,https://lightfx.jp/market/swap/,2026-10-05T14:34:42+09:00
lightfx,PLN/JPY,2026-10-05,2026-10-06,1,,,10000,JPY,scheduled,https://lightfx.jp/market/swap/,2026-10-05T14:34:42+09:00
lightfx,SEK/JPY,2026-08-26,2026-08-27,3,12.0,-12.0,10000,JPY,confirmed,https://lightfx.jp/market/swap/,2026-09-26T23:25:14+09:00
lightfx,SEK/JPY,2026-08-27,2026-08-28,1,4.0,-4.0,10000,JPY,confirmed,https://lightfx.jp/market/swap/,2026-09-27T14:16:02+09:00
lightfx,SEK/JPY,2026-08-28,2026-08-31,1,4.0,-4.0,10000,JPY,confirmed,https://lightfx.jp/market/swap/,2026-09-28T14:19:56+09:00
lightfx,SEK/JPY,2026-08-31,2026-09-01,1,4.0,-4.0,10000,JPY,confirmed,https://lightfx.jp/market/swap/,2026-09-30T14:29:38+09:00
lightfx,SEK/JPY,2026-09-01,2026-09-02,1,4.0,-4.0,10000,JPY,confirmed,https://lightfx.jp/market/swap/,2026-09-30T14:29:38+09:00
lightfx,SEK/JPY,2026-09-02,2026-09-03,4,16.0,-16.0,10000,JPY,confirmed,https://lightfx.jp/market/swap/,2026-10-02T14:32:44+09:00
lightfx,SEK/JPY,2026-09-03,2026-09-04,0,,,10000,JPY,scheduled,https://lightfx.jp/market/swap/,2026-10-03T14:16:05+09:00
lightfx,SEK/JPY,2026-09-04,2026-09-07,1,4.0,-4.0,10000,JPY,confirmed,https://lightfx.jp/market/swap/,2026-10-04T14:48:39+09:00
lightfx,SEK/JPY,2026-09-07,2026-09-08,1,4.0,-4.0,10000,JPY,confirmed,https://lightfx.jp/market/swap/,2026-10-05T14:34:42+09:00
lightfx,SEK/JPY,2026-09-08,2026-09-09,1,4.0,-4.0,10000,JPY,confirmed,https://lightfx.jp/market/swap/,2026-10-05T14:34:42+09:00
lightfx,SEK/JPY,2026-09-09,2026-09-10,3,12.0,-12.0,10000,JPY,confirmed,https://lightfx.jp/market/swap/,2026-10-05T14:34:42+09:00
lightfx,SEK/JPY,2026-09-10,2026-09-11,1,4.0,-4.0,10000,JPY,confirmed,https://lightfx.jp/market/swap/,2026-10-05T14:34:42+09:00
lightfx,SEK/JPY,2026-09-11,2026-09-14,1,4.0,-4.0,10000,JPY,confirmed,https://lightfx.jp/market/swap/,2026-10-05T14:34:42+09:00
lightfx,SEK/JPY,2026-09-14,2026-09-15,1,4.0,-4.0,10000,JPY,confirmed,https://lightfx.jp/market/swap/,2026-10-05T14:34:42+09:00
lightfx,SEK/JPY,2026-09-15,2026-09-16,1,4.0,-4.0,10000,JPY,confirmed,https://lightfx.jp/market/swap/,2026-10-05T14:34:42+09:00
lightfx,SEK/JPY,2026-09-16,2026-09-17,6,24.0,-24.0,10000,JPY,confirmed,https://lightfx.jp/market/swap/,2026-10-05T14:34:42+09:00
lightfx,SEK/JPY,2026-09-17,2026-09-18,1,4.0,-4.0,10000,JPY,confirmed,https://lightfx.jp/market/swap/,2026-10-05T14:34:42+09:00
lightfx,SEK/JPY,2026-09-18,2026-09-21,0,,,10000,JPY,scheduled,https://lightfx.jp/market/swap/,2026-10-05T14:34:42+09:00
lightfx,SEK/JPY,2026-09-21,2026-09-22,0,,,10000,JPY,scheduled,https://lightfx.jp/market/swap/,2026-10-05T14:34:42+09:00
lightfx,SEK/JPY,2026-09-22,2026-09-23,0,,,10000,JPY,scheduled,https://lightfx.jp/market/swap/,2026-10-05T14:34:42+09:00
lightfx,SEK/JPY,2026-09-23,2026-09-24,3,12.0,-12.0,10000,JPY,confirmed,https://lightfx.jp/market/swap/,2026-10-05T14:34:42+09:00
lightfx,SEK/JPY,2026-09-24,2026-09-25,1,4.0,-4.0,10000,JPY,confirmed,https://lightfx.jp/market/swap/,2026-10-05T14:34:42+09:00
lightfx,SEK/JPY,2026-09-25,2026-09-28,1,4.0,-4.0,10000,JPY,confirmed,https://lightfx.jp/market/swap/,2026-10-05T14:34:42+09:00
lightfx,SEK/JPY,2026-09-28,2026-09-29,1,4.0,-4.0,10000,JPY,confirmed,https://lightfx.jp/market/swap/,2026-10-05T14:34:42+09:00
lightfx,SEK/JPY,2026-09-29,2026-09-30,1,4.0,-4.0,10000,JPY,confirmed,https://lightfx.jp/market/swap/,2026-10-05T14:34:42+09:00
lightfx,SEK/JPY,2026-09-30,2026-10-01,3,12.0,-12.0,10000,JPY,confirmed,https://lightfx.jp/market/swap/,2026-10-05T14:34:42+09:00
lightfx,SEK/JPY,2026-10-01,2026-10-02,1,4.0,-4.0,10000,JPY,confirmed,https://lightfx.jp/market/swap/,2026-10-05T14:34:42+09:00
lightfx,SEK/JPY,2026-10-02,2026-10-05,1,4.0,-4.0,10000,JPY,confirmed,https://lightfx.jp/market/swap/,2026-10-05T14:34:42+09:00
lightfx,SEK/JPY,2026-10-05,2026-10-06,1,,,10000,JPY,scheduled,https://lightfx.jp/market/swap/,2026-10-05T14:34:42+09:00
lightfx,SGD/JPY,2026-08-26,2026-08-27,3,54.0,-54.0,10000,JPY,confirmed,https://lightfx.jp/market/swap/,2026-09-26T23:25:14+09:00
lightfx,SGD/JPY,2026-08-27,2026-08-28,1,18.0,-18.0,10000,JPY,confirmed,https://lightfx.jp/market/swap/,2026-09-27T14:16:02+09:00
lightfx,SGD/JPY,2026-08-28,2026-08-31,1,18.0,-18.0,10000,JPY,confirmed,https://lightfx.jp/market/swap/,2026-09-28T14:19:56+09:00
lightfx,SGD/JPY,2026-08-31,2026-09-01,1,18.0,-18.0,10000,JPY,confirmed,https://lightfx.jp/market/swap/,2026-09-30T14:29:38+09:00
lightfx,SGD/JPY,2026-09-01,2026-09-02,1,18.0,-18.0,10000,JPY,confirmed,https://lightfx.jp/market/swap/,2026-09-30T14:29:38+09:00
lightfx,SGD/JPY,2026-09-02,2026-09-03,4,72.0,-72.0,10000,JPY,confirmed,https://lightfx.jp/market/swap/,2026-10-02T14:32:44+09:00
lightfx,SGD/JPY,2026-09-03,2026-09-04,0,,,10000,JPY,scheduled,https://lightfx.jp/market/swap/,2026-10-03T14:16:05+09:00
lightfx,SGD/JPY,2026-09-04,2026-09-07,1,18.0,-18.0,10000,JPY,confirmed,https://lightfx.jp/market/swap/,2026-10-04T14:48:39+09:00
lightfx,SGD/JPY,2026-09-07,2026-09-08,1,18.0,-18.0,10000,JPY,confirmed,https://lightfx.jp/market/swap/,2026-10-05T14:34:42+09:00
lightfx,SGD/JPY,2026-09-08,2026-09-09,1,18.0,-18.0,10000,JPY,confirmed,https://lightfx.jp/market/swap/,2026-10-05T14:34:42+09:00
lightfx,SGD/JPY,2026-09-09,2026-09-10,3,54.0,-54.0,10000,JPY,confirmed,https://lightfx.jp/market/swap/,2026-10-05T14:34:42+09:00
lightfx,SGD/JPY,2026-09-10,2026-09-11,1,18.0,-18.0,10000,JPY,confirmed,https://lightfx.jp/market/swap/,2026-10-05T14:34:42+09:00
lightfx,SGD/JPY,2026-09-11,2026-09-14,1,18.0,-18.0,10000,JPY,confirmed,https://lightfx.jp/market/swap/,2026-10-05T14:34:42+09:00
lightfx,SGD/JPY,2026-09-14,2026-09-15,1,18.0,-18.0,10000,JPY,confirmed,https://lightfx.jp/market/swap/,2026-10-05T14:34:42+09:00
lightfx,SGD/JPY,2026-09-15,2026-09-16,1,18.0,-18.0,10000,JPY,confirmed,https://lightfx.jp/market/swap/,2026-10-05T14:34:42+09:00
lightfx,SGD/JPY,2026-09-16,2026-09-17,6,144.0,-144.0,10000,JPY,confirmed,https://lightfx.jp/market/swap/,2026-10-05T14:34:42+09:00
lightfx,SGD/JPY,2026-09-17,2026-09-18,1,24.0,-24.0,10000,JPY,confirmed,https://lightfx.jp/market/swap/,2026-10-05T14:34:42+09:00
lightfx,SGD/JPY,2026-09-18,2026-09-21,0,,,10000,JPY,scheduled,https://lightfx.jp/market/swap/,2026-10-05T14:34:42+09:00
lightfx,SGD/JPY,2026-09-21,2026-09-22,0,,,10000,JPY,scheduled,https://lightfx.jp/market/swap/,2026-10-05T14:34:42+09:00
lightfx,SGD/JPY,2026-09-22,2026-09-23,0,,,10000,JPY,scheduled,https://lightfx.jp/market/swap/,2026-10-05T14:34:42+09:00
lightfx,SGD/JPY,2026-09-23,2026-09-24,3,72.0,-72.0,10000,JPY,confirmed,https://lightfx.jp/market/swap/,2026-10-05T14:34:42+09:00
lightfx,SGD/JPY,2026-09-24,2026-09-25,1,24.0,-24.0,10000,JPY,confirmed,https://lightfx.jp/market/swap/,2026-10-05T14:34:42+09:00
lightfx,SGD/JPY,2026-09-25,2026-09-28,1,24.0,-24.0,10000,JPY,confirmed,https://lightfx.jp/market/swap/,2026-10-05T14:34:42+09:00
lightfx,SGD/JPY,2026-09-28,2026-09-29,1,24.0,-24.0,10000,JPY,confirmed,https://lightfx.jp/market/swap/,2026-10-05T14:34:42+09:00
lightfx,SGD/JPY,2026-09-29,2026-09-30,1,24.0,-24.0,10000,JPY,confirmed,https://lightfx.jp/market/swap/,2026-10-05T14:34:42+09:00
lightfx,SGD/JPY,2026-09-30,2026-10-01,3,72.0,-72.0,10000,JPY,confirmed,https://lightfx.jp/market/swap/,2026-10-05T14:34:42+09:00
lightfx,SGD/JPY,2026-10-01,2026-10-02,1,24.0,-24.0,10000,JPY,confirmed,https://lightfx.jp/market/swap/,2026-10-05T14:34:42+09:00
lightfx,SGD/JPY,2026-10-02,2026-10-05,1,24.0,-24.0,10000,JPY,confirmed,https://lightfx.jp/market/swap/,2026-10-05T14:34:42+09:00
lightfx,SGD/JPY,2026-10-05,2026-10-06,1,,,10000,JPY,scheduled,https://lightfx.jp/market/swap/,2026-10-05T14:34:42+09:00
lightfx,TRY/JPY,2026-08-26,2026-08-27,3,69.3,-69.3,10000,JPY,confirmed,https://lightfx.jp/market/swap/,2026-09-26T23:25:14+09:00
lightfx,TRY/JPY,2026-08-27,2026-08-28,1,23.1,-23.1,10000,JPY,confirmed,https://lightfx.jp/market/swap/,2026-09-27T14:16:02+09:00
lightfx,TRY/JPY,2026-08-28,2026-08-31,1,23.1,-23.1,10000,JPY,confirmed,https://lightfx.jp/market/swap/,2026-09-28T14:19:56+09:00
lightfx,TRY/JPY,2026-08-31,2026-09-01,1,23.1,-23.1,10000,JPY,confirmed,https://lightfx.jp/market/swap/,2026-09-30T14:29:38+09:00
lightfx,TRY/JPY,2026-09-01,2026-09-02,1,23.1,-23.1,10000,JPY,confirmed,https://lightfx.jp/market/swap/,2026-09-30T14:29:38+09:00
lightfx,TRY/JPY,2026-09-02,2026-09-03,4,92.4,-92.4,10000,JPY,confirmed,https://lightfx.jp/market/swap/,2026-10-02T14:32:44+09:00
lightfx,TRY/JPY,2026-09-03,2026-09-04,0,,,10000,JPY,scheduled,https://lightfx.jp/market/swap/,2026-10-03T14:16:05+09:00
lightfx,TRY/JPY,2026-09-04,2026-09-07,1,23.1,-23.1,10000,JPY,confirmed,https://lightfx.jp/market/swap/,2026-10-04T14:48:39+09:00
lightfx,TRY/JPY,2026-09-07,2026-09-08,1,23.1,-23.1,10000,JPY,confirmed,https://lightfx.jp/market/swap/,2026-10-05T14:34:42+09:00
lightfx,TRY/JPY,2026-09-08,2026-09-09,1,23.1,-23.1,10000,JPY,confirmed,https://lightfx.jp/market/swap/,2026-10-05T14:34:42+09:00
lightfx,TRY/JPY,2026-09-09,2026-09-10,3,69.3,-69.3,10000,JPY,confirmed,https://lightfx.jp/market/swap/,2026-10-05T14:34:42+09:00
lightfx,TRY/JPY,2026-09-10,2026-09-11,1,23.1,-23.1,10000,JPY,confirmed,https://lightfx.jp/market/swap/,2026-10-05T14:34:42+09:00
lightfx,TRY/JPY,2026-09-11,2026-09-14,1,23.1,-23.1,10000,JPY,confirmed,https://lightfx.jp/market/swap/,2026-10-05T14:34:42+09:00
lightfx,TRY/JPY,2026-09-14,2026-09-15,1,23.1,-23.1,10000,JPY,confirmed,https://lightfx.jp/market/swap/,2026-10-05T14:34:42+09:00
lightfx,TRY/JPY,2026-09-15,2026-09-16,1,23.1,-23.1,10000,JPY,confirmed,https://lightfx.jp/market/swap/,2026-10-05T14:34:42+09:00
lightfx,TRY/JPY,2026-09-16,2026-09-17,6,138.6,-138.6,10000,JPY,confirmed,https://lightfx.jp/market/swap/,2026-10-05T14:34:42+09:00
lightfx,TRY/JPY,2026-09-17,2026-09-18,1,24.1,-24.1,10000,JPY,confirmed,https://lightfx.jp/market/swap/,2026-10-05T14:34:42+09:00
lightfx,TRY/JPY,2026-09-18,2026-09-21,0,,,10000,JPY,scheduled,https://lightfx.jp/market/swap/,2026-10-05T14:34:42+09:00
lightfx,TRY/JPY,2026-09-21,2026-09-22,0,,,10000,JPY,scheduled,https://lightfx.jp/market/swap/,2026-10-05T14:34:42+09:00
lightfx,TRY/JPY,2026-09-22,2026-09-23,0,,,10000,JPY,scheduled,https://lightfx.jp/market/swap/,2026-10-05T14:34:42+09:00
lightfx,TRY/JPY,2026-09-23,2026-09-24,3,72.3,-72.3,10000,JPY,confirmed,https://lightfx.jp/market/swap/,2026-10-05T14:34:42+09:00
lightfx,TRY/JPY,2026-09-24,2026-09-25,1,24.1,-24.1,10000,JPY,confirmed,https://lightfx.jp/market/swap/,2026-10-05T14:34:42+09:00
lightfx,TRY/JPY,2026-09-25,2026-09-28,1,24.1,-24.1,10000,JPY,confirmed,https://lightfx.jp/market/swap/,2026-10-05T14:34:42+09:00
lightfx,TRY/JPY,2026-09-28,2026-09-29,1,24.1,-24.1,10000,JPY,confirmed,https://lightfx.jp/market/swap/,2026-10-05T14:34:42+09:00
lightfx,TRY/JPY,2026-09-29,2026-09-30,1,24.1,-24.1,10000,JPY,confirmed,https://lightfx.jp/market/swap/,2026-10-05T14:34:42+09:00
lightfx,TRY/JPY,2026-09-30,2026-10-01,3,72.3,-72.3,10000,JPY,confirmed,https://lightfx.jp/market/swap/,2026-10-05T14:34:42+09:00
lightfx,TRY/JPY,2026-10-01,2026-10-02,1,24.1,-24.1,10000,JPY,confirmed,https://lightfx.jp/market/swap/,2026-10-05T14:34:42+09:00
lightfx,TRY/JPY,2026-10-02,2026-10-05,1,24.1,-24.1,10000,JPY,confirmed,https://lightfx.jp/market/swap/,2026-10-05T14:34:42+09:00
lightfx,TRY/JPY,2026-10-05,2026-10-06,1,,,10000,JPY,scheduled,https://lightfx.jp/market/swap/,2026-10-05T14:34:42+09:00
lightfx,USD/CAD,2026-08-26,2026-08-27,1,40.1,-40.2,10000,JPY,confirmed,https://lightfx.jp/market/swap/,2026-09-26T23:25:14+09:00
lightfx,USD/CAD,2026-08-27,2026-08-28,3,120.7,-120.9,10000,JPY,confirmed,https://lightfx.jp/market/swap/,2026-09-27T14:16:02+09:00
lightfx,USD/CAD,2026-08-28,2026-08-31,1,40.2,-40.3,10000,JPY,confirmed,https://lightfx.jp/market/swap/,2026-09-28T14:19:56+09:00
lightfx,USD/CAD,2026-08-31,2026-09-01,1,40.3,-40.4,10000,JPY,confirmed,https://lightfx.jp/market/swap/,2026-09-30T14:29:38+09:00
lightfx,USD/CAD,2026-09-01,2026-09-02,1,40.3,-40.4,10000,JPY,confirmed,https://lightfx.jp/market/swap/,2026-09-30T14:29:38+09:00
lightfx,USD/CAD,2026-09-02,2026-09-03,1,40.1,-40.2,10000,JPY,confirmed,https://lightfx.jp/market/swap/,2026-10-02T14:32:44+09:00
lightfx,USD/CAD,2026-09-03,2026-09-04,4,158.1,-158.2,10000,JPY,confirmed,https://lightfx.jp/market/swap/,2026-10-03T14:16:05+09:00
lightfx,USD/CAD,2026-09-04,2026-09-07,0,,,10000,JPY,scheduled,https://lightfx.jp/market/swap/,2026-10-04T14:48:39+09:00
lightfx,USD/CAD,2026-09-07,2026-09-08,1,39.1,-39.2,10000,JPY,confirmed,https://lightfx.jp/market/swap/,2026-10-05T14:34:42+09:00
lightfx,USD/CAD,2026-09-08,2026-09-09,1,39.1,-39.2,10000,JPY,confirmed,https://lightfx.jp/market/swap/,2026-10-05T14:34:42+09:00
lightfx,USD/CAD,2026-09-09,2026-09-10,1,38.9,-39.0,10000,JPY,confirmed,https://lightfx.jp/market/swap/,2026-10-05T14:34:42+09:00
lightfx,USD/CAD,2026-09-10,2026-09-11,3,117.2,-117.3,10000,JPY,confirmed,https://lightfx.jp/market/swap/,2026-10-05T14:34:42+09:00
lightfx,USD/CAD,2026-09-11,2026-09-14,1,38.7,-38.8,10000,JPY,confirmed,https://lightfx.jp/market/swap/,2026-10-05T14:34:42+09:00
lightfx,USD/CAD,2026-09-14,2026-09-15,1,38.8,-38.9,10000,JPY,confirmed,https://lightfx.jp/market/swap/,2026-10-05T14:34:42+09:00
lightfx,USD/CAD,2026-09-15,2026-09-16,1,38.9,-39.1,10000,JPY,confirmed,https://lightfx.jp/market/swap/,2026-10-05T14:34:42+09:00
lightfx,USD/CAD,2026-09-16,2026-09-17,1,39.1,-39.2,10000,JPY,confirmed,https://lightfx.jp/market/swap/,2026-10-05T14:34:42+09:00
lightfx,USD/CAD,2026-09-17,2026-09-18,3,117.0,-117.2,10000,JPY,confirmed,https://lightfx.jp/market/swap/,2026-10-05T14:34:42+09:00
lightfx,USD/CAD,2026-09-18,2026-09-21,1,39.2,-39.3,10000,JPY,confirmed,https://lightfx.jp/market/swap/,2026-10-05T14:34:42+09:00
lightfx,USD/CAD,2026-09-21,2026-09-22,1,39.2,-39.3,10000,JPY,confirmed,https://lightfx.jp/market/swap/,2026-10-05T14:34:42+09:00
lightfx,USD/CAD,2026-09-22,2026-09-23,1,39.1,-39.2,10000,JPY,confirmed,https://lightfx.jp/market/swap/,2026-10-05T14:34:42+09:00
lightfx,USD/CAD,2026-09-23,2026-09-24,1,39.2,-39.4,10000,JPY,confirmed,https://lightfx.jp/market/swap/,2026-10-05T14:34:42+09:00
lightfx,USD/CAD,2026-09-24,2026-09-25,3,117.9,-118.1,10000,JPY,confirmed,https://lightfx.jp/market/swap/,2026-10-05T14:34:42+09:00
lightfx,USD/CAD,2026-09-25,2026-09-28,1,38.9,-39.0,10000,JPY,confirmed,https://lightfx.jp/market/swap/,2026-10-05T14:34:42+09:00
lightfx,USD/CAD,2026-09-28,2026-09-29,2,77.7,-77.8,10000,JPY,confirmed,https://lightfx.jp/market/swap/,2026-10-05T14:34:42+09:00
lightfx,USD/CAD,2026-09-29,2026-09-30,0,,,10000,JPY,scheduled,https://lightfx.jp/market/swap/,2026-10-05T14:34:42+09:00
lightfx,USD/CAD,2026-09-30,2026-10-01,1,38.7,-38.8,10000,JPY,confirmed,https://lightfx.jp/market/swap/,2026-10-05T14:34:42+09:00
lightfx,USD/CAD,2026-10-01,2026-10-02,3,239.9,-240.1,10000,JPY,confirmed,https://lightfx.jp/market/swap/,2026-10-05T14:34:42+09:00
lightfx,USD/CAD,2026-10-02,2026-10-05,1,79.7,-79.8,10000,JPY,confirmed,https://lightfx.jp/market/swap/,2026-10-05T14:34:42+09:00
lightfx,USD/CAD,2026-10-05,2026-10-06,1,,,10000,JPY,scheduled,https://lightfx.jp/market/swap/,2026-10-05T14:34:42+09:00
lightfx,USD/CHF,2026-08-26,2026-08-27,3,207.6,-207.8,10000,JPY,confirmed,https://lightfx.jp/market/swap/,2026-09-26T23:25:14+09:00
lightfx,USD/CHF,2026-08-27,2026-08-28,1,69.3,-69.4,10000,JPY,confirmed,https://lightfx.jp/market/swap/,2026-09-27T14:16:02+09:00
lightfx,USD/CHF,2026-08-28,2026-08-31,1,69.2,-69.3,10000,JPY,confirmed,https://lightfx.jp/market/swap/,2026-09-28T14:19:56+09:00
lightfx,USD/CHF,2026-08-31,2026-09-01,1,69.1,-69.2,10000,JPY,confirmed,https://lightfx.jp/market/swap/,2026-09-30T14:29:38+09:00
lightfx,USD/CHF,2026-09-01,2026-09-02,1,69.0,-69.1,10000,JPY,confirmed,https://lightfx.jp/market/swap/,2026-09-30T14:29:38+09:00
lightfx,USD/CHF,2026-09-02,2026-09-03,4,273.3,-273.5,10000,JPY,confirmed,https://lightfx.jp/market/swap/,2026-10-02T14:32:44+09:00
lightfx,USD/CHF,2026-09-03,2026-09-04,0,,,10000,JPY,scheduled,https://lightfx.jp/market/swap/,2026-10-03T14:16:05+09:00
lightfx,USD/CHF,2026-09-04,2026-09-07,1,67.5,-67.6,10000,JPY,confirmed,https://lightfx.jp/market/swap/,2026-10-04T14:48:39+09:00
lightfx,USD/CHF,2026-09-07,2026-09-08,1,66.7,-66.8,10000,JPY,confirmed,https://lightfx.jp/market/swap/,2026-10-05T14:34:42+09:00
lightfx,USD/CHF,2026-09-08,2026-09-09,1,66.5,-66.6,10000,JPY,confirmed,https://lightfx.jp/market/swap/,2026-10-05T14:34:42+09:00
lightfx,USD/CHF,2026-09-09,2026-09-10,3,198.9,-199.1,10000,JPY,confirmed,https://lightfx.jp/market/swap/,2026-10-05T14:34:42+09:00
lightfx,USD/CHF,2026-09-10,2026-09-11,1,66.4,-66.5,10000,JPY,confirmed,https://lightfx.jp/market/swap/,2026-10-05T14:34:42+09:00
lightfx,USD/CHF,2026-09-11,2026-09-14,1,65.8,-65.9,10000,JPY,confirmed,https://lightfx.jp/market/swap/,2026-10-05T14:34:42+09:00
lightfx,USD/CHF,2026-09-14,2026-09-15,1,69.8,-69.9,10000,JPY,confirmed,https://lightfx.jp/market/swap/,2026-10-05T14:34:42+09:00
lightfx,USD/CHF,2026-09-15,2026-09-16,1,70.0,-70.1,10000,JPY,confirmed,https://lightfx.jp/market/swap/,2026-10-05T14:34:42+09:00
lightfx,USD/CHF,2026-09-16,2026-09-17,3,209.9,-210.1,10000,JPY,confirmed,https://lightfx.jp/market/swap/,2026-10-05T14:34:42+09:00
lightfx,USD/CHF,2026-09-17,2026-09-18,1,75.6,-75.7,10000,JPY,confirmed,https://lightfx.jp/market/swap/,2026-10-05T14:34:42+09:00
lightfx,USD/CHF,2026-09-18,2026-09-21,1,85.9,-86.0,10000,JPY,confirmed,https://lightfx.jp/market/swap/,2026-10-05T14:34:42+09:00
lightfx,USD/CHF,2026-09-21,2026-09-22,1,86.2,-86.3,10000,JPY,confirmed,https://lightfx.jp/market/swap/,2026-10-05T14:34:42+09:00
lightfx,USD/CHF,2026-09-22,2026-09-23,1,86.3,-86.4,10000,JPY,confirmed,https://lightfx.jp/market/swap/,2026-10-05T14:34:42+09:00
lightfx,USD/CHF,2026-09-23,2026-09-24,3,259.0,-259.1,10000,JPY,confirmed,https://lightfx.jp/market/swap/,2026-10-05T14:34:42+09:00
lightfx,USD/CHF,2026-09-24,2026-09-25,1,86.3,-86.4,10000,JPY,confirmed,https://lightfx.jp/market/swap/,2026-10-05T14:34:42+09:00
lightfx,USD/CHF,2026-09-25,2026-09-28,1,85.4,-85.5,10000,JPY,confirmed,https://lightfx.jp/market/swap/,2026-10-05T14:34:42+09:00
lightfx,USD/CHF,2026-09-28,2026-09-29,1,100.2,-100.3,10000,JPY,confirmed,https://lightfx.jp/market/swap/,2026-10-05T14:34:42+09:00
lightfx,USD/CHF,2026-09-29,2026-09-30,1,99.9,-100.1,10000,JPY,confirmed,https://lightfx.jp/market/swap/,2026-10-05T14:34:42+09:00
lightfx,USD/CHF,2026-09-30,2026-10-01,3,299.4,-299.6,10000,JPY,confirmed,https://lightfx.jp/market/swap/,2026-10-05T14:34:42+09:00
lightfx,USD/CHF,2026-10-01,2026-10-02,1,100.8,-100.9,10000,JPY,confirmed,https://lightfx.jp/market/swap/,2026-10-05T14:34:42+09:00
lightfx,USD/CHF,2026-10-02,2026-10-05,1,100.9,-101.0,10000,JPY,confirmed,https://lightfx.jp/market/swap/,2026-10-05T14:34:42+09:00
lightfx,USD/CHF,2026-10-05,2026-10-06,1,,,10000,JPY,scheduled,https://lightfx.jp/market/swap/,2026-10-05T14:34:42+09:00
lightfx,USD/CNH,2026-08-26,2026-08-27,3,159.8,-160.1,10000,JPY,confirmed,https://lightfx.jp/market/swap/,2026-09-26T23:25:14+09:00
lightfx,USD/CNH,2026-08-27,2026-08-28,1,53.3,-53.4,10000,JPY,confirmed,https://lightfx.jp/market/swap/,2026-09-27T14:16:02+09:00
lightfx,USD/CNH,2026-08-28,2026-08-31,1,53.5,-53.6,10000,JPY,confirmed,https://lightfx.jp/market/swap/,2026-09-28T14:19:56+09:00
lightfx,USD/CNH,2026-08-31,2026-09-01,1,53.4,-53.6,10000,JPY,confirmed,https://lightfx.jp/market/swap/,2026-09-30T14:29:38+09:00
lightfx,USD/CNH,2026-09-01,2026-09-02,1,53.5,-53.7,10000,JPY,confirmed,https://lightfx.jp/market/swap/,2026-09-30T14:29:38+09:00
lightfx,USD/CNH,2026-09-02,2026-09-03,4,212.5,-212.8,10000,JPY,confirmed,https://lightfx.jp/market/swap/,2026-10-02T14:32:44+09:00
lightfx,USD/CNH,2026-09-03,2026-09-04,0,,,10000,JPY,scheduled,https://lightfx.jp/market/swap/,2026-10-03T14:16:05+09:00
lightfx,USD/CNH,2026-09-04,2026-09-07,1,52.3,-52.5,10000,JPY,confirmed,https://lightfx.jp/market/swap/,2026-10-04T14:48:39+09:00
lightfx,USD/CNH,2026-09-07,2026-09-08,1,51.7,-51.8,10000,JPY,confirmed,https://lightfx.jp/market/swap/,2026-10-05T14:34:42+09:00
lightfx,USD/CNH,2026-09-08,2026-09-09,1,51.6,-51.7,10000,JPY,confirmed,https://lightfx.jp/market/swap/,2026-10-05T14:34:42+09:00
lightfx,USD/CNH,2026-09-09,2026-09-10,3,154.4,-154.7,10000,JPY,confirmed,https://lightfx.jp/market/swap/,2026-10-05T14:34:42+09:00
lightfx,USD/CNH,2026-09-10,2026-09-11,1,51.7,-51.8,10000,JPY,confirmed,https://lightfx.jp/market/swap/,2026-10-05T14:34:42+09:00
lightfx,USD/CNH,2026-09-11,2026-09-14,1,51.5,-51.6,10000,JPY,confirmed,https://lightfx.jp/market/swap/,2026-10-05T14:34:42+09:00
lightfx,USD/CNH,2026-09-14,2026-09-15,1,51.7,-51.8,10000,JPY,confirmed,https://lightfx.jp/market/swap/,2026-10-05T14:34:42+09:00
lightfx,USD/CNH,2026-09-15,2026-09-16,1,51.9,-52.1,10000,JPY,confirmed,https://lightfx.jp/market/swap/,2026-10-05T14:34:42+09:00
lightfx,USD/CNH,2026-09-16,2026-09-17,3,157.1,-157.3,10000,JPY,confirmed,https://lightfx.jp/market/swap/,2026-10-05T14:34:42+09:00
lightfx,USD/CNH,2026-09-17,2026-09-18,1,52.3,-52.4,10000,JPY,confirmed,https://lightfx.jp/market/swap/,2026-10-05T14:34:42+09:00
lightfx,USD/CNH,2026-09-18,2026-09-21,1,52.7,-52.8,10000,JPY,confirmed,https://lightfx.jp/market/swap/,2026-10-05T14:34:42+09:00
lightfx,USD/CNH,2026-09-21,2026-09-22,1,52.8,-53.0,10000,JPY,confirmed,https://lightfx.jp/market/swap/,2026-10-05T14:34:42+09:00
lightfx,USD/CNH,2026-09-22,2026-09-23,4,211.4,-211.6,10000,JPY,confirmed,https://lightfx.jp/market/swap/,2026-10-05T14:34:42+09:00
lightfx,USD/CNH,2026-09-23,2026-09-24,1,53.0,-53.1,10000,JPY,confirmed,https://lightfx.jp/market/swap/,2026-10-05T14:34:42+09:00
lightfx,USD/CNH,2026-09-24,2026-09-25,0,,,10000,JPY,scheduled,https://lightfx.jp/market/swap/,2026-10-05T14:34:42+09:00
lightfx,USD/CNH,2026-09-25,2026-09-28,1,52.6,-52.7,10000,JPY,confirmed,https://lightfx.jp/market/swap/,2026-10-05T14:34:42+09:00
lightfx,USD/CNH,2026-09-28,2026-09-29,8,320.6,-422.3,10000,JPY,confirmed,https://lightfx.jp/market/swap/,2026-10-05T14:34:42+09:00
lightfx,USD/CNH,2026-09-29,2026-09-30,1,40.0,-52.8,10000,JPY,confirmed,https://lightfx.jp/market/swap/,2026-10-05T14:34:42+09:00
lightfx,USD/CNH,2026-09-30,2026-10-01,0,,,10000,JPY,scheduled,https://lightfx.jp/market/swap/,2026-10-05T14:34:42+09:00
lightfx,USD/CNH,2026-10-01,2026-10-02,0,,,10000,JPY,scheduled,https://lightfx.jp/market/swap/,2026-10-05T14:34:42+09:00
lightfx,USD/CNH,2026-10-02,2026-10-05,0,,,10000,JPY,scheduled,https://lightfx.jp/market/swap/,2026-10-05T14:34:42+09:00
lightfx,USD/CNH,2026-10-05,2026-10-06,0,,,10000,JPY,scheduled,https://lightfx.jp/market/swap/,2026-10-05T14:34:42+09:00
lightfx,USD/JPY,2026-08-26,2026-08-27,3,354.0,-354.0,10000,JPY,confirmed,https://lightfx.jp/market/swap/,2026-09-26T23:25:14+09:00
lightfx,USD/JPY,2026-08-27,2026-08-28,1,118.0,-118.0,10000,JPY,confirmed,https://lightfx.jp/market/swap/,2026-09-27T14:16:02+09:00
lightfx,USD/JPY,2026-08-28,2026-08-31,1,118.0,-118.0,10000,JPY,confirmed,https://lightfx.jp/market/swap/,2026-09-28T14:19:56+09:00
lightfx,USD/JPY,2026-08-31,2026-09-01,1,118.0,-118.0,10000,JPY,confirmed,https://lightfx.jp/market/swap/,2026-09-30T14:29:38+09:00
lightfx,USD/JPY,2026-09-01,2026-09-02,1,118.0,-118.0,10000,JPY,confirmed,https://lightfx.jp/market/swap/,2026-09-30T14:29:38+09:00
lightfx,USD/JPY,2026-09-02,2026-09-03,4,484.0,-484.0,10000,JPY,confirmed,https://lightfx.jp/market/swap/,2026-10-02T14:32:44+09:00
lightfx,USD/JPY,2026-09-03,2026-09-04,0,,,10000,JPY,scheduled,https://lightfx.jp/market/swap/,2026-10-03T14:16:05+09:00
lightfx,USD/JPY,2026-09-04,2026-09-07,1,116.0,-116.0,10000,JPY,confirmed,https://lightfx.jp/market/swap/,2026-10-04T14:48:39+09:00
lightfx,USD/JPY,2026-09-07,2026-09-08,1,116.0,-116.0,10000,JPY,confirmed,https://lightfx.jp/market/swap/,2026-10-05T14:34:42+09:00
lightfx,USD/JPY,2026-09-08,2026-09-09,1,112.0,-112.0,10000,JPY,confirmed,https://lightfx.jp/market/swap/,2026-10-05T14:34:42+09:00
lightfx,USD/JPY,2026-09-09,2026-09-10,3,336.0,-336.0,10000,JPY,confirmed,https://lightfx.jp/market/swap/,2026-10-05T14:34:42+09:00
lightfx,USD/JPY,2026-09-10,2026-09-11,1,112.0,-112.0,10000,JPY,confirmed,https://lightfx.jp/market/swap/,2026-10-05T14:34:42+09:00
lightfx,USD/JPY,2026-09-11,2026-09-14,1,113.0,-113.0,10000,JPY,confirmed,https://lightfx.jp/market/swap/,2026-10-05T14:34:42+09:00
lightfx,USD/JPY,2026-09-14,2026-09-15,1,113.0,-113.0,10000,JPY,confirmed,https://lightfx.jp/market/swap/,2026-10-05T14:34:42+09:00
lightfx,USD/JPY,2026-09-15,2026-09-16,1,113.0,-113.0,10000,JPY,confirmed,https://lightfx.jp/market/swap/,2026-10-05T14:34:42+09:00
lightfx,USD/JPY,2026-09-16,2026-09-17,6,666.0,-666.0,10000,JPY,confirmed,https://lightfx.jp/market/swap/,2026-10-05T14:34:42+09:00
lightfx,USD/JPY,2026-09-17,2026-09-18,1,116.0,-116.0,10000,JPY,confirmed,https://lightfx.jp/market/swap/,2026-10-05T14:34:42+09:00
lightfx,USD/JPY,2026-09-18,2026-09-21,0,,,10000,JPY,scheduled,https://lightfx.jp/market/swap/,2026-10-05T14:34:42+09:00
lightfx,USD/JPY,2026-09-21,2026-09-22,0,,,10000,JPY,scheduled,https://lightfx.jp/market/swap/,2026-10-05T14:34:42+09:00
lightfx,USD/JPY,2026-09-22,2026-09-23,0,,,10000,JPY,scheduled,https://lightfx.jp/market/swap/,2026-10-05T14:34:42+09:00
lightfx,USD/JPY,2026-09-23,2026-09-24,3,348.0,-348.0,10000,JPY,confirmed,https://lightfx.jp/market/swap/,2026-10-05T14:34:42+09:00
lightfx,USD/JPY,2026-09-24,2026-09-25,1,119.0,-119.0,10000,JPY,confirmed,https://lightfx.jp/market/swap/,2026-10-05T14:34:42+09:00
lightfx,USD/JPY,2026-09-25,2026-09-28,1,119.0,-119.0,10000,JPY,confirmed,https://lightfx.jp/market/swap/,2026-10-05T14:34:42+09:00
lightfx,USD/JPY,2026-09-28,2026-09-29,1,126.0,-126.0,10000,JPY,confirmed,https://lightfx.jp/market/swap/,2026-10-05T14:34:42+09:00
lightfx,USD/JPY,2026-09-29,2026-09-30,1,121.0,-121.0,10000,JPY,confirmed,https://lightfx.jp/market/swap/,2026-10-05T14:34:42+09:00
lightfx,USD/JPY,2026-09-30,2026-10-01,3,357.0,-357.0,10000,JPY,confirmed,https://lightfx.jp/market/swap/,2026-10-05T14:34:42+09:00
lightfx,USD/JPY,2026-10-01,2026-10-02,1,119.0,-119.0,10000,JPY,confirmed,https://lightfx.jp/market/swap/,2026-10-05T14:34:42+09:00
lightfx,USD/JPY,2026-10-02,2026-10-05,1,122.0,-122.0,10000,JPY,confirmed,https://lightfx.jp/market/swap/,2026-10-05T14:34:42+09:00
lightfx,USD/JPY,2026-10-05,2026-10-06,1,,,10000,JPY,scheduled,https://lightfx.jp/market/swap/,2026-10-05T14:34:42+09:00
lightfx,ZAR/JPY,2026-08-26,2026-08-27,3,42.3,-42.3,10000,JPY,confirmed,https://lightfx.jp/market/swap/,2026-09-26T23:25:14+09:00
lightfx,ZAR/JPY,2026-08-27,2026-08-28,1,14.1,-14.1,10000,JPY,confirmed,https://lightfx.jp/market/swap/,2026-09-27T14:16:02+09:00
lightfx,ZAR/JPY,2026-08-28,2026-08-31,1,14.1,-14.1,10000,JPY,confirmed,https://lightfx.jp/market/swap/,2026-09-28T14:19:56+09:00
lightfx,ZAR/JPY,2026-08-31,2026-09-01,1,14.1,-14.1,10000,JPY,confirmed,https://lightfx.jp/market/swap/,2026-09-30T14:29:38+09:00
lightfx,ZAR/JPY,2026-09-01,2026-09-02,1,14.1,-14.1,10000,JPY,confirmed,https://lightfx.jp/market/swap/,2026-09-30T14:29:38+09:00
lightfx,ZAR/JPY,2026-09-02,2026-09-03,4,56.4,-56.4,10000,JPY,confirmed,https://lightfx.jp/market/swap/,2026-10-02T14:32:44+09:00
lightfx,ZAR/JPY,2026-09-03,2026-09-04,0,,,10000,JPY,scheduled,https://lightfx.jp/market/swap/,2026-10-03T14:16:05+09:00
lightfx,ZAR/JPY,2026-09-04,2026-09-07,1,14.1,-14.1,10000,JPY,confirmed,https://lightfx.jp/market/swap/,2026-10-04T14:48:39+09:00
lightfx,ZAR/JPY,2026-09-07,2026-09-08,1,14.1,-14.1,10000,JPY,confirmed,https://lightfx.jp/market/swap/,2026-10-05T14:34:42+09:00
lightfx,ZAR/JPY,2026-09-08,2026-09-09,1,14.1,-14.1,10000,JPY,confirmed,https://lightfx.jp/market/swap/,2026-10-05T14:34:42+09:00
lightfx,ZAR/JPY,2026-09-09,2026-09-10,3,42.3,-42.3,10000,JPY,confirmed,https://lightfx.jp/market/swap/,2026-10-05T14:34:42+09:00
lightfx,ZAR/JPY,2026-09-10,2026-09-11,1,14.1,-14.1,10000,JPY,confirmed,https://lightfx.jp/market/swap/,2026-10-05T14:34:42+09:00
lightfx,ZAR/JPY,2026-09-11,2026-09-14,1,14.1,-14.1,10000,JPY,confirmed,https://lightfx.jp/market/swap/,2026-10-05T14:34:42+09:00
lightfx,ZAR/JPY,2026-09-14,2026-09-15,1,14.1,-14.1,10000,JPY,confirmed,https://lightfx.jp/market/swap/,2026-10-05T14:34:42+09:00
lightfx,ZAR/JPY,2026-09-15,2026-09-16,1,14.1,-14.1,10000,JPY,confirmed,https://lightfx.jp/market/swap/,2026-10-05T14:34:42+09:00
lightfx,ZAR/JPY,2026-09-16,2026-09-17,7,98.7,-98.7,10000,JPY,confirmed,https://lightfx.jp/market/swap/,2026-10-05T14:34:42+09:00
lightfx,ZAR/JPY,2026-09-17,2026-09-18,0,,,10000,JPY,scheduled,https://lightfx.jp/market/swap/,2026-10-05T14:34:42+09:00
lightfx,ZAR/JPY,2026-09-18,2026-09-21,0,,,10000,JPY,scheduled,https://lightfx.jp/market/swap/,2026-10-05T14:34:42+09:00
lightfx,ZAR/JPY,2026-09-21,2026-09-22,0,,,10000,JPY,scheduled,https://lightfx.jp/market/swap/,2026-10-05T14:34:42+09:00
lightfx,ZAR/JPY,2026-09-22,2026-09-23,3,42.3,-42.3,10000,JPY,confirmed,https://lightfx.jp/market/swap/,2026-10-05T14:34:42+09:00
lightfx,ZAR/JPY,2026-09-23,2026-09-24,0,,,10000,JPY,scheduled,https://lightfx.jp/market/swap/,2026-10-05T14:34:42+09:00
lightfx,ZAR/JPY,2026-09-24,2026-09-25,1,14.1,-14.1,10000,JPY,confirmed,https://lightfx.jp/market/swap/,2026-10-05T14:34:42+09:00
lightfx,ZAR/JPY,2026-09-25,2026-09-28,1,14.1,-14.1,10000,JPY,confirmed,https://lightfx.jp/market/swap/,2026-10-05T14:34:42+09:00
lightfx,ZAR/JPY,2026-09-28,2026-09-29,1,14.1,-14.1,10000,JPY,confirmed,https://lightfx.jp/market/swap/,2026-10-05T14:34:42+09:00
lightfx,ZAR/JPY,2026-09-29,2026-09-30,1,14.1,-14.1,10000,JPY,confirmed,https://lightfx.jp/market/swap/,2026-10-05T14:34:42+09:00
lightfx,ZAR/JPY,2026-09-30,2026-10-01,3,42.3,-42.3,10000,JPY,confirmed,https://lightfx.jp/market/swap/,2026-10-05T14:34:42+09:00
lightfx,ZAR/JPY,2026-10-01,2026-10-02,1,14.1,-14.1,10000,JPY,confirmed,https://lightfx.jp/market/swap/,2026-10-05T14:34:42+09:00
lightfx,ZAR/JPY,2026-10-02,2026-10-05,1,14.1,-14.1,10000,JPY,confirmed,https://lightfx.jp/market/swap/,2026-10-05T14:34:42+09:00
lightfx,ZAR/JPY,2026-10-05,2026-10-06,1,,,10000,JPY,scheduled,https://lightfx.jp/market/swap/,2026-10-05T14:34:42+09:00
