broker,pair,trade_date,effective_date,sp_days,long_swap_jpy,short_swap_jpy,unit,swap_currency,status,source,fetched_at
oanda_ny,AUD/HKD,2026-08-03,2026-08-04,1,27.3808,-100.5971,10000,JPY,confirmed,https://www.oanda.jp/service/swappoint/swap_ny4_audhkd_202608.json,2026-09-30T14:28:42+09:00
oanda_ny,AUD/HKD,2026-08-04,2026-08-05,1,23.0981,-97.0347,10000,JPY,confirmed,https://www.oanda.jp/service/swappoint/swap_ny4_audhkd_202608.json,2026-09-30T14:28:42+09:00
oanda_ny,AUD/HKD,2026-08-05,2026-08-06,3,76.7166,-279.6708,10000,JPY,confirmed,https://www.oanda.jp/service/swappoint/swap_ny4_audhkd_202608.json,2026-09-30T14:28:42+09:00
oanda_ny,AUD/HKD,2026-08-06,2026-08-07,1,25.5933,-99.7246,10000,JPY,confirmed,https://www.oanda.jp/service/swappoint/swap_ny4_audhkd_202608.json,2026-09-30T14:28:42+09:00
oanda_ny,AUD/HKD,2026-08-07,2026-08-10,1,31.0999,-99.7962,10000,JPY,confirmed,https://www.oanda.jp/service/swappoint/swap_ny4_audhkd_202608.json,2026-09-30T14:28:42+09:00
oanda_ny,AUD/HKD,2026-08-10,2026-08-11,1,28.883,-103.6553,10000,JPY,confirmed,https://www.oanda.jp/service/swappoint/swap_ny4_audhkd_202608.json,2026-09-30T14:28:42+09:00
oanda_ny,AUD/HKD,2026-08-11,2026-08-12,1,31.0648,-105.9203,10000,JPY,confirmed,https://www.oanda.jp/service/swappoint/swap_ny4_audhkd_202608.json,2026-09-30T14:28:42+09:00
oanda_ny,AUD/HKD,2026-08-12,2026-08-13,3,109.9118,-315.2923,10000,JPY,confirmed,https://www.oanda.jp/service/swappoint/swap_ny4_audhkd_202608.json,2026-09-30T14:28:42+09:00
oanda_ny,AUD/HKD,2026-08-13,2026-08-14,1,17.5507,-113.7636,10000,JPY,confirmed,https://www.oanda.jp/service/swappoint/swap_ny4_audhkd_202608.json,2026-09-30T14:28:42+09:00
oanda_ny,AUD/HKD,2026-08-14,2026-08-17,1,28.3938,-103.1851,10000,JPY,confirmed,https://www.oanda.jp/service/swappoint/swap_ny4_audhkd_202608.json,2026-09-30T14:28:42+09:00
oanda_ny,AUD/HKD,2026-08-17,2026-08-18,1,19.8236,-95.7834,10000,JPY,confirmed,https://www.oanda.jp/service/swappoint/swap_ny4_audhkd_202608.json,2026-09-30T14:28:42+09:00
oanda_ny,AUD/HKD,2026-08-18,2026-08-19,1,17.939,-93.1596,10000,JPY,confirmed,https://www.oanda.jp/service/swappoint/swap_ny4_audhkd_202608.json,2026-09-30T14:28:42+09:00
oanda_ny,AUD/HKD,2026-08-19,2026-08-20,3,12.9406,-249.6402,10000,JPY,confirmed,https://www.oanda.jp/service/swappoint/swap_ny4_audhkd_202608.json,2026-09-30T14:28:42+09:00
oanda_ny,AUD/HKD,2026-08-20,2026-08-21,1,18.5631,-93.4983,10000,JPY,confirmed,https://www.oanda.jp/service/swappoint/swap_ny4_audhkd_202608.json,2026-09-30T14:28:42+09:00
oanda_ny,AUD/HKD,2026-08-21,2026-08-24,1,2.182,-99.8356,10000,JPY,confirmed,https://www.oanda.jp/service/swappoint/swap_ny4_audhkd_202608.json,2026-09-30T14:28:42+09:00
oanda_ny,AUD/HKD,2026-08-24,2026-08-25,1,-2.8107,-78.075,10000,JPY,confirmed,https://www.oanda.jp/service/swappoint/swap_ny4_audhkd_202608.json,2026-09-30T14:28:42+09:00
oanda_ny,AUD/HKD,2026-08-25,2026-08-26,1,-7.2013,-73.892,10000,JPY,confirmed,https://www.oanda.jp/service/swappoint/swap_ny4_audhkd_202608.json,2026-09-30T14:28:42+09:00
oanda_ny,AUD/HKD,2026-08-26,2026-08-27,3,19.6866,-227.7742,10000,JPY,confirmed,https://www.oanda.jp/service/swappoint/swap_ny4_audhkd_202608.json,2026-09-30T14:28:42+09:00
oanda_ny,AUD/HKD,2026-08-27,2026-08-28,1,-44.3943,-73.3608,10000,JPY,confirmed,https://www.oanda.jp/service/swappoint/swap_ny4_audhkd_202608.json,2026-09-30T14:28:42+09:00
oanda_ny,AUD/HKD,2026-08-28,2026-08-31,1,3.7625,-77.441,10000,JPY,confirmed,https://www.oanda.jp/service/swappoint/swap_ny4_audhkd_202608.json,2026-09-30T14:28:42+09:00
oanda_ny,AUD/HKD,2026-08-31,2026-09-01,1,5.3216,-75.7433,10000,JPY,confirmed,https://www.oanda.jp/service/swappoint/swap_ny4_audhkd_202608.json,2026-09-30T14:28:42+09:00
oanda_ny,AUD/HKD,2026-09-01,2026-09-02,1,4.3812,-75.0924,10000,JPY,confirmed,https://www.oanda.jp/service/swappoint/swap_ny4_audhkd_202609.json,2026-09-30T14:28:57+09:00
oanda_ny,AUD/HKD,2026-09-02,2026-09-03,4,16.1816,-318.6805,10000,JPY,confirmed,https://www.oanda.jp/service/swappoint/swap_ny4_audhkd_202609.json,2026-09-30T14:28:57+09:00
oanda_ny,AUD/HKD,2026-09-03,2026-09-04,0,0.0,0.0,10000,JPY,confirmed,https://www.oanda.jp/service/swappoint/swap_ny4_audhkd_202609.json,2026-09-30T14:28:57+09:00
oanda_ny,AUD/HKD,2026-09-04,2026-09-07,1,16.0043,-85.5954,10000,JPY,confirmed,https://www.oanda.jp/service/swappoint/swap_ny4_audhkd_202609.json,2026-09-30T14:28:57+09:00
oanda_ny,AUD/HKD,2026-09-07,2026-09-08,1,5.1794,-79.838,10000,JPY,confirmed,https://www.oanda.jp/service/swappoint/swap_ny4_audhkd_202609.json,2026-09-30T14:28:57+09:00
oanda_ny,AUD/HKD,2026-09-08,2026-09-09,1,14.5857,-82.9833,10000,JPY,confirmed,https://www.oanda.jp/service/swappoint/swap_ny4_audhkd_202609.json,2026-09-30T14:28:57+09:00
oanda_ny,AUD/HKD,2026-09-09,2026-09-10,3,71.8197,-265.6112,10000,JPY,confirmed,https://www.oanda.jp/service/swappoint/swap_ny4_audhkd_202609.json,2026-09-30T14:28:57+09:00
oanda_ny,AUD/HKD,2026-09-10,2026-09-11,1,22.3664,-90.4312,10000,JPY,confirmed,https://www.oanda.jp/service/swappoint/swap_ny4_audhkd_202609.json,2026-09-30T14:28:57+09:00
oanda_ny,AUD/HKD,2026-09-11,2026-09-14,1,22.5766,-95.504,10000,JPY,confirmed,https://www.oanda.jp/service/swappoint/swap_ny4_audhkd_202609.json,2026-09-30T14:28:57+09:00
oanda_ny,AUD/HKD,2026-09-14,2026-09-15,1,28.0232,-95.9028,10000,JPY,confirmed,https://www.oanda.jp/service/swappoint/swap_ny4_audhkd_202609.json,2026-09-30T14:28:57+09:00
oanda_ny,AUD/HKD,2026-09-15,2026-09-16,1,23.2892,-94.1374,10000,JPY,confirmed,https://www.oanda.jp/service/swappoint/swap_ny4_audhkd_202609.json,2026-09-30T14:28:57+09:00
oanda_ny,AUD/HKD,2026-09-16,2026-09-17,3,90.8568,-292.8194,10000,JPY,confirmed,https://www.oanda.jp/service/swappoint/swap_ny4_audhkd_202609.json,2026-09-30T14:28:57+09:00
oanda_ny,AUD/HKD,2026-09-17,2026-09-18,1,32.1393,-105.9367,10000,JPY,confirmed,https://www.oanda.jp/service/swappoint/swap_ny4_audhkd_202609.json,2026-09-30T14:28:57+09:00
oanda_ny,AUD/HKD,2026-09-18,2026-09-21,1,28.426,-102.4983,10000,JPY,confirmed,https://www.oanda.jp/service/swappoint/swap_ny4_audhkd_202609.json,2026-09-30T14:28:57+09:00
oanda_ny,AUD/HKD,2026-09-21,2026-09-22,1,29.7171,-98.7362,10000,JPY,confirmed,https://www.oanda.jp/service/swappoint/swap_ny4_audhkd_202609.json,2026-09-30T14:28:57+09:00
oanda_ny,AUD/HKD,2026-09-22,2026-09-23,1,20.5147,-89.4582,10000,JPY,confirmed,https://www.oanda.jp/service/swappoint/swap_ny4_audhkd_202609.json,2026-09-30T14:28:57+09:00
oanda_ny,AUD/HKD,2026-09-23,2026-09-24,3,42.9718,-245.0949,10000,JPY,confirmed,https://www.oanda.jp/service/swappoint/swap_ny4_audhkd_202609.json,2026-09-30T14:28:57+09:00
oanda_ny,AUD/HKD,2026-09-24,2026-09-25,1,11.5736,-85.6208,10000,JPY,confirmed,https://www.oanda.jp/service/swappoint/swap_ny4_audhkd_202609.json,2026-09-30T14:28:57+09:00
oanda_ny,AUD/HKD,2026-09-25,2026-09-28,1,8.157,-81.2906,10000,JPY,confirmed,https://www.oanda.jp/service/swappoint/swap_ny4_audhkd_202609.json,2026-09-30T14:28:57+09:00
oanda_ny,AUD/HKD,2026-09-28,2026-09-29,2,-33.9556,-107.324,10000,JPY,confirmed,https://www.oanda.jp/service/swappoint/swap_ny4_audhkd_202609.json,2026-09-30T14:28:57+09:00
oanda_ny,AUD/HKD,2026-09-29,2026-09-30,4,91.3401,-375.2714,10000,JPY,confirmed,https://www.oanda.jp/service/swappoint/swap_ny4_audhkd_202609.json,2026-09-30T14:28:57+09:00
oanda_ny,CAD/HKD,2019-04-20,2019-04-22,0,0.0,0.0,10000,JPY,confirmed,https://www.oanda.jp/service/swappoint/swap_ny4_cadhkd_201904.json,2026-09-27T09:37:37+09:00
oanda_ny,CAD/HKD,2019-04-21,2019-04-22,0,0.0,0.0,10000,JPY,confirmed,https://www.oanda.jp/service/swappoint/swap_ny4_cadhkd_201904.json,2026-09-27T09:37:37+09:00
oanda_ny,CAD/HKD,2019-04-22,2019-04-23,1,-32.4057,-19.3055,10000,JPY,confirmed,https://www.oanda.jp/service/swappoint/swap_ny4_cadhkd_201904.json,2026-09-27T09:37:37+09:00
oanda_ny,CAD/HKD,2019-04-23,2019-04-24,1,-32.204,-19.1854,10000,JPY,confirmed,https://www.oanda.jp/service/swappoint/swap_ny4_cadhkd_201904.json,2026-09-27T09:37:37+09:00
oanda_ny,CAD/HKD,2019-04-24,2019-04-25,3,-96.4255,-57.445,10000,JPY,confirmed,https://www.oanda.jp/service/swappoint/swap_ny4_cadhkd_201904.json,2026-09-27T09:37:37+09:00
oanda_ny,CAD/HKD,2019-04-25,2019-04-26,1,-32.0047,-19.0666,10000,JPY,confirmed,https://www.oanda.jp/service/swappoint/swap_ny4_cadhkd_201904.json,2026-09-27T09:37:37+09:00
oanda_ny,CAD/HKD,2019-04-26,2019-04-29,2,-64.1654,-38.2262,10000,JPY,confirmed,https://www.oanda.jp/service/swappoint/swap_ny4_cadhkd_201904.json,2026-09-27T09:37:37+09:00
oanda_ny,CAD/HKD,2019-04-29,2019-04-30,1,-32.0588,-19.0988,10000,JPY,confirmed,https://www.oanda.jp/service/swappoint/swap_ny4_cadhkd_201904.json,2026-09-27T09:37:37+09:00
oanda_ny,CAD/HKD,2019-04-30,2019-05-01,0,0.0,0.0,10000,JPY,confirmed,https://www.oanda.jp/service/swappoint/swap_ny4_cadhkd_201904.json,2026-09-27T09:37:37+09:00
oanda_ny,CAD/HKD,2019-05-01,2019-05-02,3,-96.0813,-57.2399,10000,JPY,confirmed,https://www.oanda.jp/service/swappoint/swap_ny4_cadhkd_201905.json,2026-09-27T09:37:52+09:00
oanda_ny,CAD/HKD,2019-05-02,2019-05-03,1,-31.978,-19.0507,10000,JPY,confirmed,https://www.oanda.jp/service/swappoint/swap_ny4_cadhkd_201905.json,2026-09-27T09:37:52+09:00
oanda_ny,CAD/HKD,2019-05-03,2019-05-06,1,-31.9888,-19.0572,10000,JPY,confirmed,https://www.oanda.jp/service/swappoint/swap_ny4_cadhkd_201905.json,2026-09-27T09:37:52+09:00
oanda_ny,CAD/HKD,2019-05-06,2019-05-07,1,-31.8247,-18.9594,10000,JPY,confirmed,https://www.oanda.jp/service/swappoint/swap_ny4_cadhkd_201905.json,2026-09-27T09:37:52+09:00
oanda_ny,CAD/HKD,2019-05-07,2019-05-08,1,-31.6141,-18.834,10000,JPY,confirmed,https://www.oanda.jp/service/swappoint/swap_ny4_cadhkd_201905.json,2026-09-27T09:37:52+09:00
oanda_ny,CAD/HKD,2019-05-08,2019-05-09,4,-126.2742,-75.2272,10000,JPY,confirmed,https://www.oanda.jp/service/swappoint/swap_ny4_cadhkd_201905.json,2026-09-27T09:37:52+09:00
oanda_ny,CAD/HKD,2019-05-09,2019-05-10,1,-31.4751,-18.7511,10000,JPY,confirmed,https://www.oanda.jp/service/swappoint/swap_ny4_cadhkd_201905.json,2026-09-27T09:37:52+09:00
oanda_ny,CAD/HKD,2019-05-10,2019-05-13,0,0.0,0.0,10000,JPY,confirmed,https://www.oanda.jp/service/swappoint/swap_ny4_cadhkd_201905.json,2026-09-27T09:37:52+09:00
oanda_ny,CAD/HKD,2019-05-13,2019-05-14,1,-31.3333,-18.6666,10000,JPY,confirmed,https://www.oanda.jp/service/swappoint/swap_ny4_cadhkd_201905.json,2026-09-27T09:37:52+09:00
oanda_ny,CAD/HKD,2019-05-14,2019-05-15,1,-31.4569,-18.7403,10000,JPY,confirmed,https://www.oanda.jp/service/swappoint/swap_ny4_cadhkd_201905.json,2026-09-27T09:37:52+09:00
oanda_ny,CAD/HKD,2019-05-15,2019-05-16,4,-126.0579,-75.0983,10000,JPY,confirmed,https://www.oanda.jp/service/swappoint/swap_ny4_cadhkd_201905.json,2026-09-27T09:37:52+09:00
oanda_ny,CAD/HKD,2019-05-16,2019-05-17,0,0.0,0.0,10000,JPY,confirmed,https://www.oanda.jp/service/swappoint/swap_ny4_cadhkd_201905.json,2026-09-27T09:37:52+09:00
oanda_ny,CAD/HKD,2019-05-17,2019-05-20,1,-31.6161,-18.8351,10000,JPY,confirmed,https://www.oanda.jp/service/swappoint/swap_ny4_cadhkd_201905.json,2026-09-27T09:37:52+09:00
oanda_ny,CAD/HKD,2019-05-20,2019-05-21,1,-31.6663,-18.865,10000,JPY,confirmed,https://www.oanda.jp/service/swappoint/swap_ny4_cadhkd_201905.json,2026-09-27T09:37:52+09:00
oanda_ny,CAD/HKD,2019-05-21,2019-05-22,1,-31.8455,-18.9718,10000,JPY,confirmed,https://www.oanda.jp/service/swappoint/swap_ny4_cadhkd_201905.json,2026-09-27T09:37:52+09:00
oanda_ny,CAD/HKD,2019-05-22,2019-05-23,4,-127.0035,-75.6617,10000,JPY,confirmed,https://www.oanda.jp/service/swappoint/swap_ny4_cadhkd_201905.json,2026-09-27T09:37:52+09:00
oanda_ny,CAD/HKD,2019-05-23,2019-05-24,0,0.0,0.0,10000,JPY,confirmed,https://www.oanda.jp/service/swappoint/swap_ny4_cadhkd_201905.json,2026-09-27T09:37:52+09:00
oanda_ny,CAD/HKD,2019-05-24,2019-05-27,1,-31.4372,-18.7285,10000,JPY,confirmed,https://www.oanda.jp/service/swappoint/swap_ny4_cadhkd_201905.json,2026-09-27T09:37:52+09:00
oanda_ny,CAD/HKD,2019-05-27,2019-05-28,1,-31.4762,-18.7518,10000,JPY,confirmed,https://www.oanda.jp/service/swappoint/swap_ny4_cadhkd_201905.json,2026-09-27T09:37:52+09:00
oanda_ny,CAD/HKD,2019-05-28,2019-05-29,1,-31.3252,-18.6618,10000,JPY,confirmed,https://www.oanda.jp/service/swappoint/swap_ny4_cadhkd_201905.json,2026-09-27T09:37:52+09:00
oanda_ny,CAD/HKD,2019-05-29,2019-05-30,3,-93.9616,-55.9771,10000,JPY,confirmed,https://www.oanda.jp/service/swappoint/swap_ny4_cadhkd_201905.json,2026-09-27T09:37:52+09:00
oanda_ny,CAD/HKD,2019-05-30,2019-05-31,1,-31.3735,-18.6906,10000,JPY,confirmed,https://www.oanda.jp/service/swappoint/swap_ny4_cadhkd_201905.json,2026-09-27T09:37:52+09:00
oanda_ny,CAD/HKD,2019-05-31,2019-06-03,1,-30.9566,-18.4423,10000,JPY,confirmed,https://www.oanda.jp/service/swappoint/swap_ny4_cadhkd_201905.json,2026-09-27T09:37:52+09:00
oanda_ny,CAD/HKD,2019-06-03,2019-06-04,1,-31.0694,-18.5095,10000,JPY,confirmed,https://www.oanda.jp/service/swappoint/swap_ny4_cadhkd_201906.json,2026-09-27T09:38:07+09:00
oanda_ny,CAD/HKD,2019-06-04,2019-06-05,4,-124.8032,-74.3508,10000,JPY,confirmed,https://www.oanda.jp/service/swappoint/swap_ny4_cadhkd_201906.json,2026-09-27T09:38:07+09:00
oanda_ny,CAD/HKD,2019-06-05,2019-06-06,1,-31.2352,-18.6082,10000,JPY,confirmed,https://www.oanda.jp/service/swappoint/swap_ny4_cadhkd_201906.json,2026-09-27T09:38:07+09:00
oanda_ny,CAD/HKD,2019-06-06,2019-06-07,0,0.0,0.0,10000,JPY,confirmed,https://www.oanda.jp/service/swappoint/swap_ny4_cadhkd_201906.json,2026-09-27T09:38:07+09:00
oanda_ny,CAD/HKD,2019-06-07,2019-06-10,1,-31.54,-18.7898,10000,JPY,confirmed,https://www.oanda.jp/service/swappoint/swap_ny4_cadhkd_201906.json,2026-09-27T09:38:07+09:00
oanda_ny,CAD/HKD,2019-06-10,2019-06-11,1,-31.5836,-18.8158,10000,JPY,confirmed,https://www.oanda.jp/service/swappoint/swap_ny4_cadhkd_201906.json,2026-09-27T09:38:07+09:00
oanda_ny,CAD/HKD,2019-06-11,2019-06-12,1,-31.5631,-18.8036,10000,JPY,confirmed,https://www.oanda.jp/service/swappoint/swap_ny4_cadhkd_201906.json,2026-09-27T09:38:07+09:00
oanda_ny,CAD/HKD,2019-06-12,2019-06-13,3,-94.2908,-56.1732,10000,JPY,confirmed,https://www.oanda.jp/service/swappoint/swap_ny4_cadhkd_201906.json,2026-09-27T09:38:07+09:00
oanda_ny,CAD/HKD,2019-06-13,2019-06-14,1,-31.4376,-18.7288,10000,JPY,confirmed,https://www.oanda.jp/service/swappoint/swap_ny4_cadhkd_201906.json,2026-09-27T09:38:07+09:00
oanda_ny,CAD/HKD,2019-06-14,2019-06-17,1,-31.2823,-18.6363,10000,JPY,confirmed,https://www.oanda.jp/service/swappoint/swap_ny4_cadhkd_201906.json,2026-09-27T09:38:07+09:00
oanda_ny,CAD/HKD,2019-06-17,2019-06-18,1,-31.2715,-18.6298,10000,JPY,confirmed,https://www.oanda.jp/service/swappoint/swap_ny4_cadhkd_201906.json,2026-09-27T09:38:07+09:00
oanda_ny,CAD/HKD,2019-06-18,2019-06-19,1,-31.329,-18.6641,10000,JPY,confirmed,https://www.oanda.jp/service/swappoint/swap_ny4_cadhkd_201906.json,2026-09-27T09:38:07+09:00
oanda_ny,CAD/HKD,2019-06-19,2019-06-20,3,-94.3464,-56.2064,10000,JPY,confirmed,https://www.oanda.jp/service/swappoint/swap_ny4_cadhkd_201906.json,2026-09-27T09:38:07+09:00
oanda_ny,CAD/HKD,2019-06-20,2019-06-21,1,-31.4341,-18.7267,10000,JPY,confirmed,https://www.oanda.jp/service/swappoint/swap_ny4_cadhkd_201906.json,2026-09-27T09:38:07+09:00
oanda_ny,CAD/HKD,2019-06-21,2019-06-24,1,-31.3657,-18.686,10000,JPY,confirmed,https://www.oanda.jp/service/swappoint/swap_ny4_cadhkd_201906.json,2026-09-27T09:38:07+09:00
oanda_ny,CAD/HKD,2019-06-24,2019-06-25,1,-31.4557,-18.7396,10000,JPY,confirmed,https://www.oanda.jp/service/swappoint/swap_ny4_cadhkd_201906.json,2026-09-27T09:38:07+09:00
oanda_ny,CAD/HKD,2019-06-25,2019-06-26,1,-31.4747,-18.7509,10000,JPY,confirmed,https://www.oanda.jp/service/swappoint/swap_ny4_cadhkd_201906.json,2026-09-27T09:38:07+09:00
oanda_ny,CAD/HKD,2019-06-26,2019-06-27,4,-126.8954,-75.5972,10000,JPY,confirmed,https://www.oanda.jp/service/swappoint/swap_ny4_cadhkd_201906.json,2026-09-27T09:38:07+09:00
oanda_ny,CAD/HKD,2019-06-27,2019-06-28,1,-31.8065,-18.9486,10000,JPY,confirmed,https://www.oanda.jp/service/swappoint/swap_ny4_cadhkd_201906.json,2026-09-27T09:38:07+09:00
oanda_ny,CAD/HKD,2019-06-28,2019-07-01,0,0.0,0.0,10000,JPY,confirmed,https://www.oanda.jp/service/swappoint/swap_ny4_cadhkd_201906.json,2026-09-27T09:38:07+09:00
oanda_ny,CAD/HKD,2019-07-01,2019-07-02,1,-31.9015,-19.0052,10000,JPY,confirmed,https://www.oanda.jp/service/swappoint/swap_ny4_cadhkd_201907.json,2026-09-27T09:38:21+09:00
oanda_ny,CAD/HKD,2019-07-02,2019-07-03,1,-31.8115,-18.9516,10000,JPY,confirmed,https://www.oanda.jp/service/swappoint/swap_ny4_cadhkd_201907.json,2026-09-27T09:38:21+09:00
oanda_ny,CAD/HKD,2019-07-03,2019-07-04,3,-95.729,-57.03,10000,JPY,confirmed,https://www.oanda.jp/service/swappoint/swap_ny4_cadhkd_201907.json,2026-09-27T09:38:21+09:00
oanda_ny,CAD/HKD,2019-07-04,2019-07-05,1,-31.9263,-19.0199,10000,JPY,confirmed,https://www.oanda.jp/service/swappoint/swap_ny4_cadhkd_201907.json,2026-09-27T09:38:21+09:00
oanda_ny,CAD/HKD,2019-07-05,2019-07-08,1,-32.0433,-19.0896,10000,JPY,confirmed,https://www.oanda.jp/service/swappoint/swap_ny4_cadhkd_201907.json,2026-09-27T09:38:21+09:00
oanda_ny,CAD/HKD,2019-07-08,2019-07-09,1,-32.0742,-19.108,10000,JPY,confirmed,https://www.oanda.jp/service/swappoint/swap_ny4_cadhkd_201907.json,2026-09-27T09:38:21+09:00
oanda_ny,CAD/HKD,2019-07-09,2019-07-10,1,-32.0375,-19.0862,10000,JPY,confirmed,https://www.oanda.jp/service/swappoint/swap_ny4_cadhkd_201907.json,2026-09-27T09:38:21+09:00
oanda_ny,CAD/HKD,2019-07-10,2019-07-11,3,-96.1114,-57.2579,10000,JPY,confirmed,https://www.oanda.jp/service/swappoint/swap_ny4_cadhkd_201907.json,2026-09-27T09:38:21+09:00
oanda_ny,CAD/HKD,2019-07-11,2019-07-12,1,-32.0808,-19.112,10000,JPY,confirmed,https://www.oanda.jp/service/swappoint/swap_ny4_cadhkd_201907.json,2026-09-27T09:38:21+09:00
oanda_ny,CAD/HKD,2019-07-12,2019-07-15,1,-32.0039,-19.0662,10000,JPY,confirmed,https://www.oanda.jp/service/swappoint/swap_ny4_cadhkd_201907.json,2026-09-27T09:38:21+09:00
oanda_ny,CAD/HKD,2019-07-15,2019-07-16,1,-31.9576,-19.0385,10000,JPY,confirmed,https://www.oanda.jp/service/swappoint/swap_ny4_cadhkd_201907.json,2026-09-27T09:38:21+09:00
oanda_ny,CAD/HKD,2019-07-16,2019-07-17,1,-31.9568,-19.0381,10000,JPY,confirmed,https://www.oanda.jp/service/swappoint/swap_ny4_cadhkd_201907.json,2026-09-27T09:38:21+09:00
oanda_ny,CAD/HKD,2019-07-17,2019-07-18,3,-95.8727,-57.1156,10000,JPY,confirmed,https://www.oanda.jp/service/swappoint/swap_ny4_cadhkd_201907.json,2026-09-27T09:38:21+09:00
oanda_ny,CAD/HKD,2019-07-18,2019-07-19,1,-31.8251,-18.9596,10000,JPY,confirmed,https://www.oanda.jp/service/swappoint/swap_ny4_cadhkd_201907.json,2026-09-27T09:38:21+09:00
oanda_ny,CAD/HKD,2019-07-19,2019-07-22,1,-31.8741,-18.9888,10000,JPY,confirmed,https://www.oanda.jp/service/swappoint/swap_ny4_cadhkd_201907.json,2026-09-27T09:38:21+09:00
oanda_ny,CAD/HKD,2019-07-22,2019-07-23,1,-31.7671,-18.9251,10000,JPY,confirmed,https://www.oanda.jp/service/swappoint/swap_ny4_cadhkd_201907.json,2026-09-27T09:38:21+09:00
oanda_ny,CAD/HKD,2019-07-23,2019-07-24,1,-31.8629,-18.9822,10000,JPY,confirmed,https://www.oanda.jp/service/swappoint/swap_ny4_cadhkd_201907.json,2026-09-27T09:38:21+09:00
oanda_ny,CAD/HKD,2019-07-24,2019-07-25,3,-95.452,-56.865,10000,JPY,confirmed,https://www.oanda.jp/service/swappoint/swap_ny4_cadhkd_201907.json,2026-09-27T09:38:21+09:00
oanda_ny,CAD/HKD,2019-07-25,2019-07-26,1,-31.8834,-18.9944,10000,JPY,confirmed,https://www.oanda.jp/service/swappoint/swap_ny4_cadhkd_201907.json,2026-09-27T09:38:21+09:00
oanda_ny,CAD/HKD,2019-07-26,2019-07-29,1,-31.8977,-19.0029,10000,JPY,confirmed,https://www.oanda.jp/service/swappoint/swap_ny4_cadhkd_201907.json,2026-09-27T09:38:21+09:00
oanda_ny,CAD/HKD,2019-07-28,2019-07-29,0,0.0,0.0,10000,JPY,confirmed,https://www.oanda.jp/service/swappoint/swap_ny4_cadhkd_201907.json,2026-09-27T09:38:21+09:00
oanda_ny,CAD/HKD,2019-07-29,2019-07-30,1,-31.9475,-19.0326,10000,JPY,confirmed,https://www.oanda.jp/service/swappoint/swap_ny4_cadhkd_201907.json,2026-09-27T09:38:21+09:00
oanda_ny,CAD/HKD,2019-07-30,2019-07-31,1,-31.9359,-19.0257,10000,JPY,confirmed,https://www.oanda.jp/service/swappoint/swap_ny4_cadhkd_201907.json,2026-09-27T09:38:21+09:00
oanda_ny,CAD/HKD,2019-07-31,2019-08-01,4,-127.4903,-75.9516,10000,JPY,confirmed,https://www.oanda.jp/service/swappoint/swap_ny4_cadhkd_201907.json,2026-09-27T09:38:21+09:00
oanda_ny,CAD/HKD,2019-08-01,2019-08-02,0,0.0,0.0,10000,JPY,confirmed,https://www.oanda.jp/service/swappoint/swap_ny4_cadhkd_201908.json,2026-09-27T09:38:36+09:00
oanda_ny,CAD/HKD,2019-08-02,2019-08-05,1,-31.1946,-18.584,10000,JPY,confirmed,https://www.oanda.jp/service/swappoint/swap_ny4_cadhkd_201908.json,2026-09-27T09:38:36+09:00
oanda_ny,CAD/HKD,2019-08-05,2019-08-06,1,-31.0231,-18.4818,10000,JPY,confirmed,https://www.oanda.jp/service/swappoint/swap_ny4_cadhkd_201908.json,2026-09-27T09:38:36+09:00
oanda_ny,CAD/HKD,2019-08-06,2019-08-07,1,-30.9841,-18.4586,10000,JPY,confirmed,https://www.oanda.jp/service/swappoint/swap_ny4_cadhkd_201908.json,2026-09-27T09:38:36+09:00
oanda_ny,CAD/HKD,2019-08-07,2019-08-08,3,-92.6069,-55.17,10000,JPY,confirmed,https://www.oanda.jp/service/swappoint/swap_ny4_cadhkd_201908.json,2026-09-27T09:38:36+09:00
oanda_ny,CAD/HKD,2019-08-08,2019-08-09,1,-30.9899,-18.462,10000,JPY,confirmed,https://www.oanda.jp/service/swappoint/swap_ny4_cadhkd_201908.json,2026-09-27T09:38:36+09:00
oanda_ny,CAD/HKD,2019-08-09,2019-08-12,1,-30.8887,-18.4018,10000,JPY,confirmed,https://www.oanda.jp/service/swappoint/swap_ny4_cadhkd_201908.json,2026-09-27T09:38:36+09:00
oanda_ny,CAD/HKD,2019-08-12,2019-08-13,1,-30.7345,-18.3099,10000,JPY,confirmed,https://www.oanda.jp/service/swappoint/swap_ny4_cadhkd_201908.json,2026-09-27T09:38:36+09:00
oanda_ny,CAD/HKD,2019-08-13,2019-08-14,1,-31.1927,-18.5829,10000,JPY,confirmed,https://www.oanda.jp/service/swappoint/swap_ny4_cadhkd_201908.json,2026-09-27T09:38:36+09:00
oanda_ny,CAD/HKD,2019-08-14,2019-08-15,3,-92.1676,-54.9084,10000,JPY,confirmed,https://www.oanda.jp/service/swappoint/swap_ny4_cadhkd_201908.json,2026-09-27T09:38:36+09:00
oanda_ny,CAD/HKD,2019-08-15,2019-08-16,1,-30.8017,-18.35,10000,JPY,confirmed,https://www.oanda.jp/service/swappoint/swap_ny4_cadhkd_201908.json,2026-09-27T09:38:36+09:00
oanda_ny,CAD/HKD,2019-08-16,2019-08-19,1,-30.9988,-18.4673,10000,JPY,confirmed,https://www.oanda.jp/service/swappoint/swap_ny4_cadhkd_201908.json,2026-09-27T09:38:36+09:00
oanda_ny,CAD/HKD,2019-08-19,2019-08-20,1,-30.9254,-18.4236,10000,JPY,confirmed,https://www.oanda.jp/service/swappoint/swap_ny4_cadhkd_201908.json,2026-09-27T09:38:36+09:00
oanda_ny,CAD/HKD,2019-08-20,2019-08-21,1,-30.8187,-18.3601,10000,JPY,confirmed,https://www.oanda.jp/service/swappoint/swap_ny4_cadhkd_201908.json,2026-09-27T09:38:36+09:00
oanda_ny,CAD/HKD,2019-08-21,2019-08-22,3,-92.9951,-55.4013,10000,JPY,confirmed,https://www.oanda.jp/service/swappoint/swap_ny4_cadhkd_201908.json,2026-09-27T09:38:36+09:00
oanda_ny,CAD/HKD,2019-08-22,2019-08-23,1,-30.9227,-18.422,10000,JPY,confirmed,https://www.oanda.jp/service/swappoint/swap_ny4_cadhkd_201908.json,2026-09-27T09:38:36+09:00
oanda_ny,CAD/HKD,2019-08-23,2019-08-26,1,-30.6851,-18.2805,10000,JPY,confirmed,https://www.oanda.jp/service/swappoint/swap_ny4_cadhkd_201908.json,2026-09-27T09:38:36+09:00
oanda_ny,CAD/HKD,2019-08-26,2019-08-27,1,-30.9424,-18.4337,10000,JPY,confirmed,https://www.oanda.jp/service/swappoint/swap_ny4_cadhkd_201908.json,2026-09-27T09:38:36+09:00
oanda_ny,CAD/HKD,2019-08-27,2019-08-28,1,-30.7666,-18.329,10000,JPY,confirmed,https://www.oanda.jp/service/swappoint/swap_ny4_cadhkd_201908.json,2026-09-27T09:38:36+09:00
oanda_ny,CAD/HKD,2019-08-28,2019-08-29,4,-123.2626,-73.433,10000,JPY,confirmed,https://www.oanda.jp/service/swappoint/swap_ny4_cadhkd_201908.json,2026-09-27T09:38:36+09:00
oanda_ny,CAD/HKD,2019-08-29,2019-08-30,0,0.0,0.0,10000,JPY,confirmed,https://www.oanda.jp/service/swappoint/swap_ny4_cadhkd_201908.json,2026-09-27T09:38:36+09:00
oanda_ny,CAD/HKD,2019-08-30,2019-09-02,1,-30.886,-18.4001,10000,JPY,confirmed,https://www.oanda.jp/service/swappoint/swap_ny4_cadhkd_201908.json,2026-09-27T09:38:36+09:00
oanda_ny,CAD/HKD,2019-09-02,2019-09-03,1,-30.8064,-18.3527,10000,JPY,confirmed,https://www.oanda.jp/service/swappoint/swap_ny4_cadhkd_201909.json,2026-09-27T09:38:51+09:00
oanda_ny,CAD/HKD,2019-09-03,2019-09-04,1,-30.6978,-18.2881,10000,JPY,confirmed,https://www.oanda.jp/service/swappoint/swap_ny4_cadhkd_201909.json,2026-09-27T09:38:51+09:00
oanda_ny,CAD/HKD,2019-09-04,2019-09-05,3,-93.381,-55.6312,10000,JPY,confirmed,https://www.oanda.jp/service/swappoint/swap_ny4_cadhkd_201909.json,2026-09-27T09:38:51+09:00
oanda_ny,CAD/HKD,2019-09-05,2019-09-06,1,-31.2429,-18.6128,10000,JPY,confirmed,https://www.oanda.jp/service/swappoint/swap_ny4_cadhkd_201909.json,2026-09-27T09:38:51+09:00
oanda_ny,CAD/HKD,2019-09-06,2019-09-09,1,-31.3727,-18.6901,10000,JPY,confirmed,https://www.oanda.jp/service/swappoint/swap_ny4_cadhkd_201909.json,2026-09-27T09:38:51+09:00
oanda_ny,CAD/HKD,2019-09-09,2019-09-10,1,-31.4677,-18.7467,10000,JPY,confirmed,https://www.oanda.jp/service/swappoint/swap_ny4_cadhkd_201909.json,2026-09-27T09:38:51+09:00
oanda_ny,CAD/HKD,2019-09-10,2019-09-11,1,-31.5975,-18.8241,10000,JPY,confirmed,https://www.oanda.jp/service/swappoint/swap_ny4_cadhkd_201909.json,2026-09-27T09:38:51+09:00
oanda_ny,CAD/HKD,2019-09-11,2019-09-12,3,-94.7485,-56.4459,10000,JPY,confirmed,https://www.oanda.jp/service/swappoint/swap_ny4_cadhkd_201909.json,2026-09-27T09:38:51+09:00
oanda_ny,CAD/HKD,2019-09-12,2019-09-13,1,-31.6346,-18.8461,10000,JPY,confirmed,https://www.oanda.jp/service/swappoint/swap_ny4_cadhkd_201909.json,2026-09-27T09:38:51+09:00
oanda_ny,CAD/HKD,2019-09-13,2019-09-16,1,-31.4627,-18.7437,10000,JPY,confirmed,https://www.oanda.jp/service/swappoint/swap_ny4_cadhkd_201909.json,2026-09-27T09:38:51+09:00
oanda_ny,CAD/HKD,2019-09-16,2019-09-17,1,-31.5678,-18.8063,10000,JPY,confirmed,https://www.oanda.jp/service/swappoint/swap_ny4_cadhkd_201909.json,2026-09-27T09:38:51+09:00
oanda_ny,CAD/HKD,2019-09-17,2019-09-18,1,-31.5446,-18.7925,10000,JPY,confirmed,https://www.oanda.jp/service/swappoint/swap_ny4_cadhkd_201909.json,2026-09-27T09:38:51+09:00
oanda_ny,CAD/HKD,2019-09-18,2019-09-19,3,-94.5955,-56.3548,10000,JPY,confirmed,https://www.oanda.jp/service/swappoint/swap_ny4_cadhkd_201909.json,2026-09-27T09:38:51+09:00
oanda_ny,CAD/HKD,2019-09-19,2019-09-20,1,-31.4932,-18.7619,10000,JPY,confirmed,https://www.oanda.jp/service/swappoint/swap_ny4_cadhkd_201909.json,2026-09-27T09:38:51+09:00
oanda_ny,CAD/HKD,2019-09-20,2019-09-23,1,-31.3441,-18.6731,10000,JPY,confirmed,https://www.oanda.jp/service/swappoint/swap_ny4_cadhkd_201909.json,2026-09-27T09:38:51+09:00
oanda_ny,CAD/HKD,2019-09-23,2019-09-24,1,-31.3642,-18.6851,10000,JPY,confirmed,https://www.oanda.jp/service/swappoint/swap_ny4_cadhkd_201909.json,2026-09-27T09:38:51+09:00
oanda_ny,CAD/HKD,2019-09-24,2019-09-25,1,-31.2464,-18.6149,10000,JPY,confirmed,https://www.oanda.jp/service/swappoint/swap_ny4_cadhkd_201909.json,2026-09-27T09:38:51+09:00
oanda_ny,CAD/HKD,2019-09-25,2019-09-26,3,-94.1459,-56.0869,10000,JPY,confirmed,https://www.oanda.jp/service/swappoint/swap_ny4_cadhkd_201909.json,2026-09-27T09:38:51+09:00
oanda_ny,CAD/HKD,2019-09-26,2019-09-27,2,-62.8234,-37.4267,10000,JPY,confirmed,https://www.oanda.jp/service/swappoint/swap_ny4_cadhkd_201909.json,2026-09-27T09:38:51+09:00
oanda_ny,CAD/HKD,2019-09-27,2019-09-30,1,-31.5048,-18.7688,10000,JPY,confirmed,https://www.oanda.jp/service/swappoint/swap_ny4_cadhkd_201909.json,2026-09-27T09:38:51+09:00
oanda_ny,CAD/HKD,2019-09-30,2019-10-01,0,0.0,0.0,10000,JPY,confirmed,https://www.oanda.jp/service/swappoint/swap_ny4_cadhkd_201909.json,2026-09-27T09:38:51+09:00
oanda_ny,CAD/HKD,2019-10-01,2019-10-02,1,-31.4847,-18.7569,10000,JPY,confirmed,https://www.oanda.jp/service/swappoint/swap_ny4_cadhkd_201910.json,2026-09-27T09:39:05+09:00
oanda_ny,CAD/HKD,2019-10-02,2019-10-03,4,-124.3118,-74.0581,10000,JPY,confirmed,https://www.oanda.jp/service/swappoint/swap_ny4_cadhkd_201910.json,2026-09-27T09:39:05+09:00
oanda_ny,CAD/HKD,2019-10-03,2019-10-04,1,-30.9783,-18.4551,10000,JPY,confirmed,https://www.oanda.jp/service/swappoint/swap_ny4_cadhkd_201910.json,2026-09-27T09:39:05+09:00
oanda_ny,CAD/HKD,2019-10-04,2019-10-07,0,0.0,0.0,10000,JPY,confirmed,https://www.oanda.jp/service/swappoint/swap_ny4_cadhkd_201910.json,2026-09-27T09:39:05+09:00
oanda_ny,CAD/HKD,2019-10-07,2019-10-08,1,-31.1324,-18.547,10000,JPY,confirmed,https://www.oanda.jp/service/swappoint/swap_ny4_cadhkd_201910.json,2026-09-27T09:39:05+09:00
oanda_ny,CAD/HKD,2019-10-08,2019-10-09,1,-31.0474,-18.4963,10000,JPY,confirmed,https://www.oanda.jp/service/swappoint/swap_ny4_cadhkd_201910.json,2026-09-27T09:39:05+09:00
oanda_ny,CAD/HKD,2019-10-09,2019-10-10,4,-124.5822,-74.2192,10000,JPY,confirmed,https://www.oanda.jp/service/swappoint/swap_ny4_cadhkd_201910.json,2026-09-27T09:39:05+09:00
oanda_ny,CAD/HKD,2019-10-11,2019-10-14,1,-31.7238,-18.8993,10000,JPY,confirmed,https://www.oanda.jp/service/swappoint/swap_ny4_cadhkd_201910.json,2026-09-27T09:39:05+09:00
oanda_ny,CAD/HKD,2019-10-14,2019-10-15,1,-31.647,-18.8535,10000,JPY,confirmed,https://www.oanda.jp/service/swappoint/swap_ny4_cadhkd_201910.json,2026-09-27T09:39:05+09:00
oanda_ny,CAD/HKD,2019-10-15,2019-10-16,1,-31.8687,-18.9856,10000,JPY,confirmed,https://www.oanda.jp/service/swappoint/swap_ny4_cadhkd_201910.json,2026-09-27T09:39:05+09:00
oanda_ny,CAD/HKD,2019-10-16,2019-10-17,3,-95.5679,-56.934,10000,JPY,confirmed,https://www.oanda.jp/service/swappoint/swap_ny4_cadhkd_201910.json,2026-09-27T09:39:05+09:00
oanda_ny,CAD/HKD,2019-10-17,2019-10-18,1,-31.9641,-19.0425,10000,JPY,confirmed,https://www.oanda.jp/service/swappoint/swap_ny4_cadhkd_201910.json,2026-09-27T09:39:05+09:00
oanda_ny,CAD/HKD,2019-10-18,2019-10-21,1,-31.951,-19.0346,10000,JPY,confirmed,https://www.oanda.jp/service/swappoint/swap_ny4_cadhkd_201910.json,2026-09-27T09:39:05+09:00
oanda_ny,CAD/HKD,2019-10-21,2019-10-22,1,-32.0696,-19.1053,10000,JPY,confirmed,https://www.oanda.jp/service/swappoint/swap_ny4_cadhkd_201910.json,2026-09-27T09:39:05+09:00
oanda_ny,CAD/HKD,2019-10-22,2019-10-23,1,-32.0406,-19.088,10000,JPY,confirmed,https://www.oanda.jp/service/swappoint/swap_ny4_cadhkd_201910.json,2026-09-27T09:39:05+09:00
oanda_ny,CAD/HKD,2019-10-23,2019-10-24,3,-96.3826,-57.4194,10000,JPY,confirmed,https://www.oanda.jp/service/swappoint/swap_ny4_cadhkd_201910.json,2026-09-27T09:39:05+09:00
oanda_ny,CAD/HKD,2019-10-24,2019-10-25,1,-32.1101,-19.1294,10000,JPY,confirmed,https://www.oanda.jp/service/swappoint/swap_ny4_cadhkd_201910.json,2026-09-27T09:39:05+09:00
oanda_ny,CAD/HKD,2019-10-25,2019-10-28,1,-32.1553,-19.1564,10000,JPY,confirmed,https://www.oanda.jp/service/swappoint/swap_ny4_cadhkd_201910.json,2026-09-27T09:39:05+09:00
oanda_ny,CAD/HKD,2019-10-28,2019-10-29,1,-32.2481,-19.2116,10000,JPY,confirmed,https://www.oanda.jp/service/swappoint/swap_ny4_cadhkd_201910.json,2026-09-27T09:39:05+09:00
oanda_ny,CAD/HKD,2019-10-29,2019-10-30,1,-32.1495,-19.1529,10000,JPY,confirmed,https://www.oanda.jp/service/swappoint/swap_ny4_cadhkd_201910.json,2026-09-27T09:39:05+09:00
oanda_ny,CAD/HKD,2019-10-30,2019-10-31,3,-95.9329,-57.1515,10000,JPY,confirmed,https://www.oanda.jp/service/swappoint/swap_ny4_cadhkd_201910.json,2026-09-27T09:39:05+09:00
oanda_ny,CAD/HKD,2019-10-31,2019-11-01,1,-31.7126,-18.8926,10000,JPY,confirmed,https://www.oanda.jp/service/swappoint/swap_ny4_cadhkd_201910.json,2026-09-27T09:39:05+09:00
oanda_ny,CAD/HKD,2019-11-01,2019-11-04,1,-31.8127,-18.9522,10000,JPY,confirmed,https://www.oanda.jp/service/swappoint/swap_ny4_cadhkd_201911.json,2026-09-27T09:39:20+09:00
oanda_ny,CAD/HKD,2019-11-04,2019-11-05,1,-31.8984,-19.0033,10000,JPY,confirmed,https://www.oanda.jp/service/swappoint/swap_ny4_cadhkd_201911.json,2026-09-27T09:39:20+09:00
oanda_ny,CAD/HKD,2019-11-05,2019-11-06,1,-32.0603,-19.0998,10000,JPY,confirmed,https://www.oanda.jp/service/swappoint/swap_ny4_cadhkd_201911.json,2026-09-27T09:39:20+09:00
oanda_ny,CAD/HKD,2019-11-06,2019-11-07,4,-127.7792,-76.1238,10000,JPY,confirmed,https://www.oanda.jp/service/swappoint/swap_ny4_cadhkd_201911.json,2026-09-27T09:39:20+09:00
oanda_ny,CAD/HKD,2019-11-07,2019-11-08,0,0.0,0.0,10000,JPY,confirmed,https://www.oanda.jp/service/swappoint/swap_ny4_cadhkd_201911.json,2026-09-27T09:39:20+09:00
oanda_ny,CAD/HKD,2019-11-08,2019-11-11,1,-31.9189,-19.0155,10000,JPY,confirmed,https://www.oanda.jp/service/swappoint/swap_ny4_cadhkd_201911.json,2026-09-27T09:39:20+09:00
oanda_ny,CAD/HKD,2019-11-11,2019-11-12,1,-67.9773,-16.9379,10000,JPY,confirmed,https://www.oanda.jp/service/swappoint/swap_ny4_cadhkd_201911.json,2026-09-27T09:39:20+09:00
oanda_ny,CAD/HKD,2019-11-12,2019-11-13,1,-53.7593,-18.5221,10000,JPY,confirmed,https://www.oanda.jp/service/swappoint/swap_ny4_cadhkd_201911.json,2026-09-27T09:39:20+09:00
oanda_ny,CAD/HKD,2019-11-13,2019-11-14,3,-200.7464,-2.9257,10000,JPY,confirmed,https://www.oanda.jp/service/swappoint/swap_ny4_cadhkd_201911.json,2026-09-27T09:39:20+09:00
oanda_ny,CAD/HKD,2019-11-14,2019-11-15,1,-74.2274,-9.6428,10000,JPY,confirmed,https://www.oanda.jp/service/swappoint/swap_ny4_cadhkd_201911.json,2026-09-27T09:39:20+09:00
oanda_ny,CAD/HKD,2019-11-15,2019-11-18,1,-75.7703,-34.7281,10000,JPY,confirmed,https://www.oanda.jp/service/swappoint/swap_ny4_cadhkd_201911.json,2026-09-27T09:39:20+09:00
oanda_ny,CAD/HKD,2019-11-18,2019-11-19,1,-65.6337,-19.848,10000,JPY,confirmed,https://www.oanda.jp/service/swappoint/swap_ny4_cadhkd_201911.json,2026-09-27T09:39:20+09:00
oanda_ny,CAD/HKD,2019-11-19,2019-11-20,1,-64.1228,-21.0753,10000,JPY,confirmed,https://www.oanda.jp/service/swappoint/swap_ny4_cadhkd_201911.json,2026-09-27T09:39:20+09:00
oanda_ny,CAD/HKD,2019-11-20,2019-11-21,3,-169.5843,-11.1863,10000,JPY,confirmed,https://www.oanda.jp/service/swappoint/swap_ny4_cadhkd_201911.json,2026-09-27T09:39:20+09:00
oanda_ny,CAD/HKD,2019-11-21,2019-11-22,1,-59.1555,-25.7685,10000,JPY,confirmed,https://www.oanda.jp/service/swappoint/swap_ny4_cadhkd_201911.json,2026-09-27T09:39:20+09:00
oanda_ny,CAD/HKD,2019-11-22,2019-11-25,1,-52.3942,-32.6904,10000,JPY,confirmed,https://www.oanda.jp/service/swappoint/swap_ny4_cadhkd_201911.json,2026-09-27T09:39:20+09:00
oanda_ny,CAD/HKD,2019-11-24,2019-11-25,0,0.0,0.0,10000,JPY,confirmed,https://www.oanda.jp/service/swappoint/swap_ny4_cadhkd_201911.json,2026-09-27T09:39:20+09:00
oanda_ny,CAD/HKD,2019-11-25,2019-11-26,1,-33.0041,-27.3912,10000,JPY,confirmed,https://www.oanda.jp/service/swappoint/swap_ny4_cadhkd_201911.json,2026-09-27T09:39:20+09:00
oanda_ny,CAD/HKD,2019-11-26,2019-11-27,1,-23.4165,-6.9799,10000,JPY,confirmed,https://www.oanda.jp/service/swappoint/swap_ny4_cadhkd_201911.json,2026-09-27T09:39:20+09:00
oanda_ny,CAD/HKD,2019-11-27,2019-11-28,3,-178.8635,-20.8033,10000,JPY,confirmed,https://www.oanda.jp/service/swappoint/swap_ny4_cadhkd_201911.json,2026-09-27T09:39:20+09:00
oanda_ny,CAD/HKD,2019-11-28,2019-11-29,1,-72.1316,-50.8765,10000,JPY,confirmed,https://www.oanda.jp/service/swappoint/swap_ny4_cadhkd_201911.json,2026-09-27T09:39:20+09:00
oanda_ny,CAD/HKD,2019-11-29,2019-12-02,1,-54.7411,-41.1689,10000,JPY,confirmed,https://www.oanda.jp/service/swappoint/swap_ny4_cadhkd_201911.json,2026-09-27T09:39:20+09:00
oanda_ny,CAD/HKD,2019-12-02,2019-12-03,1,-38.5935,-37.2472,10000,JPY,confirmed,https://www.oanda.jp/service/swappoint/swap_ny4_cadhkd_201912.json,2026-09-27T09:39:35+09:00
oanda_ny,CAD/HKD,2019-12-03,2019-12-04,1,-28.8932,-36.5084,10000,JPY,confirmed,https://www.oanda.jp/service/swappoint/swap_ny4_cadhkd_201912.json,2026-09-27T09:39:35+09:00
oanda_ny,CAD/HKD,2019-12-04,2019-12-05,3,-110.0967,-131.3474,10000,JPY,confirmed,https://www.oanda.jp/service/swappoint/swap_ny4_cadhkd_201912.json,2026-09-27T09:39:35+09:00
oanda_ny,CAD/HKD,2019-12-05,2019-12-06,1,-25.569,-42.9921,10000,JPY,confirmed,https://www.oanda.jp/service/swappoint/swap_ny4_cadhkd_201912.json,2026-09-27T09:39:35+09:00
oanda_ny,CAD/HKD,2019-12-06,2019-12-09,1,-27.6275,-39.3074,10000,JPY,confirmed,https://www.oanda.jp/service/swappoint/swap_ny4_cadhkd_201912.json,2026-09-27T09:39:35+09:00
oanda_ny,CAD/HKD,2019-12-08,2019-12-09,0,0.0,0.0,10000,JPY,confirmed,https://www.oanda.jp/service/swappoint/swap_ny4_cadhkd_201912.json,2026-09-27T09:39:35+09:00
oanda_ny,CAD/HKD,2019-12-09,2019-12-10,1,-41.1198,-44.0409,10000,JPY,confirmed,https://www.oanda.jp/service/swappoint/swap_ny4_cadhkd_201912.json,2026-09-27T09:39:35+09:00
oanda_ny,CAD/HKD,2019-12-10,2019-12-11,1,-37.1738,-38.9762,10000,JPY,confirmed,https://www.oanda.jp/service/swappoint/swap_ny4_cadhkd_201912.json,2026-09-27T09:39:35+09:00
oanda_ny,CAD/HKD,2019-12-11,2019-12-12,3,-79.9924,-91.2907,10000,JPY,confirmed,https://www.oanda.jp/service/swappoint/swap_ny4_cadhkd_201912.json,2026-09-27T09:39:35+09:00
oanda_ny,CAD/HKD,2019-12-12,2019-12-13,1,-36.6017,-39.3298,10000,JPY,confirmed,https://www.oanda.jp/service/swappoint/swap_ny4_cadhkd_201912.json,2026-09-27T09:39:35+09:00
oanda_ny,CAD/HKD,2019-12-13,2019-12-16,1,-53.2699,-32.3262,10000,JPY,confirmed,https://www.oanda.jp/service/swappoint/swap_ny4_cadhkd_201912.json,2026-09-27T09:39:35+09:00
oanda_ny,CAD/HKD,2019-12-16,2019-12-17,1,-68.0028,-38.3371,10000,JPY,confirmed,https://www.oanda.jp/service/swappoint/swap_ny4_cadhkd_201912.json,2026-09-27T09:39:35+09:00
oanda_ny,CAD/HKD,2019-12-17,2019-12-18,1,-76.3809,-29.8684,10000,JPY,confirmed,https://www.oanda.jp/service/swappoint/swap_ny4_cadhkd_201912.json,2026-09-27T09:39:35+09:00
oanda_ny,CAD/HKD,2019-12-18,2019-12-19,3,-167.226,-38.2558,10000,JPY,confirmed,https://www.oanda.jp/service/swappoint/swap_ny4_cadhkd_201912.json,2026-09-27T09:39:35+09:00
oanda_ny,CAD/HKD,2019-12-19,2019-12-20,1,-65.7634,-21.6928,10000,JPY,confirmed,https://www.oanda.jp/service/swappoint/swap_ny4_cadhkd_201912.json,2026-09-27T09:39:35+09:00
oanda_ny,CAD/HKD,2019-12-20,2019-12-23,3,-148.79,-50.4334,10000,JPY,confirmed,https://www.oanda.jp/service/swappoint/swap_ny4_cadhkd_201912.json,2026-09-27T09:39:35+09:00
oanda_ny,CAD/HKD,2019-12-23,2019-12-24,3,-274.5615,4.5585,10000,JPY,confirmed,https://www.oanda.jp/service/swappoint/swap_ny4_cadhkd_201912.json,2026-09-27T09:39:35+09:00
oanda_ny,CAD/HKD,2019-12-24,2019-12-25,0,0.0,0.0,10000,JPY,confirmed,https://www.oanda.jp/service/swappoint/swap_ny4_cadhkd_201912.json,2026-09-27T09:39:35+09:00
oanda_ny,CAD/HKD,2019-12-25,2019-12-26,0,0.0,0.0,10000,JPY,confirmed,https://www.oanda.jp/service/swappoint/swap_ny4_cadhkd_201912.json,2026-09-27T09:39:35+09:00
oanda_ny,CAD/HKD,2019-12-26,2019-12-27,1,-398.8318,-248.9261,10000,JPY,confirmed,https://www.oanda.jp/service/swappoint/swap_ny4_cadhkd_201912.json,2026-09-27T09:39:35+09:00
oanda_ny,CAD/HKD,2019-12-27,2019-12-30,2,-608.5389,222.8783,10000,JPY,confirmed,https://www.oanda.jp/service/swappoint/swap_ny4_cadhkd_201912.json,2026-09-27T09:39:35+09:00
oanda_ny,CAD/HKD,2019-12-30,2019-12-31,1,-134.275,-16.6702,10000,JPY,confirmed,https://www.oanda.jp/service/swappoint/swap_ny4_cadhkd_201912.json,2026-09-27T09:39:35+09:00
oanda_ny,CAD/HKD,2019-12-31,2020-01-01,0,0.0,0.0,10000,JPY,confirmed,https://www.oanda.jp/service/swappoint/swap_ny4_cadhkd_201912.json,2026-09-27T09:39:35+09:00
oanda_ny,CAD/HKD,2020-01-01,2020-01-02,3,-404.5746,-50.2278,10000,JPY,confirmed,https://www.oanda.jp/service/swappoint/swap_ny4_cadhkd_202001.json,2026-09-27T09:39:50+09:00
oanda_ny,CAD/HKD,2020-01-02,2020-01-03,1,-59.4139,-29.8216,10000,JPY,confirmed,https://www.oanda.jp/service/swappoint/swap_ny4_cadhkd_202001.json,2026-09-27T09:39:50+09:00
oanda_ny,CAD/HKD,2020-01-03,2020-01-06,1,-53.3398,-26.8979,10000,JPY,confirmed,https://www.oanda.jp/service/swappoint/swap_ny4_cadhkd_202001.json,2026-09-27T09:39:50+09:00
oanda_ny,CAD/HKD,2020-01-06,2020-01-07,1,-49.2444,-21.3011,10000,JPY,confirmed,https://www.oanda.jp/service/swappoint/swap_ny4_cadhkd_202001.json,2026-09-27T09:39:50+09:00
oanda_ny,CAD/HKD,2020-01-07,2020-01-08,1,-48.0095,-31.0918,10000,JPY,confirmed,https://www.oanda.jp/service/swappoint/swap_ny4_cadhkd_202001.json,2026-09-27T09:39:50+09:00
oanda_ny,CAD/HKD,2020-01-08,2020-01-09,3,-110.7645,-56.1849,10000,JPY,confirmed,https://www.oanda.jp/service/swappoint/swap_ny4_cadhkd_202001.json,2026-09-27T09:39:50+09:00
oanda_ny,CAD/HKD,2020-01-09,2020-01-10,1,-53.3352,-35.4035,10000,JPY,confirmed,https://www.oanda.jp/service/swappoint/swap_ny4_cadhkd_202001.json,2026-09-27T09:39:50+09:00
oanda_ny,CAD/HKD,2020-01-10,2020-01-13,1,-59.0903,-28.9703,10000,JPY,confirmed,https://www.oanda.jp/service/swappoint/swap_ny4_cadhkd_202001.json,2026-09-27T09:39:50+09:00
oanda_ny,CAD/HKD,2020-01-13,2020-01-14,1,-49.1458,-42.6853,10000,JPY,confirmed,https://www.oanda.jp/service/swappoint/swap_ny4_cadhkd_202001.json,2026-09-27T09:39:50+09:00
oanda_ny,CAD/HKD,2020-01-14,2020-01-15,1,-29.7693,-50.5386,10000,JPY,confirmed,https://www.oanda.jp/service/swappoint/swap_ny4_cadhkd_202001.json,2026-09-27T09:39:50+09:00
oanda_ny,CAD/HKD,2020-01-15,2020-01-16,4,-79.431,-141.0824,10000,JPY,confirmed,https://www.oanda.jp/service/swappoint/swap_ny4_cadhkd_202001.json,2026-09-27T09:39:50+09:00
oanda_ny,CAD/HKD,2020-01-16,2020-01-17,0,0.0,0.0,10000,JPY,confirmed,https://www.oanda.jp/service/swappoint/swap_ny4_cadhkd_202001.json,2026-09-27T09:39:50+09:00
oanda_ny,CAD/HKD,2020-01-17,2020-01-20,1,-60.5428,-47.3713,10000,JPY,confirmed,https://www.oanda.jp/service/swappoint/swap_ny4_cadhkd_202001.json,2026-09-27T09:39:50+09:00
oanda_ny,CAD/HKD,2020-01-20,2020-01-21,1,-43.9676,-26.3805,10000,JPY,confirmed,https://www.oanda.jp/service/swappoint/swap_ny4_cadhkd_202001.json,2026-09-27T09:39:50+09:00
oanda_ny,CAD/HKD,2020-01-21,2020-01-22,1,-62.2006,-45.3834,10000,JPY,confirmed,https://www.oanda.jp/service/swappoint/swap_ny4_cadhkd_202001.json,2026-09-27T09:39:50+09:00
oanda_ny,CAD/HKD,2020-01-22,2020-01-23,5,-178.5062,-116.6363,10000,JPY,confirmed,https://www.oanda.jp/service/swappoint/swap_ny4_cadhkd_202001.json,2026-09-27T09:39:50+09:00
oanda_ny,CAD/HKD,2020-01-23,2020-01-24,1,-80.4768,-64.7016,10000,JPY,confirmed,https://www.oanda.jp/service/swappoint/swap_ny4_cadhkd_202001.json,2026-09-27T09:39:50+09:00
oanda_ny,CAD/HKD,2020-01-24,2020-01-27,0,0.0,0.0,10000,JPY,confirmed,https://www.oanda.jp/service/swappoint/swap_ny4_cadhkd_202001.json,2026-09-27T09:39:50+09:00
oanda_ny,CAD/HKD,2020-01-27,2020-01-28,0,0.0,0.0,10000,JPY,confirmed,https://www.oanda.jp/service/swappoint/swap_ny4_cadhkd_202001.json,2026-09-27T09:39:50+09:00
oanda_ny,CAD/HKD,2020-01-28,2020-01-29,1,-78.8869,-65.4738,10000,JPY,confirmed,https://www.oanda.jp/service/swappoint/swap_ny4_cadhkd_202001.json,2026-09-27T09:39:50+09:00
oanda_ny,CAD/HKD,2020-01-29,2020-01-30,3,-153.5642,-29.218,10000,JPY,confirmed,https://www.oanda.jp/service/swappoint/swap_ny4_cadhkd_202001.json,2026-09-27T09:39:50+09:00
oanda_ny,CAD/HKD,2020-01-30,2020-01-31,1,-54.7159,-21.2533,10000,JPY,confirmed,https://www.oanda.jp/service/swappoint/swap_ny4_cadhkd_202001.json,2026-09-27T09:39:50+09:00
oanda_ny,CAD/HKD,2020-01-31,2020-02-03,1,-45.1182,-21.1,10000,JPY,confirmed,https://www.oanda.jp/service/swappoint/swap_ny4_cadhkd_202001.json,2026-09-27T09:39:50+09:00
oanda_ny,CAD/HKD,2020-02-03,2020-02-04,1,-37.65,-29.358,10000,JPY,confirmed,https://www.oanda.jp/service/swappoint/swap_ny4_cadhkd_202002.json,2026-09-27T09:40:04+09:00
oanda_ny,CAD/HKD,2020-02-04,2020-02-05,1,-37.2968,-39.5572,10000,JPY,confirmed,https://www.oanda.jp/service/swappoint/swap_ny4_cadhkd_202002.json,2026-09-27T09:40:04+09:00
oanda_ny,CAD/HKD,2020-02-05,2020-02-06,3,-78.6321,-93.3615,10000,JPY,confirmed,https://www.oanda.jp/service/swappoint/swap_ny4_cadhkd_202002.json,2026-09-27T09:40:04+09:00
oanda_ny,CAD/HKD,2020-02-06,2020-02-07,1,-20.1915,-46.7355,10000,JPY,confirmed,https://www.oanda.jp/service/swappoint/swap_ny4_cadhkd_202002.json,2026-09-27T09:40:04+09:00
oanda_ny,CAD/HKD,2020-02-07,2020-02-10,1,-30.7483,-45.8964,10000,JPY,confirmed,https://www.oanda.jp/service/swappoint/swap_ny4_cadhkd_202002.json,2026-09-27T09:40:04+09:00
oanda_ny,CAD/HKD,2020-02-10,2020-02-11,1,-31.168,-46.0744,10000,JPY,confirmed,https://www.oanda.jp/service/swappoint/swap_ny4_cadhkd_202002.json,2026-09-27T09:40:04+09:00
oanda_ny,CAD/HKD,2020-02-11,2020-02-12,1,-32.3756,-54.3367,10000,JPY,confirmed,https://www.oanda.jp/service/swappoint/swap_ny4_cadhkd_202002.json,2026-09-27T09:40:04+09:00
oanda_ny,CAD/HKD,2020-02-12,2020-02-13,4,-68.9902,-162.1156,10000,JPY,confirmed,https://www.oanda.jp/service/swappoint/swap_ny4_cadhkd_202002.json,2026-09-27T09:40:04+09:00
oanda_ny,CAD/HKD,2020-02-13,2020-02-14,0,0.0,0.0,10000,JPY,confirmed,https://www.oanda.jp/service/swappoint/swap_ny4_cadhkd_202002.json,2026-09-27T09:40:04+09:00
oanda_ny,CAD/HKD,2020-02-14,2020-02-17,1,-38.5979,-47.6798,10000,JPY,confirmed,https://www.oanda.jp/service/swappoint/swap_ny4_cadhkd_202002.json,2026-09-27T09:40:04+09:00
oanda_ny,CAD/HKD,2020-02-17,2020-02-18,1,-30.0298,-37.5373,10000,JPY,confirmed,https://www.oanda.jp/service/swappoint/swap_ny4_cadhkd_202002.json,2026-09-27T09:40:04+09:00
oanda_ny,CAD/HKD,2020-02-18,2020-02-19,1,-29.7435,-37.4631,10000,JPY,confirmed,https://www.oanda.jp/service/swappoint/swap_ny4_cadhkd_202002.json,2026-09-27T09:40:04+09:00
oanda_ny,CAD/HKD,2020-02-19,2020-02-20,3,-61.3957,-105.9422,10000,JPY,confirmed,https://www.oanda.jp/service/swappoint/swap_ny4_cadhkd_202002.json,2026-09-27T09:40:04+09:00
oanda_ny,CAD/HKD,2020-02-20,2020-02-21,1,-36.375,-51.4347,10000,JPY,confirmed,https://www.oanda.jp/service/swappoint/swap_ny4_cadhkd_202002.json,2026-09-27T09:40:04+09:00
oanda_ny,CAD/HKD,2020-02-21,2020-02-24,1,-28.4521,-40.018,10000,JPY,confirmed,https://www.oanda.jp/service/swappoint/swap_ny4_cadhkd_202002.json,2026-09-27T09:40:04+09:00
oanda_ny,CAD/HKD,2020-02-24,2020-02-25,1,-36.0617,-52.0383,10000,JPY,confirmed,https://www.oanda.jp/service/swappoint/swap_ny4_cadhkd_202002.json,2026-09-27T09:40:04+09:00
oanda_ny,CAD/HKD,2020-02-25,2020-02-26,1,-37.9863,-48.4496,10000,JPY,confirmed,https://www.oanda.jp/service/swappoint/swap_ny4_cadhkd_202002.json,2026-09-27T09:40:04+09:00
oanda_ny,CAD/HKD,2020-02-26,2020-02-27,3,-76.9224,-85.5449,10000,JPY,confirmed,https://www.oanda.jp/service/swappoint/swap_ny4_cadhkd_202002.json,2026-09-27T09:40:04+09:00
oanda_ny,CAD/HKD,2020-02-27,2020-02-28,1,-21.0908,-38.3672,10000,JPY,confirmed,https://www.oanda.jp/service/swappoint/swap_ny4_cadhkd_202002.json,2026-09-27T09:40:04+09:00
oanda_ny,CAD/HKD,2020-02-28,2020-03-02,1,-26.5447,-41.8078,10000,JPY,confirmed,https://www.oanda.jp/service/swappoint/swap_ny4_cadhkd_202002.json,2026-09-27T09:40:04+09:00
oanda_ny,CAD/HKD,2020-03-02,2020-03-03,1,-34.7602,-50.8034,10000,JPY,confirmed,https://www.oanda.jp/service/swappoint/swap_ny4_cadhkd_202003.json,2026-09-27T09:40:19+09:00
oanda_ny,CAD/HKD,2020-03-03,2020-03-04,1,-35.1233,-54.6606,10000,JPY,confirmed,https://www.oanda.jp/service/swappoint/swap_ny4_cadhkd_202003.json,2026-09-27T09:40:19+09:00
oanda_ny,CAD/HKD,2020-03-04,2020-03-05,3,-76.8307,-122.841,10000,JPY,confirmed,https://www.oanda.jp/service/swappoint/swap_ny4_cadhkd_202003.json,2026-09-27T09:40:19+09:00
oanda_ny,CAD/HKD,2020-03-05,2020-03-06,1,-30.3677,-54.6619,10000,JPY,confirmed,https://www.oanda.jp/service/swappoint/swap_ny4_cadhkd_202003.json,2026-09-27T09:40:19+09:00
oanda_ny,CAD/HKD,2020-03-06,2020-03-09,1,-35.522,-54.6824,10000,JPY,confirmed,https://www.oanda.jp/service/swappoint/swap_ny4_cadhkd_202003.json,2026-09-27T09:40:19+09:00
oanda_ny,CAD/HKD,2020-03-09,2020-03-10,1,-40.1349,-48.7352,10000,JPY,confirmed,https://www.oanda.jp/service/swappoint/swap_ny4_cadhkd_202003.json,2026-09-27T09:40:19+09:00
oanda_ny,CAD/HKD,2020-03-10,2020-03-11,1,-29.7421,-51.2577,10000,JPY,confirmed,https://www.oanda.jp/service/swappoint/swap_ny4_cadhkd_202003.json,2026-09-27T09:40:19+09:00
oanda_ny,CAD/HKD,2020-03-11,2020-03-12,3,-46.8142,-128.3749,10000,JPY,confirmed,https://www.oanda.jp/service/swappoint/swap_ny4_cadhkd_202003.json,2026-09-27T09:40:19+09:00
oanda_ny,CAD/HKD,2020-03-12,2020-03-13,1,-27.5992,-56.8462,10000,JPY,confirmed,https://www.oanda.jp/service/swappoint/swap_ny4_cadhkd_202003.json,2026-09-27T09:40:19+09:00
oanda_ny,CAD/HKD,2020-03-13,2020-03-16,1,-63.4129,-45.8458,10000,JPY,confirmed,https://www.oanda.jp/service/swappoint/swap_ny4_cadhkd_202003.json,2026-09-27T09:40:19+09:00
oanda_ny,CAD/HKD,2020-03-16,2020-03-17,1,-81.5958,-64.4068,10000,JPY,confirmed,https://www.oanda.jp/service/swappoint/swap_ny4_cadhkd_202003.json,2026-09-27T09:40:19+09:00
oanda_ny,CAD/HKD,2020-03-17,2020-03-18,1,-50.5041,-56.5313,10000,JPY,confirmed,https://www.oanda.jp/service/swappoint/swap_ny4_cadhkd_202003.json,2026-09-27T09:40:19+09:00
oanda_ny,CAD/HKD,2020-03-18,2020-03-19,3,-108.9715,-142.7056,10000,JPY,confirmed,https://www.oanda.jp/service/swappoint/swap_ny4_cadhkd_202003.json,2026-09-27T09:40:19+09:00
oanda_ny,CAD/HKD,2020-03-19,2020-03-20,1,-90.0979,-109.9571,10000,JPY,confirmed,https://www.oanda.jp/service/swappoint/swap_ny4_cadhkd_202003.json,2026-09-27T09:40:19+09:00
oanda_ny,CAD/HKD,2020-03-20,2020-03-23,1,-76.2887,-62.7638,10000,JPY,confirmed,https://www.oanda.jp/service/swappoint/swap_ny4_cadhkd_202003.json,2026-09-27T09:40:19+09:00
oanda_ny,CAD/HKD,2020-03-23,2020-03-24,1,-229.7688,-215.8816,10000,JPY,confirmed,https://www.oanda.jp/service/swappoint/swap_ny4_cadhkd_202003.json,2026-09-27T09:40:19+09:00
oanda_ny,CAD/HKD,2020-03-24,2020-03-25,1,-124.1386,-89.9952,10000,JPY,confirmed,https://www.oanda.jp/service/swappoint/swap_ny4_cadhkd_202003.json,2026-09-27T09:40:19+09:00
oanda_ny,CAD/HKD,2020-03-25,2020-03-26,3,-224.1854,-100.9264,10000,JPY,confirmed,https://www.oanda.jp/service/swappoint/swap_ny4_cadhkd_202003.json,2026-09-27T09:40:19+09:00
oanda_ny,CAD/HKD,2020-03-26,2020-03-27,1,-167.5042,-127.1831,10000,JPY,confirmed,https://www.oanda.jp/service/swappoint/swap_ny4_cadhkd_202003.json,2026-09-27T09:40:19+09:00
oanda_ny,CAD/HKD,2020-03-27,2020-03-30,1,-346.2941,-166.3736,10000,JPY,confirmed,https://www.oanda.jp/service/swappoint/swap_ny4_cadhkd_202003.json,2026-09-27T09:40:19+09:00
oanda_ny,CAD/HKD,2020-03-30,2020-03-31,1,-162.525,-113.7049,10000,JPY,confirmed,https://www.oanda.jp/service/swappoint/swap_ny4_cadhkd_202003.json,2026-09-27T09:40:19+09:00
oanda_ny,CAD/HKD,2020-03-31,2020-04-01,1,-124.1286,-93.3061,10000,JPY,confirmed,https://www.oanda.jp/service/swappoint/swap_ny4_cadhkd_202003.json,2026-09-27T09:40:19+09:00
oanda_ny,CAD/HKD,2020-04-01,2020-04-02,3,-267.1698,-123.134,10000,JPY,confirmed,https://www.oanda.jp/service/swappoint/swap_ny4_cadhkd_202004.json,2026-09-27T09:40:34+09:00
oanda_ny,CAD/HKD,2020-04-02,2020-04-03,1,-82.249,-25.742,10000,JPY,confirmed,https://www.oanda.jp/service/swappoint/swap_ny4_cadhkd_202004.json,2026-09-27T09:40:34+09:00
oanda_ny,CAD/HKD,2020-04-03,2020-04-06,1,-123.6996,-67.3009,10000,JPY,confirmed,https://www.oanda.jp/service/swappoint/swap_ny4_cadhkd_202004.json,2026-09-27T09:40:34+09:00
oanda_ny,CAD/HKD,2020-04-06,2020-04-07,1,-75.5091,-30.9672,10000,JPY,confirmed,https://www.oanda.jp/service/swappoint/swap_ny4_cadhkd_202004.json,2026-09-27T09:40:34+09:00
oanda_ny,CAD/HKD,2020-04-07,2020-04-08,5,-289.2614,-74.9779,10000,JPY,confirmed,https://www.oanda.jp/service/swappoint/swap_ny4_cadhkd_202004.json,2026-09-27T09:40:34+09:00
oanda_ny,CAD/HKD,2020-04-08,2020-04-09,1,-75.5547,-21.283,10000,JPY,confirmed,https://www.oanda.jp/service/swappoint/swap_ny4_cadhkd_202004.json,2026-09-27T09:40:34+09:00
oanda_ny,CAD/HKD,2020-04-09,2020-04-10,0,0.0,0.0,10000,JPY,confirmed,https://www.oanda.jp/service/swappoint/swap_ny4_cadhkd_202004.json,2026-09-27T09:40:34+09:00
oanda_ny,CAD/HKD,2020-04-10,2020-04-13,0,0.0,0.0,10000,JPY,confirmed,https://www.oanda.jp/service/swappoint/swap_ny4_cadhkd_202004.json,2026-09-27T09:40:34+09:00
oanda_ny,CAD/HKD,2020-04-13,2020-04-14,1,-134.2524,-66.4889,10000,JPY,confirmed,https://www.oanda.jp/service/swappoint/swap_ny4_cadhkd_202004.json,2026-09-27T09:40:34+09:00
oanda_ny,CAD/HKD,2020-04-14,2020-04-15,1,-83.1879,-11.6421,10000,JPY,confirmed,https://www.oanda.jp/service/swappoint/swap_ny4_cadhkd_202004.json,2026-09-27T09:40:34+09:00
oanda_ny,CAD/HKD,2020-04-15,2020-04-16,3,-161.5985,-8.5601,10000,JPY,confirmed,https://www.oanda.jp/service/swappoint/swap_ny4_cadhkd_202004.json,2026-09-27T09:40:34+09:00
oanda_ny,CAD/HKD,2020-04-16,2020-04-17,1,-69.5191,-20.3727,10000,JPY,confirmed,https://www.oanda.jp/service/swappoint/swap_ny4_cadhkd_202004.json,2026-09-27T09:40:34+09:00
oanda_ny,CAD/HKD,2020-04-17,2020-04-20,1,-58.359,-17.6973,10000,JPY,confirmed,https://www.oanda.jp/service/swappoint/swap_ny4_cadhkd_202004.json,2026-09-27T09:40:34+09:00
oanda_ny,CAD/HKD,2020-04-20,2020-04-21,1,-76.2995,-13.9674,10000,JPY,confirmed,https://www.oanda.jp/service/swappoint/swap_ny4_cadhkd_202004.json,2026-09-27T09:40:34+09:00
oanda_ny,CAD/HKD,2020-04-21,2020-04-22,1,-74.1924,-15.171,10000,JPY,confirmed,https://www.oanda.jp/service/swappoint/swap_ny4_cadhkd_202004.json,2026-09-27T09:40:34+09:00
oanda_ny,CAD/HKD,2020-04-22,2020-04-23,3,-187.2392,-36.6972,10000,JPY,confirmed,https://www.oanda.jp/service/swappoint/swap_ny4_cadhkd_202004.json,2026-09-27T09:40:34+09:00
oanda_ny,CAD/HKD,2020-04-23,2020-04-24,1,-78.8003,-33.7416,10000,JPY,confirmed,https://www.oanda.jp/service/swappoint/swap_ny4_cadhkd_202004.json,2026-09-27T09:40:34+09:00
oanda_ny,CAD/HKD,2020-04-24,2020-04-27,1,-74.6658,-35.9734,10000,JPY,confirmed,https://www.oanda.jp/service/swappoint/swap_ny4_cadhkd_202004.json,2026-09-27T09:40:34+09:00
oanda_ny,CAD/HKD,2020-04-27,2020-04-28,5,-289.7897,-45.8886,10000,JPY,confirmed,https://www.oanda.jp/service/swappoint/swap_ny4_cadhkd_202004.json,2026-09-27T09:40:34+09:00
oanda_ny,CAD/HKD,2020-04-28,2020-04-29,1,-67.9909,-36.1921,10000,JPY,confirmed,https://www.oanda.jp/service/swappoint/swap_ny4_cadhkd_202004.json,2026-09-27T09:40:34+09:00
oanda_ny,CAD/HKD,2020-04-29,2020-04-30,0,0.0,0.0,10000,JPY,confirmed,https://www.oanda.jp/service/swappoint/swap_ny4_cadhkd_202004.json,2026-09-27T09:40:34+09:00
oanda_ny,CAD/HKD,2020-04-30,2020-05-01,0,0.0,0.0,10000,JPY,confirmed,https://www.oanda.jp/service/swappoint/swap_ny4_cadhkd_202004.json,2026-09-27T09:40:34+09:00
oanda_ny,CAD/HKD,2020-05-01,2020-05-04,1,-92.3484,-68.4293,10000,JPY,confirmed,https://www.oanda.jp/service/swappoint/swap_ny4_cadhkd_202005.json,2026-09-27T09:40:48+09:00
oanda_ny,CAD/HKD,2020-05-04,2020-05-05,1,-46.9213,-34.6719,10000,JPY,confirmed,https://www.oanda.jp/service/swappoint/swap_ny4_cadhkd_202005.json,2026-09-27T09:40:48+09:00
oanda_ny,CAD/HKD,2020-05-05,2020-05-06,1,-43.6696,-30.7767,10000,JPY,confirmed,https://www.oanda.jp/service/swappoint/swap_ny4_cadhkd_202005.json,2026-09-27T09:40:48+09:00
oanda_ny,CAD/HKD,2020-05-06,2020-05-07,3,-104.4017,-73.1634,10000,JPY,confirmed,https://www.oanda.jp/service/swappoint/swap_ny4_cadhkd_202005.json,2026-09-27T09:40:48+09:00
oanda_ny,CAD/HKD,2020-05-07,2020-05-08,1,-43.973,-29.5932,10000,JPY,confirmed,https://www.oanda.jp/service/swappoint/swap_ny4_cadhkd_202005.json,2026-09-27T09:40:48+09:00
oanda_ny,CAD/HKD,2020-05-08,2020-05-11,1,-49.1317,-39.6833,10000,JPY,confirmed,https://www.oanda.jp/service/swappoint/swap_ny4_cadhkd_202005.json,2026-09-27T09:40:48+09:00
oanda_ny,CAD/HKD,2020-05-11,2020-05-12,1,-50.5341,-39.7956,10000,JPY,confirmed,https://www.oanda.jp/service/swappoint/swap_ny4_cadhkd_202005.json,2026-09-27T09:40:48+09:00
oanda_ny,CAD/HKD,2020-05-12,2020-05-13,1,-51.1016,-37.7526,10000,JPY,confirmed,https://www.oanda.jp/service/swappoint/swap_ny4_cadhkd_202005.json,2026-09-27T09:40:48+09:00
oanda_ny,CAD/HKD,2020-05-13,2020-05-14,4,-143.9379,-87.5692,10000,JPY,confirmed,https://www.oanda.jp/service/swappoint/swap_ny4_cadhkd_202005.json,2026-09-27T09:40:48+09:00
oanda_ny,CAD/HKD,2020-05-14,2020-05-15,0,0.0,0.0,10000,JPY,confirmed,https://www.oanda.jp/service/swappoint/swap_ny4_cadhkd_202005.json,2026-09-27T09:40:48+09:00
oanda_ny,CAD/HKD,2020-05-15,2020-05-18,1,-45.3482,-42.852,10000,JPY,confirmed,https://www.oanda.jp/service/swappoint/swap_ny4_cadhkd_202005.json,2026-09-27T09:40:48+09:00
oanda_ny,CAD/HKD,2020-05-18,2020-05-19,1,-43.4767,-40.3109,10000,JPY,confirmed,https://www.oanda.jp/service/swappoint/swap_ny4_cadhkd_202005.json,2026-09-27T09:40:48+09:00
oanda_ny,CAD/HKD,2020-05-19,2020-05-20,1,-38.7333,-36.1934,10000,JPY,confirmed,https://www.oanda.jp/service/swappoint/swap_ny4_cadhkd_202005.json,2026-09-27T09:40:48+09:00
oanda_ny,CAD/HKD,2020-05-20,2020-05-21,4,-131.7013,-103.2827,10000,JPY,confirmed,https://www.oanda.jp/service/swappoint/swap_ny4_cadhkd_202005.json,2026-09-27T09:40:48+09:00
oanda_ny,CAD/HKD,2020-05-21,2020-05-22,0,0.0,0.0,10000,JPY,confirmed,https://www.oanda.jp/service/swappoint/swap_ny4_cadhkd_202005.json,2026-09-27T09:40:48+09:00
oanda_ny,CAD/HKD,2020-05-22,2020-05-25,1,-126.06,-96.7585,10000,JPY,confirmed,https://www.oanda.jp/service/swappoint/swap_ny4_cadhkd_202005.json,2026-09-27T09:40:48+09:00
oanda_ny,CAD/HKD,2020-05-25,2020-05-26,1,-83.4262,-74.9779,10000,JPY,confirmed,https://www.oanda.jp/service/swappoint/swap_ny4_cadhkd_202005.json,2026-09-27T09:40:48+09:00
oanda_ny,CAD/HKD,2020-05-26,2020-05-27,1,-63.1373,-63.5653,10000,JPY,confirmed,https://www.oanda.jp/service/swappoint/swap_ny4_cadhkd_202005.json,2026-09-27T09:40:48+09:00
oanda_ny,CAD/HKD,2020-05-27,2020-05-28,3,-126.2186,-91.4441,10000,JPY,confirmed,https://www.oanda.jp/service/swappoint/swap_ny4_cadhkd_202005.json,2026-09-27T09:40:48+09:00
oanda_ny,CAD/HKD,2020-05-28,2020-05-29,1,-68.1522,-58.7223,10000,JPY,confirmed,https://www.oanda.jp/service/swappoint/swap_ny4_cadhkd_202005.json,2026-09-27T09:40:48+09:00
oanda_ny,CAD/HKD,2020-05-29,2020-06-01,1,-59.4988,-53.9141,10000,JPY,confirmed,https://www.oanda.jp/service/swappoint/swap_ny4_cadhkd_202005.json,2026-09-27T09:40:48+09:00
oanda_ny,CAD/HKD,2020-06-01,2020-06-02,1,-60.058,-55.0532,10000,JPY,confirmed,https://www.oanda.jp/service/swappoint/swap_ny4_cadhkd_202006.json,2026-09-27T09:41:03+09:00
oanda_ny,CAD/HKD,2020-06-02,2020-06-03,1,-59.1441,-57.3786,10000,JPY,confirmed,https://www.oanda.jp/service/swappoint/swap_ny4_cadhkd_202006.json,2026-09-27T09:41:03+09:00
oanda_ny,CAD/HKD,2020-06-03,2020-06-04,3,-105.4482,-91.4918,10000,JPY,confirmed,https://www.oanda.jp/service/swappoint/swap_ny4_cadhkd_202006.json,2026-09-27T09:41:03+09:00
oanda_ny,CAD/HKD,2020-06-04,2020-06-05,1,-49.9375,-43.0572,10000,JPY,confirmed,https://www.oanda.jp/service/swappoint/swap_ny4_cadhkd_202006.json,2026-09-27T09:41:03+09:00
oanda_ny,CAD/HKD,2020-06-05,2020-06-08,1,-63.5514,-44.9783,10000,JPY,confirmed,https://www.oanda.jp/service/swappoint/swap_ny4_cadhkd_202006.json,2026-09-27T09:41:03+09:00
oanda_ny,CAD/HKD,2020-06-08,2020-06-09,1,-47.3759,-37.3669,10000,JPY,confirmed,https://www.oanda.jp/service/swappoint/swap_ny4_cadhkd_202006.json,2026-09-27T09:41:03+09:00
oanda_ny,CAD/HKD,2020-06-09,2020-06-10,1,-49.8318,-43.658,10000,JPY,confirmed,https://www.oanda.jp/service/swappoint/swap_ny4_cadhkd_202006.json,2026-09-27T09:41:03+09:00
oanda_ny,CAD/HKD,2020-06-10,2020-06-11,3,-90.7803,-84.8598,10000,JPY,confirmed,https://www.oanda.jp/service/swappoint/swap_ny4_cadhkd_202006.json,2026-09-27T09:41:03+09:00
oanda_ny,CAD/HKD,2020-06-11,2020-06-12,1,-40.6805,-40.8957,10000,JPY,confirmed,https://www.oanda.jp/service/swappoint/swap_ny4_cadhkd_202006.json,2026-09-27T09:41:03+09:00
oanda_ny,CAD/HKD,2020-06-12,2020-06-15,1,-49.2472,-44.0405,10000,JPY,confirmed,https://www.oanda.jp/service/swappoint/swap_ny4_cadhkd_202006.json,2026-09-27T09:41:03+09:00
oanda_ny,CAD/HKD,2020-06-15,2020-06-16,1,-44.0639,-32.7766,10000,JPY,confirmed,https://www.oanda.jp/service/swappoint/swap_ny4_cadhkd_202006.json,2026-09-27T09:41:03+09:00
oanda_ny,CAD/HKD,2020-06-16,2020-06-17,1,-47.8699,-33.2913,10000,JPY,confirmed,https://www.oanda.jp/service/swappoint/swap_ny4_cadhkd_202006.json,2026-09-27T09:41:03+09:00
oanda_ny,CAD/HKD,2020-06-17,2020-06-18,3,-94.4218,-76.8801,10000,JPY,confirmed,https://www.oanda.jp/service/swappoint/swap_ny4_cadhkd_202006.json,2026-09-27T09:41:03+09:00
oanda_ny,CAD/HKD,2020-06-18,2020-06-19,1,-45.1299,-40.5953,10000,JPY,confirmed,https://www.oanda.jp/service/swappoint/swap_ny4_cadhkd_202006.json,2026-09-27T09:41:03+09:00
oanda_ny,CAD/HKD,2020-06-19,2020-06-22,1,-44.4176,-32.1273,10000,JPY,confirmed,https://www.oanda.jp/service/swappoint/swap_ny4_cadhkd_202006.json,2026-09-27T09:41:03+09:00
oanda_ny,CAD/HKD,2020-06-22,2020-06-23,2,-80.0913,-52.7431,10000,JPY,confirmed,https://www.oanda.jp/service/swappoint/swap_ny4_cadhkd_202006.json,2026-09-27T09:41:03+09:00
oanda_ny,CAD/HKD,2020-06-23,2020-06-24,3,-103.3685,-76.1776,10000,JPY,confirmed,https://www.oanda.jp/service/swappoint/swap_ny4_cadhkd_202006.json,2026-09-27T09:41:03+09:00
oanda_ny,CAD/HKD,2020-06-24,2020-06-25,0,0.0,0.0,10000,JPY,confirmed,https://www.oanda.jp/service/swappoint/swap_ny4_cadhkd_202006.json,2026-09-27T09:41:03+09:00
oanda_ny,CAD/HKD,2020-06-25,2020-06-26,1,-70.7718,-66.4564,10000,JPY,confirmed,https://www.oanda.jp/service/swappoint/swap_ny4_cadhkd_202006.json,2026-09-27T09:41:03+09:00
oanda_ny,CAD/HKD,2020-06-26,2020-06-29,2,-95.0465,-37.2015,10000,JPY,confirmed,https://www.oanda.jp/service/swappoint/swap_ny4_cadhkd_202006.json,2026-09-27T09:41:03+09:00
oanda_ny,CAD/HKD,2020-06-29,2020-06-30,1,-45.6173,-41.7258,10000,JPY,confirmed,https://www.oanda.jp/service/swappoint/swap_ny4_cadhkd_202006.json,2026-09-27T09:41:03+09:00
oanda_ny,CAD/HKD,2020-06-30,2020-07-01,0,0.0,0.0,10000,JPY,confirmed,https://www.oanda.jp/service/swappoint/swap_ny4_cadhkd_202006.json,2026-09-27T09:41:03+09:00
oanda_ny,CAD/HKD,2020-07-01,2020-07-02,3,-164.1414,-140.0413,10000,JPY,confirmed,https://www.oanda.jp/service/swappoint/swap_ny4_cadhkd_202007.json,2026-09-27T09:41:18+09:00
oanda_ny,CAD/HKD,2020-07-02,2020-07-03,1,-42.4269,-34.5943,10000,JPY,confirmed,https://www.oanda.jp/service/swappoint/swap_ny4_cadhkd_202007.json,2026-09-27T09:41:18+09:00
oanda_ny,CAD/HKD,2020-07-03,2020-07-06,1,-44.8711,-32.6732,10000,JPY,confirmed,https://www.oanda.jp/service/swappoint/swap_ny4_cadhkd_202007.json,2026-09-27T09:41:18+09:00
oanda_ny,CAD/HKD,2020-07-06,2020-07-07,1,-45.2908,-32.8794,10000,JPY,confirmed,https://www.oanda.jp/service/swappoint/swap_ny4_cadhkd_202007.json,2026-09-27T09:41:18+09:00
oanda_ny,CAD/HKD,2020-07-07,2020-07-08,1,-44.91,-31.6756,10000,JPY,confirmed,https://www.oanda.jp/service/swappoint/swap_ny4_cadhkd_202007.json,2026-09-27T09:41:18+09:00
oanda_ny,CAD/HKD,2020-07-08,2020-07-09,3,-104.3744,-65.806,10000,JPY,confirmed,https://www.oanda.jp/service/swappoint/swap_ny4_cadhkd_202007.json,2026-09-27T09:41:18+09:00
oanda_ny,CAD/HKD,2020-07-09,2020-07-10,1,-42.2444,-34.0121,10000,JPY,confirmed,https://www.oanda.jp/service/swappoint/swap_ny4_cadhkd_202007.json,2026-09-27T09:41:18+09:00
oanda_ny,CAD/HKD,2020-07-10,2020-07-13,1,-39.9526,-35.8493,10000,JPY,confirmed,https://www.oanda.jp/service/swappoint/swap_ny4_cadhkd_202007.json,2026-09-27T09:41:18+09:00
oanda_ny,CAD/HKD,2020-07-13,2020-07-14,1,-43.9379,-36.5789,10000,JPY,confirmed,https://www.oanda.jp/service/swappoint/swap_ny4_cadhkd_202007.json,2026-09-27T09:41:18+09:00
oanda_ny,CAD/HKD,2020-07-14,2020-07-15,1,-51.6774,-43.4609,10000,JPY,confirmed,https://www.oanda.jp/service/swappoint/swap_ny4_cadhkd_202007.json,2026-09-27T09:41:18+09:00
oanda_ny,CAD/HKD,2020-07-15,2020-07-16,3,-96.0464,-80.6181,10000,JPY,confirmed,https://www.oanda.jp/service/swappoint/swap_ny4_cadhkd_202007.json,2026-09-27T09:41:18+09:00
oanda_ny,CAD/HKD,2020-07-16,2020-07-17,1,-38.18,-37.963,10000,JPY,confirmed,https://www.oanda.jp/service/swappoint/swap_ny4_cadhkd_202007.json,2026-09-27T09:41:18+09:00
oanda_ny,CAD/HKD,2020-07-17,2020-07-20,1,-37.2192,-38.734,10000,JPY,confirmed,https://www.oanda.jp/service/swappoint/swap_ny4_cadhkd_202007.json,2026-09-27T09:41:18+09:00
oanda_ny,CAD/HKD,2020-07-20,2020-07-21,1,-38.0798,-38.515,10000,JPY,confirmed,https://www.oanda.jp/service/swappoint/swap_ny4_cadhkd_202007.json,2026-09-27T09:41:18+09:00
oanda_ny,CAD/HKD,2020-07-21,2020-07-22,1,-38.777,-37.9056,10000,JPY,confirmed,https://www.oanda.jp/service/swappoint/swap_ny4_cadhkd_202007.json,2026-09-27T09:41:18+09:00
oanda_ny,CAD/HKD,2020-07-22,2020-07-23,3,-90.3282,-94.9323,10000,JPY,confirmed,https://www.oanda.jp/service/swappoint/swap_ny4_cadhkd_202007.json,2026-09-27T09:41:18+09:00
oanda_ny,CAD/HKD,2020-07-23,2020-07-24,1,-37.6338,-38.7278,10000,JPY,confirmed,https://www.oanda.jp/service/swappoint/swap_ny4_cadhkd_202007.json,2026-09-27T09:41:18+09:00
oanda_ny,CAD/HKD,2020-07-24,2020-07-27,1,-41.6983,-44.5216,10000,JPY,confirmed,https://www.oanda.jp/service/swappoint/swap_ny4_cadhkd_202007.json,2026-09-27T09:41:18+09:00
oanda_ny,CAD/HKD,2020-07-27,2020-07-28,1,-36.1753,-40.0745,10000,JPY,confirmed,https://www.oanda.jp/service/swappoint/swap_ny4_cadhkd_202007.json,2026-09-27T09:41:18+09:00
oanda_ny,CAD/HKD,2020-07-28,2020-07-29,1,-36.8705,-39.0266,10000,JPY,confirmed,https://www.oanda.jp/service/swappoint/swap_ny4_cadhkd_202007.json,2026-09-27T09:41:18+09:00
oanda_ny,CAD/HKD,2020-07-29,2020-07-30,4,-109.2951,-108.2151,10000,JPY,confirmed,https://www.oanda.jp/service/swappoint/swap_ny4_cadhkd_202007.json,2026-09-27T09:41:18+09:00
oanda_ny,CAD/HKD,2020-07-30,2020-07-31,0,0.0,0.0,10000,JPY,confirmed,https://www.oanda.jp/service/swappoint/swap_ny4_cadhkd_202007.json,2026-09-27T09:41:18+09:00
oanda_ny,CAD/HKD,2020-07-31,2020-08-03,1,-38.7831,-36.8331,10000,JPY,confirmed,https://www.oanda.jp/service/swappoint/swap_ny4_cadhkd_202007.json,2026-09-27T09:41:18+09:00
oanda_ny,CAD/HKD,2020-08-03,2020-08-04,1,-39.7432,-36.0512,10000,JPY,confirmed,https://www.oanda.jp/service/swappoint/swap_ny4_cadhkd_202008.json,2026-09-27T09:41:33+09:00
oanda_ny,CAD/HKD,2020-08-04,2020-08-05,1,-44.8881,-40.9658,10000,JPY,confirmed,https://www.oanda.jp/service/swappoint/swap_ny4_cadhkd_202008.json,2026-09-27T09:41:33+09:00
oanda_ny,CAD/HKD,2020-08-05,2020-08-06,3,-83.2555,-85.6592,10000,JPY,confirmed,https://www.oanda.jp/service/swappoint/swap_ny4_cadhkd_202008.json,2026-09-27T09:41:33+09:00
oanda_ny,CAD/HKD,2020-08-06,2020-08-07,1,-42.0204,-43.3267,10000,JPY,confirmed,https://www.oanda.jp/service/swappoint/swap_ny4_cadhkd_202008.json,2026-09-27T09:41:33+09:00
oanda_ny,CAD/HKD,2020-08-07,2020-08-10,1,-37.5876,-38.8912,10000,JPY,confirmed,https://www.oanda.jp/service/swappoint/swap_ny4_cadhkd_202008.json,2026-09-27T09:41:33+09:00
oanda_ny,CAD/HKD,2020-08-10,2020-08-11,1,-43.1427,-42.489,10000,JPY,confirmed,https://www.oanda.jp/service/swappoint/swap_ny4_cadhkd_202008.json,2026-09-27T09:41:33+09:00
oanda_ny,CAD/HKD,2020-08-11,2020-08-12,1,-37.3703,-40.228,10000,JPY,confirmed,https://www.oanda.jp/service/swappoint/swap_ny4_cadhkd_202008.json,2026-09-27T09:41:33+09:00
oanda_ny,CAD/HKD,2020-08-12,2020-08-13,3,-80.1849,-91.4816,10000,JPY,confirmed,https://www.oanda.jp/service/swappoint/swap_ny4_cadhkd_202008.json,2026-09-27T09:41:33+09:00
oanda_ny,CAD/HKD,2020-08-13,2020-08-14,1,-37.2899,-40.3974,10000,JPY,confirmed,https://www.oanda.jp/service/swappoint/swap_ny4_cadhkd_202008.json,2026-09-27T09:41:33+09:00
oanda_ny,CAD/HKD,2020-08-14,2020-08-17,1,-36.8341,-40.8043,10000,JPY,confirmed,https://www.oanda.jp/service/swappoint/swap_ny4_cadhkd_202008.json,2026-09-27T09:41:33+09:00
oanda_ny,CAD/HKD,2020-08-17,2020-08-18,1,-37.4375,-40.0801,10000,JPY,confirmed,https://www.oanda.jp/service/swappoint/swap_ny4_cadhkd_202008.json,2026-09-27T09:41:33+09:00
oanda_ny,CAD/HKD,2020-08-18,2020-08-19,1,-43.9507,-42.4125,10000,JPY,confirmed,https://www.oanda.jp/service/swappoint/swap_ny4_cadhkd_202008.json,2026-09-27T09:41:33+09:00
oanda_ny,CAD/HKD,2020-08-19,2020-08-20,3,-92.3391,-93.441,10000,JPY,confirmed,https://www.oanda.jp/service/swappoint/swap_ny4_cadhkd_202008.json,2026-09-27T09:41:33+09:00
oanda_ny,CAD/HKD,2020-08-20,2020-08-21,1,-38.5453,-38.9858,10000,JPY,confirmed,https://www.oanda.jp/service/swappoint/swap_ny4_cadhkd_202008.json,2026-09-27T09:41:33+09:00
oanda_ny,CAD/HKD,2020-08-21,2020-08-24,1,-43.4256,-43.2052,10000,JPY,confirmed,https://www.oanda.jp/service/swappoint/swap_ny4_cadhkd_202008.json,2026-09-27T09:41:33+09:00
oanda_ny,CAD/HKD,2020-08-24,2020-08-25,1,-43.1427,-43.3629,10000,JPY,confirmed,https://www.oanda.jp/service/swappoint/swap_ny4_cadhkd_202008.json,2026-09-27T09:41:33+09:00
oanda_ny,CAD/HKD,2020-08-25,2020-08-26,1,-38.8018,-39.2453,10000,JPY,confirmed,https://www.oanda.jp/service/swappoint/swap_ny4_cadhkd_202008.json,2026-09-27T09:41:33+09:00
oanda_ny,CAD/HKD,2020-08-26,2020-08-27,3,-90.3114,-80.7933,10000,JPY,confirmed,https://www.oanda.jp/service/swappoint/swap_ny4_cadhkd_202008.json,2026-09-27T09:41:33+09:00
oanda_ny,CAD/HKD,2020-08-27,2020-08-28,1,-47.9128,-30.0848,10000,JPY,confirmed,https://www.oanda.jp/service/swappoint/swap_ny4_cadhkd_202008.json,2026-09-27T09:41:33+09:00
oanda_ny,CAD/HKD,2020-08-28,2020-08-31,1,-86.1258,-53.663,10000,JPY,confirmed,https://www.oanda.jp/service/swappoint/swap_ny4_cadhkd_202008.json,2026-09-27T09:41:33+09:00
oanda_ny,CAD/HKD,2020-08-31,2020-09-01,1,-52.8103,-34.3156,10000,JPY,confirmed,https://www.oanda.jp/service/swappoint/swap_ny4_cadhkd_202008.json,2026-09-27T09:41:33+09:00
oanda_ny,CAD/HKD,2020-09-01,2020-09-02,1,-48.9836,-29.3901,10000,JPY,confirmed,https://www.oanda.jp/service/swappoint/swap_ny4_cadhkd_202009.json,2026-09-27T09:41:47+09:00
oanda_ny,CAD/HKD,2020-09-02,2020-09-03,4,-182.3387,-130.7207,10000,JPY,confirmed,https://www.oanda.jp/service/swappoint/swap_ny4_cadhkd_202009.json,2026-09-27T09:41:47+09:00
oanda_ny,CAD/HKD,2020-09-03,2020-09-04,0,0.0,0.0,10000,JPY,confirmed,https://www.oanda.jp/service/swappoint/swap_ny4_cadhkd_202009.json,2026-09-27T09:41:47+09:00
oanda_ny,CAD/HKD,2020-09-04,2020-09-07,1,-46.8885,-31.9288,10000,JPY,confirmed,https://www.oanda.jp/service/swappoint/swap_ny4_cadhkd_202009.json,2026-09-27T09:41:47+09:00
oanda_ny,CAD/HKD,2020-09-07,2020-09-08,1,-40.0923,-38.0877,10000,JPY,confirmed,https://www.oanda.jp/service/swappoint/swap_ny4_cadhkd_202009.json,2026-09-27T09:41:47+09:00
oanda_ny,CAD/HKD,2020-09-08,2020-09-09,1,-38.9207,-38.0411,10000,JPY,confirmed,https://www.oanda.jp/service/swappoint/swap_ny4_cadhkd_202009.json,2026-09-27T09:41:47+09:00
oanda_ny,CAD/HKD,2020-09-09,2020-09-10,3,-86.9086,-81.8093,10000,JPY,confirmed,https://www.oanda.jp/service/swappoint/swap_ny4_cadhkd_202009.json,2026-09-27T09:41:47+09:00
oanda_ny,CAD/HKD,2020-09-10,2020-09-11,1,-44.1671,-42.1795,10000,JPY,confirmed,https://www.oanda.jp/service/swappoint/swap_ny4_cadhkd_202009.json,2026-09-27T09:41:47+09:00
oanda_ny,CAD/HKD,2020-09-11,2020-09-14,1,-43.5705,-42.907,10000,JPY,confirmed,https://www.oanda.jp/service/swappoint/swap_ny4_cadhkd_202009.json,2026-09-27T09:41:47+09:00
oanda_ny,CAD/HKD,2020-09-14,2020-09-15,1,-41.1956,-36.1287,10000,JPY,confirmed,https://www.oanda.jp/service/swappoint/swap_ny4_cadhkd_202009.json,2026-09-27T09:41:47+09:00
oanda_ny,CAD/HKD,2020-09-15,2020-09-16,1,-41.2719,-35.7836,10000,JPY,confirmed,https://www.oanda.jp/service/swappoint/swap_ny4_cadhkd_202009.json,2026-09-27T09:41:47+09:00
oanda_ny,CAD/HKD,2020-09-16,2020-09-17,3,-96.4138,-80.6728,10000,JPY,confirmed,https://www.oanda.jp/service/swappoint/swap_ny4_cadhkd_202009.json,2026-09-27T09:41:47+09:00
oanda_ny,CAD/HKD,2020-09-17,2020-09-18,1,-48.7033,-43.2433,10000,JPY,confirmed,https://www.oanda.jp/service/swappoint/swap_ny4_cadhkd_202009.json,2026-09-27T09:41:47+09:00
oanda_ny,CAD/HKD,2020-09-18,2020-09-21,1,-47.3976,-38.0485,10000,JPY,confirmed,https://www.oanda.jp/service/swappoint/swap_ny4_cadhkd_202009.json,2026-09-27T09:41:47+09:00
oanda_ny,CAD/HKD,2020-09-21,2020-09-22,1,-42.3131,-33.4619,10000,JPY,confirmed,https://www.oanda.jp/service/swappoint/swap_ny4_cadhkd_202009.json,2026-09-27T09:41:47+09:00
oanda_ny,CAD/HKD,2020-09-22,2020-09-23,1,-44.8242,-40.9264,10000,JPY,confirmed,https://www.oanda.jp/service/swappoint/swap_ny4_cadhkd_202009.json,2026-09-27T09:41:47+09:00
oanda_ny,CAD/HKD,2020-09-23,2020-09-24,3,-94.8907,-72.1948,10000,JPY,confirmed,https://www.oanda.jp/service/swappoint/swap_ny4_cadhkd_202009.json,2026-09-27T09:41:47+09:00
oanda_ny,CAD/HKD,2020-09-24,2020-09-25,1,-43.5293,-41.7968,10000,JPY,confirmed,https://www.oanda.jp/service/swappoint/swap_ny4_cadhkd_202009.json,2026-09-27T09:41:47+09:00
oanda_ny,CAD/HKD,2020-09-25,2020-09-28,1,-39.4056,-36.8074,10000,JPY,confirmed,https://www.oanda.jp/service/swappoint/swap_ny4_cadhkd_202009.json,2026-09-27T09:41:47+09:00
oanda_ny,CAD/HKD,2020-09-28,2020-09-29,5,-170.5005,-95.9742,10000,JPY,confirmed,https://www.oanda.jp/service/swappoint/swap_ny4_cadhkd_202009.json,2026-09-27T09:41:47+09:00
oanda_ny,CAD/HKD,2020-09-29,2020-09-30,1,-41.8222,-36.1882,10000,JPY,confirmed,https://www.oanda.jp/service/swappoint/swap_ny4_cadhkd_202009.json,2026-09-27T09:41:47+09:00
oanda_ny,CAD/HKD,2020-09-30,2020-10-01,0,0.0,0.0,10000,JPY,confirmed,https://www.oanda.jp/service/swappoint/swap_ny4_cadhkd_202009.json,2026-09-27T09:41:47+09:00
oanda_ny,CAD/HKD,2020-10-01,2020-10-02,0,0.0,0.0,10000,JPY,confirmed,https://www.oanda.jp/service/swappoint/swap_ny4_cadhkd_202010.json,2026-09-27T09:42:01+09:00
oanda_ny,CAD/HKD,2020-10-02,2020-10-05,1,-70.5902,-67.115,10000,JPY,confirmed,https://www.oanda.jp/service/swappoint/swap_ny4_cadhkd_202010.json,2026-09-27T09:42:01+09:00
oanda_ny,CAD/HKD,2020-10-05,2020-10-06,1,-40.0491,-38.0795,10000,JPY,confirmed,https://www.oanda.jp/service/swappoint/swap_ny4_cadhkd_202010.json,2026-09-27T09:42:01+09:00
oanda_ny,CAD/HKD,2020-10-06,2020-10-07,1,-39.2068,-37.6821,10000,JPY,confirmed,https://www.oanda.jp/service/swappoint/swap_ny4_cadhkd_202010.json,2026-09-27T09:42:01+09:00
oanda_ny,CAD/HKD,2020-10-07,2020-10-08,4,-111.919,-114.7718,10000,JPY,confirmed,https://www.oanda.jp/service/swappoint/swap_ny4_cadhkd_202010.json,2026-09-27T09:42:01+09:00
oanda_ny,CAD/HKD,2020-10-08,2020-10-09,0,0.0,0.0,10000,JPY,confirmed,https://www.oanda.jp/service/swappoint/swap_ny4_cadhkd_202010.json,2026-09-27T09:42:01+09:00
oanda_ny,CAD/HKD,2020-10-09,2020-10-12,1,-38.0196,-40.009,10000,JPY,confirmed,https://www.oanda.jp/service/swappoint/swap_ny4_cadhkd_202010.json,2026-09-27T09:42:01+09:00
oanda_ny,CAD/HKD,2020-10-12,2020-10-13,1,-38.3699,-39.4725,10000,JPY,confirmed,https://www.oanda.jp/service/swappoint/swap_ny4_cadhkd_202010.json,2026-09-27T09:42:01+09:00
oanda_ny,CAD/HKD,2020-10-13,2020-10-14,1,-38.5664,-39.6683,10000,JPY,confirmed,https://www.oanda.jp/service/swappoint/swap_ny4_cadhkd_202010.json,2026-09-27T09:42:01+09:00
oanda_ny,CAD/HKD,2020-10-14,2020-10-15,3,-84.9937,-86.3114,10000,JPY,confirmed,https://www.oanda.jp/service/swappoint/swap_ny4_cadhkd_202010.json,2026-09-27T09:42:01+09:00
oanda_ny,CAD/HKD,2020-10-15,2020-10-16,1,-38.7594,-38.5404,10000,JPY,confirmed,https://www.oanda.jp/service/swappoint/swap_ny4_cadhkd_202010.json,2026-09-27T09:42:01+09:00
oanda_ny,CAD/HKD,2020-10-16,2020-10-19,1,-43.4357,-42.7776,10000,JPY,confirmed,https://www.oanda.jp/service/swappoint/swap_ny4_cadhkd_202010.json,2026-09-27T09:42:01+09:00
oanda_ny,CAD/HKD,2020-10-19,2020-10-20,1,-39.0634,-37.9661,10000,JPY,confirmed,https://www.oanda.jp/service/swappoint/swap_ny4_cadhkd_202010.json,2026-09-27T09:42:01+09:00
oanda_ny,CAD/HKD,2020-10-20,2020-10-21,1,-38.6049,-38.3843,10000,JPY,confirmed,https://www.oanda.jp/service/swappoint/swap_ny4_cadhkd_202010.json,2026-09-27T09:42:01+09:00
oanda_ny,CAD/HKD,2020-10-21,2020-10-22,4,-108.3252,-103.9572,10000,JPY,confirmed,https://www.oanda.jp/service/swappoint/swap_ny4_cadhkd_202010.json,2026-09-27T09:42:01+09:00
oanda_ny,CAD/HKD,2020-10-22,2020-10-23,1,-40.0843,-36.3606,10000,JPY,confirmed,https://www.oanda.jp/service/swappoint/swap_ny4_cadhkd_202010.json,2026-09-27T09:42:01+09:00
oanda_ny,CAD/HKD,2020-10-23,2020-10-26,0,0.0,0.0,10000,JPY,confirmed,https://www.oanda.jp/service/swappoint/swap_ny4_cadhkd_202010.json,2026-09-27T09:42:01+09:00
oanda_ny,CAD/HKD,2020-10-26,2020-10-27,1,-71.6631,-65.3463,10000,JPY,confirmed,https://www.oanda.jp/service/swappoint/swap_ny4_cadhkd_202010.json,2026-09-27T09:42:01+09:00
oanda_ny,CAD/HKD,2020-10-27,2020-10-28,1,-48.9183,-26.5246,10000,JPY,confirmed,https://www.oanda.jp/service/swappoint/swap_ny4_cadhkd_202010.json,2026-09-27T09:42:01+09:00
oanda_ny,CAD/HKD,2020-10-28,2020-10-29,3,-134.5499,-28.8014,10000,JPY,confirmed,https://www.oanda.jp/service/swappoint/swap_ny4_cadhkd_202010.json,2026-09-27T09:42:01+09:00
oanda_ny,CAD/HKD,2020-10-29,2020-10-30,1,-38.5752,-20.9039,10000,JPY,confirmed,https://www.oanda.jp/service/swappoint/swap_ny4_cadhkd_202010.json,2026-09-27T09:42:01+09:00
oanda_ny,CAD/HKD,2020-10-30,2020-11-02,1,-54.5489,-22.8545,10000,JPY,confirmed,https://www.oanda.jp/service/swappoint/swap_ny4_cadhkd_202010.json,2026-09-27T09:42:01+09:00
oanda_ny,CAD/HKD,2020-11-02,2020-11-03,1,-44.3661,-31.9697,10000,JPY,confirmed,https://www.oanda.jp/service/swappoint/swap_ny4_cadhkd_202011.json,2026-09-27T09:42:16+09:00
oanda_ny,CAD/HKD,2020-11-03,2020-11-04,1,-44.0775,-35.7857,10000,JPY,confirmed,https://www.oanda.jp/service/swappoint/swap_ny4_cadhkd_202011.json,2026-09-27T09:42:16+09:00
oanda_ny,CAD/HKD,2020-11-04,2020-11-05,3,-110.1,-93.2792,10000,JPY,confirmed,https://www.oanda.jp/service/swappoint/swap_ny4_cadhkd_202011.json,2026-09-27T09:42:16+09:00
oanda_ny,CAD/HKD,2020-11-05,2020-11-06,1,-38.55,-37.8966,10000,JPY,confirmed,https://www.oanda.jp/service/swappoint/swap_ny4_cadhkd_202011.json,2026-09-27T09:42:16+09:00
oanda_ny,CAD/HKD,2020-11-06,2020-11-09,2,-64.3223,-63.8877,10000,JPY,confirmed,https://www.oanda.jp/service/swappoint/swap_ny4_cadhkd_202011.json,2026-09-27T09:42:16+09:00
oanda_ny,CAD/HKD,2020-11-09,2020-11-10,0,0.0,0.0,10000,JPY,confirmed,https://www.oanda.jp/service/swappoint/swap_ny4_cadhkd_202011.json,2026-09-27T09:42:16+09:00
oanda_ny,CAD/HKD,2020-11-10,2020-11-11,1,-40.1441,-37.9262,10000,JPY,confirmed,https://www.oanda.jp/service/swappoint/swap_ny4_cadhkd_202011.json,2026-09-27T09:42:16+09:00
oanda_ny,CAD/HKD,2020-11-11,2020-11-12,3,-86.8537,-84.4165,10000,JPY,confirmed,https://www.oanda.jp/service/swappoint/swap_ny4_cadhkd_202011.json,2026-09-27T09:42:16+09:00
oanda_ny,CAD/HKD,2020-11-12,2020-11-13,1,-39.3143,-37.7769,10000,JPY,confirmed,https://www.oanda.jp/service/swappoint/swap_ny4_cadhkd_202011.json,2026-09-27T09:42:16+09:00
oanda_ny,CAD/HKD,2020-11-13,2020-11-16,1,-39.3659,-37.3976,10000,JPY,confirmed,https://www.oanda.jp/service/swappoint/swap_ny4_cadhkd_202011.json,2026-09-27T09:42:16+09:00
oanda_ny,CAD/HKD,2020-11-16,2020-11-17,1,-38.8673,-38.4281,10000,JPY,confirmed,https://www.oanda.jp/service/swappoint/swap_ny4_cadhkd_202011.json,2026-09-27T09:42:16+09:00
oanda_ny,CAD/HKD,2020-11-17,2020-11-18,1,-38.633,-38.1965,10000,JPY,confirmed,https://www.oanda.jp/service/swappoint/swap_ny4_cadhkd_202011.json,2026-09-27T09:42:16+09:00
oanda_ny,CAD/HKD,2020-11-18,2020-11-19,3,-84.3308,-84.3308,10000,JPY,confirmed,https://www.oanda.jp/service/swappoint/swap_ny4_cadhkd_202011.json,2026-09-27T09:42:16+09:00
oanda_ny,CAD/HKD,2020-11-19,2020-11-20,1,-37.4784,-39.0037,10000,JPY,confirmed,https://www.oanda.jp/service/swappoint/swap_ny4_cadhkd_202011.json,2026-09-27T09:42:16+09:00
oanda_ny,CAD/HKD,2020-11-20,2020-11-23,1,-36.1446,-40.4994,10000,JPY,confirmed,https://www.oanda.jp/service/swappoint/swap_ny4_cadhkd_202011.json,2026-09-27T09:42:16+09:00
oanda_ny,CAD/HKD,2020-11-23,2020-11-24,2,-55.7101,-63.1673,10000,JPY,confirmed,https://www.oanda.jp/service/swappoint/swap_ny4_cadhkd_202011.json,2026-09-27T09:42:16+09:00
oanda_ny,CAD/HKD,2020-11-24,2020-11-25,0,0.0,0.0,10000,JPY,confirmed,https://www.oanda.jp/service/swappoint/swap_ny4_cadhkd_202011.json,2026-09-27T09:42:16+09:00
oanda_ny,CAD/HKD,2020-11-25,2020-11-26,3,-78.7147,-92.1646,10000,JPY,confirmed,https://www.oanda.jp/service/swappoint/swap_ny4_cadhkd_202011.json,2026-09-27T09:42:16+09:00
oanda_ny,CAD/HKD,2020-11-26,2020-11-27,1,-36.7227,-40.6808,10000,JPY,confirmed,https://www.oanda.jp/service/swappoint/swap_ny4_cadhkd_202011.json,2026-09-27T09:42:16+09:00
oanda_ny,CAD/HKD,2020-11-27,2020-11-30,1,-36.7507,-40.9319,10000,JPY,confirmed,https://www.oanda.jp/service/swappoint/swap_ny4_cadhkd_202011.json,2026-09-27T09:42:16+09:00
oanda_ny,CAD/HKD,2020-11-30,2020-12-01,1,-43.5857,-44.026,10000,JPY,confirmed,https://www.oanda.jp/service/swappoint/swap_ny4_cadhkd_202011.json,2026-09-27T09:42:16+09:00
oanda_ny,CAD/HKD,2020-12-01,2020-12-02,1,-39.4074,-38.9646,10000,JPY,confirmed,https://www.oanda.jp/service/swappoint/swap_ny4_cadhkd_202012.json,2026-09-27T09:42:30+09:00
oanda_ny,CAD/HKD,2020-12-02,2020-12-03,3,-82.3139,-90.0793,10000,JPY,confirmed,https://www.oanda.jp/service/swappoint/swap_ny4_cadhkd_202012.json,2026-09-27T09:42:30+09:00
oanda_ny,CAD/HKD,2020-12-03,2020-12-04,1,-36.571,-41.6688,10000,JPY,confirmed,https://www.oanda.jp/service/swappoint/swap_ny4_cadhkd_202012.json,2026-09-27T09:42:30+09:00
oanda_ny,CAD/HKD,2020-12-04,2020-12-07,1,-37.365,-41.3924,10000,JPY,confirmed,https://www.oanda.jp/service/swappoint/swap_ny4_cadhkd_202012.json,2026-09-27T09:42:30+09:00
oanda_ny,CAD/HKD,2020-12-07,2020-12-08,1,-40.1773,-38.3916,10000,JPY,confirmed,https://www.oanda.jp/service/swappoint/swap_ny4_cadhkd_202012.json,2026-09-27T09:42:30+09:00
oanda_ny,CAD/HKD,2020-12-08,2020-12-09,1,-41.0418,-38.1421,10000,JPY,confirmed,https://www.oanda.jp/service/swappoint/swap_ny4_cadhkd_202012.json,2026-09-27T09:42:30+09:00
oanda_ny,CAD/HKD,2020-12-09,2020-12-10,3,-88.8561,-83.498,10000,JPY,confirmed,https://www.oanda.jp/service/swappoint/swap_ny4_cadhkd_202012.json,2026-09-27T09:42:30+09:00
oanda_ny,CAD/HKD,2020-12-10,2020-12-11,1,-40.6579,-38.187,10000,JPY,confirmed,https://www.oanda.jp/service/swappoint/swap_ny4_cadhkd_202012.json,2026-09-27T09:42:30+09:00
oanda_ny,CAD/HKD,2020-12-11,2020-12-14,1,-44.7414,-40.0435,10000,JPY,confirmed,https://www.oanda.jp/service/swappoint/swap_ny4_cadhkd_202012.json,2026-09-27T09:42:30+09:00
oanda_ny,CAD/HKD,2020-12-14,2020-12-15,1,-42.7385,-36.9207,10000,JPY,confirmed,https://www.oanda.jp/service/swappoint/swap_ny4_cadhkd_202012.json,2026-09-27T09:42:30+09:00
oanda_ny,CAD/HKD,2020-12-15,2020-12-16,1,-41.4594,-37.6496,10000,JPY,confirmed,https://www.oanda.jp/service/swappoint/swap_ny4_cadhkd_202012.json,2026-09-27T09:42:30+09:00
oanda_ny,CAD/HKD,2020-12-16,2020-12-17,3,-90.9666,-82.4942,10000,JPY,confirmed,https://www.oanda.jp/service/swappoint/swap_ny4_cadhkd_202012.json,2026-09-27T09:42:30+09:00
oanda_ny,CAD/HKD,2020-12-17,2020-12-18,1,-40.9494,-37.166,10000,JPY,confirmed,https://www.oanda.jp/service/swappoint/swap_ny4_cadhkd_202012.json,2026-09-27T09:42:30+09:00
oanda_ny,CAD/HKD,2020-12-18,2020-12-21,1,-39.0496,-41.2684,10000,JPY,confirmed,https://www.oanda.jp/service/swappoint/swap_ny4_cadhkd_202012.json,2026-09-27T09:42:30+09:00
oanda_ny,CAD/HKD,2020-12-21,2020-12-22,1,-37.2901,-41.2618,10000,JPY,confirmed,https://www.oanda.jp/service/swappoint/swap_ny4_cadhkd_202012.json,2026-09-27T09:42:30+09:00
oanda_ny,CAD/HKD,2020-12-22,2020-12-23,5,-191.112,-103.6016,10000,JPY,confirmed,https://www.oanda.jp/service/swappoint/swap_ny4_cadhkd_202012.json,2026-09-27T09:42:30+09:00
oanda_ny,CAD/HKD,2020-12-23,2020-12-24,0,0.0,0.0,10000,JPY,confirmed,https://www.oanda.jp/service/swappoint/swap_ny4_cadhkd_202012.json,2026-09-27T09:42:30+09:00
oanda_ny,CAD/HKD,2020-12-24,2020-12-25,0,0.0,0.0,10000,JPY,confirmed,https://www.oanda.jp/service/swappoint/swap_ny4_cadhkd_202012.json,2026-09-27T09:42:30+09:00
oanda_ny,CAD/HKD,2020-12-25,2020-12-28,1,-627.9412,-617.1032,10000,JPY,confirmed,https://www.oanda.jp/service/swappoint/swap_ny4_cadhkd_202012.json,2026-09-27T09:42:30+09:00
oanda_ny,CAD/HKD,2020-12-28,2020-12-29,1,-62.2969,-42.5659,10000,JPY,confirmed,https://www.oanda.jp/service/swappoint/swap_ny4_cadhkd_202012.json,2026-09-27T09:42:30+09:00
oanda_ny,CAD/HKD,2020-12-29,2020-12-30,4,-284.2263,-4.6594,10000,JPY,confirmed,https://www.oanda.jp/service/swappoint/swap_ny4_cadhkd_202012.json,2026-09-27T09:42:30+09:00
oanda_ny,CAD/HKD,2020-12-30,2020-12-31,1,-57.0623,-52.1776,10000,JPY,confirmed,https://www.oanda.jp/service/swappoint/swap_ny4_cadhkd_202012.json,2026-09-27T09:42:30+09:00
oanda_ny,CAD/HKD,2020-12-31,2021-01-01,0,0.0,0.0,10000,JPY,confirmed,https://www.oanda.jp/service/swappoint/swap_ny4_cadhkd_202012.json,2026-09-27T09:42:30+09:00
oanda_ny,CAD/HKD,2021-01-01,2021-01-04,1,-95.1594,-85.3538,10000,JPY,confirmed,https://www.oanda.jp/service/swappoint/swap_ny4_cadhkd_202101.json,2026-09-27T09:42:45+09:00
oanda_ny,CAD/HKD,2021-01-04,2021-01-05,1,-49.1936,-42.989,10000,JPY,confirmed,https://www.oanda.jp/service/swappoint/swap_ny4_cadhkd_202101.json,2026-09-27T09:42:45+09:00
oanda_ny,CAD/HKD,2021-01-05,2021-01-06,1,-44.513,-38.2811,10000,JPY,confirmed,https://www.oanda.jp/service/swappoint/swap_ny4_cadhkd_202101.json,2026-09-27T09:42:45+09:00
oanda_ny,CAD/HKD,2021-01-06,2021-01-07,3,-94.8374,-83.0106,10000,JPY,confirmed,https://www.oanda.jp/service/swappoint/swap_ny4_cadhkd_202101.json,2026-09-27T09:42:45+09:00
oanda_ny,CAD/HKD,2021-01-07,2021-01-08,1,-40.4194,-39.5212,10000,JPY,confirmed,https://www.oanda.jp/service/swappoint/swap_ny4_cadhkd_202101.json,2026-09-27T09:42:45+09:00
oanda_ny,CAD/HKD,2021-01-08,2021-01-11,1,-40.9395,-38.915,10000,JPY,confirmed,https://www.oanda.jp/service/swappoint/swap_ny4_cadhkd_202101.json,2026-09-27T09:42:45+09:00
oanda_ny,CAD/HKD,2021-01-11,2021-01-12,1,-40.9685,-38.7298,10000,JPY,confirmed,https://www.oanda.jp/service/swappoint/swap_ny4_cadhkd_202101.json,2026-09-27T09:42:45+09:00
oanda_ny,CAD/HKD,2021-01-12,2021-01-13,1,-41.6702,-37.4136,10000,JPY,confirmed,https://www.oanda.jp/service/swappoint/swap_ny4_cadhkd_202101.json,2026-09-27T09:42:45+09:00
oanda_ny,CAD/HKD,2021-01-13,2021-01-14,4,-114.7617,-108.0242,10000,JPY,confirmed,https://www.oanda.jp/service/swappoint/swap_ny4_cadhkd_202101.json,2026-09-27T09:42:45+09:00
oanda_ny,CAD/HKD,2021-01-14,2021-01-15,0,0.0,0.0,10000,JPY,confirmed,https://www.oanda.jp/service/swappoint/swap_ny4_cadhkd_202101.json,2026-09-27T09:42:45+09:00
oanda_ny,CAD/HKD,2021-01-15,2021-01-18,1,-53.0836,-57.3392,10000,JPY,confirmed,https://www.oanda.jp/service/swappoint/swap_ny4_cadhkd_202101.json,2026-09-27T09:42:45+09:00
oanda_ny,CAD/HKD,2021-01-18,2021-01-19,1,-41.063,-47.0886,10000,JPY,confirmed,https://www.oanda.jp/service/swappoint/swap_ny4_cadhkd_202101.json,2026-09-27T09:42:45+09:00
oanda_ny,CAD/HKD,2021-01-19,2021-01-20,1,-37.8519,-40.9876,10000,JPY,confirmed,https://www.oanda.jp/service/swappoint/swap_ny4_cadhkd_202101.json,2026-09-27T09:42:45+09:00
oanda_ny,CAD/HKD,2021-01-20,2021-01-21,3,-87.7317,-86.8319,10000,JPY,confirmed,https://www.oanda.jp/service/swappoint/swap_ny4_cadhkd_202101.json,2026-09-27T09:42:45+09:00
oanda_ny,CAD/HKD,2021-01-21,2021-01-22,1,-40.4753,-38.9012,10000,JPY,confirmed,https://www.oanda.jp/service/swappoint/swap_ny4_cadhkd_202101.json,2026-09-27T09:42:45+09:00
oanda_ny,CAD/HKD,2021-01-22,2021-01-25,1,-38.4809,-40.2707,10000,JPY,confirmed,https://www.oanda.jp/service/swappoint/swap_ny4_cadhkd_202101.json,2026-09-27T09:42:45+09:00
oanda_ny,CAD/HKD,2021-01-25,2021-01-26,1,-40.6892,-38.4535,10000,JPY,confirmed,https://www.oanda.jp/service/swappoint/swap_ny4_cadhkd_202101.json,2026-09-27T09:42:45+09:00
oanda_ny,CAD/HKD,2021-01-26,2021-01-27,1,-40.5565,-38.3158,10000,JPY,confirmed,https://www.oanda.jp/service/swappoint/swap_ny4_cadhkd_202101.json,2026-09-27T09:42:45+09:00
oanda_ny,CAD/HKD,2021-01-27,2021-01-28,3,-93.7758,-80.156,10000,JPY,confirmed,https://www.oanda.jp/service/swappoint/swap_ny4_cadhkd_202101.json,2026-09-27T09:42:45+09:00
oanda_ny,CAD/HKD,2021-01-28,2021-01-29,1,-93.6709,-80.0663,10000,JPY,confirmed,https://www.oanda.jp/service/swappoint/swap_ny4_cadhkd_202101.json,2026-09-27T09:42:45+09:00
oanda_ny,CAD/HKD,2021-01-29,2021-02-01,1,-47.4755,-33.0754,10000,JPY,confirmed,https://www.oanda.jp/service/swappoint/swap_ny4_cadhkd_202101.json,2026-09-27T09:42:45+09:00
oanda_ny,CAD/HKD,2021-02-01,2021-02-02,1,-47.9708,-41.0217,10000,JPY,confirmed,https://www.oanda.jp/service/swappoint/swap_ny4_cadhkd_202102.json,2026-09-27T09:43:00+09:00
oanda_ny,CAD/HKD,2021-02-02,2021-02-03,1,-43.0657,-36.3014,10000,JPY,confirmed,https://www.oanda.jp/service/swappoint/swap_ny4_cadhkd_202102.json,2026-09-27T09:43:00+09:00
oanda_ny,CAD/HKD,2021-02-03,2021-02-04,3,-89.7542,-85.244,10000,JPY,confirmed,https://www.oanda.jp/service/swappoint/swap_ny4_cadhkd_202102.json,2026-09-27T09:43:00+09:00
oanda_ny,CAD/HKD,2021-02-04,2021-02-05,1,-43.1443,-46.0808,10000,JPY,confirmed,https://www.oanda.jp/service/swappoint/swap_ny4_cadhkd_202102.json,2026-09-27T09:43:00+09:00
oanda_ny,CAD/HKD,2021-02-05,2021-02-08,1,-39.2299,-40.8172,10000,JPY,confirmed,https://www.oanda.jp/service/swappoint/swap_ny4_cadhkd_202102.json,2026-09-27T09:43:00+09:00
oanda_ny,CAD/HKD,2021-02-08,2021-02-09,1,-40.1374,-39.6839,10000,JPY,confirmed,https://www.oanda.jp/service/swappoint/swap_ny4_cadhkd_202102.json,2026-09-27T09:43:00+09:00
oanda_ny,CAD/HKD,2021-02-09,2021-02-10,4,-147.719,-123.2877,10000,JPY,confirmed,https://www.oanda.jp/service/swappoint/swap_ny4_cadhkd_202102.json,2026-09-27T09:43:00+09:00
oanda_ny,CAD/HKD,2021-02-10,2021-02-11,1,-40.2396,-39.3353,10000,JPY,confirmed,https://www.oanda.jp/service/swappoint/swap_ny4_cadhkd_202102.json,2026-09-27T09:43:00+09:00
oanda_ny,CAD/HKD,2021-02-11,2021-02-12,0,0.0,0.0,10000,JPY,confirmed,https://www.oanda.jp/service/swappoint/swap_ny4_cadhkd_202102.json,2026-09-27T09:43:00+09:00
oanda_ny,CAD/HKD,2021-02-12,2021-02-15,0,0.0,0.0,10000,JPY,confirmed,https://www.oanda.jp/service/swappoint/swap_ny4_cadhkd_202102.json,2026-09-27T09:43:00+09:00
oanda_ny,CAD/HKD,2021-02-15,2021-02-16,2,-81.4789,-79.419,10000,JPY,confirmed,https://www.oanda.jp/service/swappoint/swap_ny4_cadhkd_202102.json,2026-09-27T09:43:00+09:00
oanda_ny,CAD/HKD,2021-02-16,2021-02-17,1,-41.5155,-38.3044,10000,JPY,confirmed,https://www.oanda.jp/service/swappoint/swap_ny4_cadhkd_202102.json,2026-09-27T09:43:00+09:00
oanda_ny,CAD/HKD,2021-02-17,2021-02-18,3,-91.5339,-85.1266,10000,JPY,confirmed,https://www.oanda.jp/service/swappoint/swap_ny4_cadhkd_202102.json,2026-09-27T09:43:00+09:00
oanda_ny,CAD/HKD,2021-02-18,2021-02-19,1,-44.4105,-45.784,10000,JPY,confirmed,https://www.oanda.jp/service/swappoint/swap_ny4_cadhkd_202102.json,2026-09-27T09:43:00+09:00
oanda_ny,CAD/HKD,2021-02-19,2021-02-22,1,-39.4587,-41.0646,10000,JPY,confirmed,https://www.oanda.jp/service/swappoint/swap_ny4_cadhkd_202102.json,2026-09-27T09:43:00+09:00
oanda_ny,CAD/HKD,2021-02-22,2021-02-23,1,-40.929,-41.1577,10000,JPY,confirmed,https://www.oanda.jp/service/swappoint/swap_ny4_cadhkd_202102.json,2026-09-27T09:43:00+09:00
oanda_ny,CAD/HKD,2021-02-23,2021-02-24,1,-42.4604,-38.7881,10000,JPY,confirmed,https://www.oanda.jp/service/swappoint/swap_ny4_cadhkd_202102.json,2026-09-27T09:43:00+09:00
oanda_ny,CAD/HKD,2021-02-24,2021-02-25,3,-128.706,-115.9283,10000,JPY,confirmed,https://www.oanda.jp/service/swappoint/swap_ny4_cadhkd_202102.json,2026-09-27T09:43:00+09:00
oanda_ny,CAD/HKD,2021-02-25,2021-02-26,1,-41.187,-40.2615,10000,JPY,confirmed,https://www.oanda.jp/service/swappoint/swap_ny4_cadhkd_202102.json,2026-09-27T09:43:00+09:00
oanda_ny,CAD/HKD,2021-02-26,2021-03-01,1,-41.5702,-39.9625,10000,JPY,confirmed,https://www.oanda.jp/service/swappoint/swap_ny4_cadhkd_202102.json,2026-09-27T09:43:00+09:00
oanda_ny,CAD/HKD,2021-03-01,2021-03-02,1,-44.9606,-46.3511,10000,JPY,confirmed,https://www.oanda.jp/service/swappoint/swap_ny4_cadhkd_202103.json,2026-09-27T09:43:14+09:00
oanda_ny,CAD/HKD,2021-03-02,2021-03-03,1,-38.4869,-42.8921,10000,JPY,confirmed,https://www.oanda.jp/service/swappoint/swap_ny4_cadhkd_202103.json,2026-09-27T09:43:14+09:00
oanda_ny,CAD/HKD,2021-03-03,2021-03-04,3,-83.3462,-96.5794,10000,JPY,confirmed,https://www.oanda.jp/service/swappoint/swap_ny4_cadhkd_202103.json,2026-09-27T09:43:14+09:00
oanda_ny,CAD/HKD,2021-03-04,2021-03-05,1,-38.8456,-43.5258,10000,JPY,confirmed,https://www.oanda.jp/service/swappoint/swap_ny4_cadhkd_202103.json,2026-09-27T09:43:14+09:00
oanda_ny,CAD/HKD,2021-03-05,2021-03-08,1,-38.7633,-43.9318,10000,JPY,confirmed,https://www.oanda.jp/service/swappoint/swap_ny4_cadhkd_202103.json,2026-09-27T09:43:14+09:00
oanda_ny,CAD/HKD,2021-03-08,2021-03-09,1,-57.1173,-59.0054,10000,JPY,confirmed,https://www.oanda.jp/service/swappoint/swap_ny4_cadhkd_202103.json,2026-09-27T09:43:14+09:00
oanda_ny,CAD/HKD,2021-03-09,2021-03-10,1,-48.7718,-50.4211,10000,JPY,confirmed,https://www.oanda.jp/service/swappoint/swap_ny4_cadhkd_202103.json,2026-09-27T09:43:14+09:00
oanda_ny,CAD/HKD,2021-03-10,2021-03-11,3,-87.4785,-93.3733,10000,JPY,confirmed,https://www.oanda.jp/service/swappoint/swap_ny4_cadhkd_202103.json,2026-09-27T09:43:14+09:00
oanda_ny,CAD/HKD,2021-03-11,2021-03-12,1,-39.9358,-43.2637,10000,JPY,confirmed,https://www.oanda.jp/service/swappoint/swap_ny4_cadhkd_202103.json,2026-09-27T09:43:14+09:00
oanda_ny,CAD/HKD,2021-03-12,2021-03-15,1,-34.3023,-35.5017,10000,JPY,confirmed,https://www.oanda.jp/service/swappoint/swap_ny4_cadhkd_202103.json,2026-09-27T09:43:14+09:00
oanda_ny,CAD/HKD,2021-03-15,2021-03-16,1,-36.269,-34.8278,10000,JPY,confirmed,https://www.oanda.jp/service/swappoint/swap_ny4_cadhkd_202103.json,2026-09-27T09:43:14+09:00
oanda_ny,CAD/HKD,2021-03-16,2021-03-17,1,-38.4636,-34.1365,10000,JPY,confirmed,https://www.oanda.jp/service/swappoint/swap_ny4_cadhkd_202103.json,2026-09-27T09:43:14+09:00
oanda_ny,CAD/HKD,2021-03-17,2021-03-18,3,-90.8079,-88.3992,10000,JPY,confirmed,https://www.oanda.jp/service/swappoint/swap_ny4_cadhkd_202103.json,2026-09-27T09:43:14+09:00
oanda_ny,CAD/HKD,2021-03-18,2021-03-19,1,-33.7594,-36.872,10000,JPY,confirmed,https://www.oanda.jp/service/swappoint/swap_ny4_cadhkd_202103.json,2026-09-27T09:43:14+09:00
oanda_ny,CAD/HKD,2021-03-19,2021-03-22,1,-33.9548,-37.0633,10000,JPY,confirmed,https://www.oanda.jp/service/swappoint/swap_ny4_cadhkd_202103.json,2026-09-27T09:43:14+09:00
oanda_ny,CAD/HKD,2021-03-22,2021-03-23,1,-34.5997,-36.5087,10000,JPY,confirmed,https://www.oanda.jp/service/swappoint/swap_ny4_cadhkd_202103.json,2026-09-27T09:43:14+09:00
oanda_ny,CAD/HKD,2021-03-23,2021-03-24,1,-35.757,-35.757,10000,JPY,confirmed,https://www.oanda.jp/service/swappoint/swap_ny4_cadhkd_202103.json,2026-09-27T09:43:14+09:00
oanda_ny,CAD/HKD,2021-03-24,2021-03-25,3,-82.1138,-90.6574,10000,JPY,confirmed,https://www.oanda.jp/service/swappoint/swap_ny4_cadhkd_202103.json,2026-09-27T09:43:14+09:00
oanda_ny,CAD/HKD,2021-03-25,2021-03-26,1,-32.5591,-38.7382,10000,JPY,confirmed,https://www.oanda.jp/service/swappoint/swap_ny4_cadhkd_202103.json,2026-09-27T09:43:14+09:00
oanda_ny,CAD/HKD,2021-03-26,2021-03-29,1,-32.8006,-39.5044,10000,JPY,confirmed,https://www.oanda.jp/service/swappoint/swap_ny4_cadhkd_202103.json,2026-09-27T09:43:14+09:00
oanda_ny,CAD/HKD,2021-03-29,2021-03-30,1,-56.5162,-19.8764,10000,JPY,confirmed,https://www.oanda.jp/service/swappoint/swap_ny4_cadhkd_202103.json,2026-09-27T09:43:14+09:00
oanda_ny,CAD/HKD,2021-03-30,2021-03-31,6,-171.9203,-174.5578,10000,JPY,confirmed,https://www.oanda.jp/service/swappoint/swap_ny4_cadhkd_202103.json,2026-09-27T09:43:14+09:00
oanda_ny,CAD/HKD,2021-03-31,2021-04-01,1,-34.1093,-37.9799,10000,JPY,confirmed,https://www.oanda.jp/service/swappoint/swap_ny4_cadhkd_202103.json,2026-09-27T09:43:14+09:00
oanda_ny,CAD/HKD,2021-04-01,2021-04-02,0,0.0,0.0,10000,JPY,confirmed,https://www.oanda.jp/service/swappoint/swap_ny4_cadhkd_202104.json,2026-09-27T09:43:29+09:00
oanda_ny,CAD/HKD,2021-04-02,2021-04-05,0,0.0,0.0,10000,JPY,confirmed,https://www.oanda.jp/service/swappoint/swap_ny4_cadhkd_202104.json,2026-09-27T09:43:29+09:00
oanda_ny,CAD/HKD,2021-04-05,2021-04-06,0,0.0,0.0,10000,JPY,confirmed,https://www.oanda.jp/service/swappoint/swap_ny4_cadhkd_202104.json,2026-09-27T09:43:29+09:00
oanda_ny,CAD/HKD,2021-04-06,2021-04-07,1,-54.8926,-57.2897,10000,JPY,confirmed,https://www.oanda.jp/service/swappoint/swap_ny4_cadhkd_202104.json,2026-09-27T09:43:29+09:00
oanda_ny,CAD/HKD,2021-04-07,2021-04-08,3,-89.6735,-84.4127,10000,JPY,confirmed,https://www.oanda.jp/service/swappoint/swap_ny4_cadhkd_202104.json,2026-09-27T09:43:29+09:00
oanda_ny,CAD/HKD,2021-04-08,2021-04-09,1,-36.7756,-37.7308,10000,JPY,confirmed,https://www.oanda.jp/service/swappoint/swap_ny4_cadhkd_202104.json,2026-09-27T09:43:29+09:00
oanda_ny,CAD/HKD,2021-04-09,2021-04-12,1,-34.8386,-36.5204,10000,JPY,confirmed,https://www.oanda.jp/service/swappoint/swap_ny4_cadhkd_202104.json,2026-09-27T09:43:29+09:00
oanda_ny,CAD/HKD,2021-04-12,2021-04-13,1,-36.0953,-34.9001,10000,JPY,confirmed,https://www.oanda.jp/service/swappoint/swap_ny4_cadhkd_202104.json,2026-09-27T09:43:29+09:00
oanda_ny,CAD/HKD,2021-04-13,2021-04-14,1,-35.1141,-35.8307,10000,JPY,confirmed,https://www.oanda.jp/service/swappoint/swap_ny4_cadhkd_202104.json,2026-09-27T09:43:29+09:00
oanda_ny,CAD/HKD,2021-04-14,2021-04-15,3,-83.6069,-89.8177,10000,JPY,confirmed,https://www.oanda.jp/service/swappoint/swap_ny4_cadhkd_202104.json,2026-09-27T09:43:29+09:00
oanda_ny,CAD/HKD,2021-04-15,2021-04-16,1,-33.795,-36.8889,10000,JPY,confirmed,https://www.oanda.jp/service/swappoint/swap_ny4_cadhkd_202104.json,2026-09-27T09:43:29+09:00
oanda_ny,CAD/HKD,2021-04-16,2021-04-19,1,-33.6689,-37.2506,10000,JPY,confirmed,https://www.oanda.jp/service/swappoint/swap_ny4_cadhkd_202104.json,2026-09-27T09:43:29+09:00
oanda_ny,CAD/HKD,2021-04-19,2021-04-20,1,-33.4076,-36.9616,10000,JPY,confirmed,https://www.oanda.jp/service/swappoint/swap_ny4_cadhkd_202104.json,2026-09-27T09:43:29+09:00
oanda_ny,CAD/HKD,2021-04-20,2021-04-21,1,-32.9462,-36.9468,10000,JPY,confirmed,https://www.oanda.jp/service/swappoint/swap_ny4_cadhkd_202104.json,2026-09-27T09:43:29+09:00
oanda_ny,CAD/HKD,2021-04-21,2021-04-22,3,-78.3238,-92.3272,10000,JPY,confirmed,https://www.oanda.jp/service/swappoint/swap_ny4_cadhkd_202104.json,2026-09-27T09:43:29+09:00
oanda_ny,CAD/HKD,2021-04-22,2021-04-23,1,-33.4169,-36.2609,10000,JPY,confirmed,https://www.oanda.jp/service/swappoint/swap_ny4_cadhkd_202104.json,2026-09-27T09:43:29+09:00
oanda_ny,CAD/HKD,2021-04-23,2021-04-26,1,-32.7544,-37.264,10000,JPY,confirmed,https://www.oanda.jp/service/swappoint/swap_ny4_cadhkd_202104.json,2026-09-27T09:43:29+09:00
oanda_ny,CAD/HKD,2021-04-26,2021-04-27,1,-33.9915,-39.2577,10000,JPY,confirmed,https://www.oanda.jp/service/swappoint/swap_ny4_cadhkd_202104.json,2026-09-27T09:43:29+09:00
oanda_ny,CAD/HKD,2021-04-27,2021-04-28,1,-36.0971,-38.5036,10000,JPY,confirmed,https://www.oanda.jp/service/swappoint/swap_ny4_cadhkd_202104.json,2026-09-27T09:43:29+09:00
oanda_ny,CAD/HKD,2021-04-28,2021-04-29,3,-93.4462,-90.057,10000,JPY,confirmed,https://www.oanda.jp/service/swappoint/swap_ny4_cadhkd_202104.json,2026-09-27T09:43:29+09:00
oanda_ny,CAD/HKD,2021-04-29,2021-04-30,1,-37.4854,-42.5971,10000,JPY,confirmed,https://www.oanda.jp/service/swappoint/swap_ny4_cadhkd_202104.json,2026-09-27T09:43:29+09:00
oanda_ny,CAD/HKD,2021-04-30,2021-05-03,1,-38.5857,-43.2258,10000,JPY,confirmed,https://www.oanda.jp/service/swappoint/swap_ny4_cadhkd_202104.json,2026-09-27T09:43:29+09:00
oanda_ny,CAD/HKD,2021-05-03,2021-05-04,1,-36.576,-42.4282,10000,JPY,confirmed,https://www.oanda.jp/service/swappoint/swap_ny4_cadhkd_202105.json,2026-09-27T09:43:44+09:00
oanda_ny,CAD/HKD,2021-05-04,2021-05-05,1,-34.8566,-39.7316,10000,JPY,confirmed,https://www.oanda.jp/service/swappoint/swap_ny4_cadhkd_202105.json,2026-09-27T09:43:44+09:00
oanda_ny,CAD/HKD,2021-05-05,2021-05-06,3,-81.8786,-97.5211,10000,JPY,confirmed,https://www.oanda.jp/service/swappoint/swap_ny4_cadhkd_202105.json,2026-09-27T09:43:44+09:00
oanda_ny,CAD/HKD,2021-05-06,2021-05-07,1,-37.9589,-43.3816,10000,JPY,confirmed,https://www.oanda.jp/service/swappoint/swap_ny4_cadhkd_202105.json,2026-09-27T09:43:44+09:00
oanda_ny,CAD/HKD,2021-05-07,2021-05-10,1,-36.1197,-39.5597,10000,JPY,confirmed,https://www.oanda.jp/service/swappoint/swap_ny4_cadhkd_202105.json,2026-09-27T09:43:44+09:00
oanda_ny,CAD/HKD,2021-05-10,2021-05-11,1,-36.7829,-40.9796,10000,JPY,confirmed,https://www.oanda.jp/service/swappoint/swap_ny4_cadhkd_202105.json,2026-09-27T09:43:44+09:00
oanda_ny,CAD/HKD,2021-05-11,2021-05-12,1,-36.715,-40.904,10000,JPY,confirmed,https://www.oanda.jp/service/swappoint/swap_ny4_cadhkd_202105.json,2026-09-27T09:43:44+09:00
oanda_ny,CAD/HKD,2021-05-12,2021-05-13,3,-80.8987,-101.4956,10000,JPY,confirmed,https://www.oanda.jp/service/swappoint/swap_ny4_cadhkd_202105.json,2026-09-27T09:43:44+09:00
oanda_ny,CAD/HKD,2021-05-13,2021-05-14,1,-38.5435,-44.9675,10000,JPY,confirmed,https://www.oanda.jp/service/swappoint/swap_ny4_cadhkd_202105.json,2026-09-27T09:43:44+09:00
oanda_ny,CAD/HKD,2021-05-14,2021-05-17,2,-59.2567,-71.4056,10000,JPY,confirmed,https://www.oanda.jp/service/swappoint/swap_ny4_cadhkd_202105.json,2026-09-27T09:43:44+09:00
oanda_ny,CAD/HKD,2021-05-17,2021-05-18,1,-40.5057,-46.2213,10000,JPY,confirmed,https://www.oanda.jp/service/swappoint/swap_ny4_cadhkd_202105.json,2026-09-27T09:43:44+09:00
oanda_ny,CAD/HKD,2021-05-18,2021-05-19,0,0.0,0.0,10000,JPY,confirmed,https://www.oanda.jp/service/swappoint/swap_ny4_cadhkd_202105.json,2026-09-27T09:43:44+09:00
oanda_ny,CAD/HKD,2021-05-19,2021-05-20,4,-136.9033,-161.1209,10000,JPY,confirmed,https://www.oanda.jp/service/swappoint/swap_ny4_cadhkd_202105.json,2026-09-27T09:43:44+09:00
oanda_ny,CAD/HKD,2021-05-20,2021-05-21,0,0.0,0.0,10000,JPY,confirmed,https://www.oanda.jp/service/swappoint/swap_ny4_cadhkd_202105.json,2026-09-27T09:43:44+09:00
oanda_ny,CAD/HKD,2021-05-21,2021-05-24,1,-30.2388,-35.9396,10000,JPY,confirmed,https://www.oanda.jp/service/swappoint/swap_ny4_cadhkd_202105.json,2026-09-27T09:43:44+09:00
oanda_ny,CAD/HKD,2021-05-24,2021-05-25,1,-31.2351,-34.4578,10000,JPY,confirmed,https://www.oanda.jp/service/swappoint/swap_ny4_cadhkd_202105.json,2026-09-27T09:43:44+09:00
oanda_ny,CAD/HKD,2021-05-25,2021-05-26,1,-29.4475,-36.1289,10000,JPY,confirmed,https://www.oanda.jp/service/swappoint/swap_ny4_cadhkd_202105.json,2026-09-27T09:43:44+09:00
oanda_ny,CAD/HKD,2021-05-26,2021-05-27,4,-104.5436,-119.6197,10000,JPY,confirmed,https://www.oanda.jp/service/swappoint/swap_ny4_cadhkd_202105.json,2026-09-27T09:43:44+09:00
oanda_ny,CAD/HKD,2021-05-27,2021-05-28,0,0.0,0.0,10000,JPY,confirmed,https://www.oanda.jp/service/swappoint/swap_ny4_cadhkd_202105.json,2026-09-27T09:43:44+09:00
oanda_ny,CAD/HKD,2021-05-28,2021-05-31,1,-28.4697,-37.7098,10000,JPY,confirmed,https://www.oanda.jp/service/swappoint/swap_ny4_cadhkd_202105.json,2026-09-27T09:43:44+09:00
oanda_ny,CAD/HKD,2021-05-31,2021-06-01,1,-30.6764,-36.9115,10000,JPY,confirmed,https://www.oanda.jp/service/swappoint/swap_ny4_cadhkd_202105.json,2026-09-27T09:43:44+09:00
oanda_ny,CAD/HKD,2021-06-01,2021-06-02,1,-29.1325,-37.1003,10000,JPY,confirmed,https://www.oanda.jp/service/swappoint/swap_ny4_cadhkd_202106.json,2026-09-27T09:43:58+09:00
oanda_ny,CAD/HKD,2021-06-02,2021-06-03,3,-78.4794,-93.2256,10000,JPY,confirmed,https://www.oanda.jp/service/swappoint/swap_ny4_cadhkd_202106.json,2026-09-27T09:43:58+09:00
oanda_ny,CAD/HKD,2021-06-03,2021-06-04,1,-31.0096,-35.2609,10000,JPY,confirmed,https://www.oanda.jp/service/swappoint/swap_ny4_cadhkd_202106.json,2026-09-27T09:43:58+09:00
oanda_ny,CAD/HKD,2021-06-04,2021-06-07,1,-29.6047,-36.3217,10000,JPY,confirmed,https://www.oanda.jp/service/swappoint/swap_ny4_cadhkd_202106.json,2026-09-27T09:43:58+09:00
oanda_ny,CAD/HKD,2021-06-07,2021-06-08,1,-29.2927,-36.9883,10000,JPY,confirmed,https://www.oanda.jp/service/swappoint/swap_ny4_cadhkd_202106.json,2026-09-27T09:43:58+09:00
oanda_ny,CAD/HKD,2021-06-08,2021-06-09,1,-30.2746,-35.9822,10000,JPY,confirmed,https://www.oanda.jp/service/swappoint/swap_ny4_cadhkd_202106.json,2026-09-27T09:43:58+09:00
oanda_ny,CAD/HKD,2021-06-09,2021-06-10,4,-96.4228,-124.2562,10000,JPY,confirmed,https://www.oanda.jp/service/swappoint/swap_ny4_cadhkd_202106.json,2026-09-27T09:43:58+09:00
oanda_ny,CAD/HKD,2021-06-10,2021-06-11,1,-29.5269,-35.7301,10000,JPY,confirmed,https://www.oanda.jp/service/swappoint/swap_ny4_cadhkd_202106.json,2026-09-27T09:43:58+09:00
oanda_ny,CAD/HKD,2021-06-11,2021-06-14,0,0.0,0.0,10000,JPY,confirmed,https://www.oanda.jp/service/swappoint/swap_ny4_cadhkd_202106.json,2026-09-27T09:43:58+09:00
oanda_ny,CAD/HKD,2021-06-14,2021-06-15,1,-48.2636,-52.7417,10000,JPY,confirmed,https://www.oanda.jp/service/swappoint/swap_ny4_cadhkd_202106.json,2026-09-27T09:43:58+09:00
oanda_ny,CAD/HKD,2021-06-15,2021-06-16,1,-30.991,-35.2057,10000,JPY,confirmed,https://www.oanda.jp/service/swappoint/swap_ny4_cadhkd_202106.json,2026-09-27T09:43:58+09:00
oanda_ny,CAD/HKD,2021-06-16,2021-06-17,3,-77.2395,-92.836,10000,JPY,confirmed,https://www.oanda.jp/service/swappoint/swap_ny4_cadhkd_202106.json,2026-09-27T09:43:58+09:00
oanda_ny,CAD/HKD,2021-06-17,2021-06-18,1,-31.3563,-39.1954,10000,JPY,confirmed,https://www.oanda.jp/service/swappoint/swap_ny4_cadhkd_202106.json,2026-09-27T09:43:58+09:00
oanda_ny,CAD/HKD,2021-06-18,2021-06-21,1,-29.8613,-35.9307,10000,JPY,confirmed,https://www.oanda.jp/service/swappoint/swap_ny4_cadhkd_202106.json,2026-09-27T09:43:58+09:00
oanda_ny,CAD/HKD,2021-06-21,2021-06-22,1,-30.6265,-35.2818,10000,JPY,confirmed,https://www.oanda.jp/service/swappoint/swap_ny4_cadhkd_202106.json,2026-09-27T09:43:58+09:00
oanda_ny,CAD/HKD,2021-06-22,2021-06-23,1,-30.3671,-35.5518,10000,JPY,confirmed,https://www.oanda.jp/service/swappoint/swap_ny4_cadhkd_202106.json,2026-09-27T09:43:58+09:00
oanda_ny,CAD/HKD,2021-06-23,2021-06-24,3,-76.4867,-100.9921,10000,JPY,confirmed,https://www.oanda.jp/service/swappoint/swap_ny4_cadhkd_202106.json,2026-09-27T09:43:58+09:00
oanda_ny,CAD/HKD,2021-06-24,2021-06-25,1,-31.6209,-38.2909,10000,JPY,confirmed,https://www.oanda.jp/service/swappoint/swap_ny4_cadhkd_202106.json,2026-09-27T09:43:58+09:00
oanda_ny,CAD/HKD,2021-06-25,2021-06-28,1,-30.1822,-35.8723,10000,JPY,confirmed,https://www.oanda.jp/service/swappoint/swap_ny4_cadhkd_202106.json,2026-09-27T09:43:58+09:00
oanda_ny,CAD/HKD,2021-06-28,2021-06-29,2,-79.2608,-47.7534,10000,JPY,confirmed,https://www.oanda.jp/service/swappoint/swap_ny4_cadhkd_202106.json,2026-09-27T09:43:58+09:00
oanda_ny,CAD/HKD,2021-06-29,2021-06-30,4,-109.6241,-124.3059,10000,JPY,confirmed,https://www.oanda.jp/service/swappoint/swap_ny4_cadhkd_202106.json,2026-09-27T09:43:58+09:00
oanda_ny,CAD/HKD,2021-06-30,2021-07-01,0,0.0,0.0,10000,JPY,confirmed,https://www.oanda.jp/service/swappoint/swap_ny4_cadhkd_202106.json,2026-09-27T09:43:58+09:00
oanda_ny,CAD/HKD,2021-07-01,2021-07-02,0,0.0,0.0,10000,JPY,confirmed,https://www.oanda.jp/service/swappoint/swap_ny4_cadhkd_202107.json,2026-09-27T09:44:13+09:00
oanda_ny,CAD/HKD,2021-07-02,2021-07-05,1,-29.4368,-37.1052,10000,JPY,confirmed,https://www.oanda.jp/service/swappoint/swap_ny4_cadhkd_202107.json,2026-09-27T09:44:13+09:00
oanda_ny,CAD/HKD,2021-07-05,2021-07-06,1,-28.8871,-37.2816,10000,JPY,confirmed,https://www.oanda.jp/service/swappoint/swap_ny4_cadhkd_202107.json,2026-09-27T09:44:13+09:00
oanda_ny,CAD/HKD,2021-07-06,2021-07-07,1,-29.0117,-36.5694,10000,JPY,confirmed,https://www.oanda.jp/service/swappoint/swap_ny4_cadhkd_202107.json,2026-09-27T09:44:13+09:00
oanda_ny,CAD/HKD,2021-07-07,2021-07-08,3,-75.9102,-97.0775,10000,JPY,confirmed,https://www.oanda.jp/service/swappoint/swap_ny4_cadhkd_202107.json,2026-09-27T09:44:13+09:00
oanda_ny,CAD/HKD,2021-07-08,2021-07-09,1,-30.5333,-34.6204,10000,JPY,confirmed,https://www.oanda.jp/service/swappoint/swap_ny4_cadhkd_202107.json,2026-09-27T09:44:13+09:00
oanda_ny,CAD/HKD,2021-07-09,2021-07-12,1,-29.3924,-35.951,10000,JPY,confirmed,https://www.oanda.jp/service/swappoint/swap_ny4_cadhkd_202107.json,2026-09-27T09:44:13+09:00
oanda_ny,CAD/HKD,2021-07-12,2021-07-13,1,-29.4369,-35.7622,10000,JPY,confirmed,https://www.oanda.jp/service/swappoint/swap_ny4_cadhkd_202107.json,2026-09-27T09:44:13+09:00
oanda_ny,CAD/HKD,2021-07-13,2021-07-14,1,-29.1211,-35.9161,10000,JPY,confirmed,https://www.oanda.jp/service/swappoint/swap_ny4_cadhkd_202107.json,2026-09-27T09:44:13+09:00
oanda_ny,CAD/HKD,2021-07-14,2021-07-15,3,-71.6639,-94.828,10000,JPY,confirmed,https://www.oanda.jp/service/swappoint/swap_ny4_cadhkd_202107.json,2026-09-27T09:44:13+09:00
oanda_ny,CAD/HKD,2021-07-15,2021-07-16,1,-29.6919,-38.5515,10000,JPY,confirmed,https://www.oanda.jp/service/swappoint/swap_ny4_cadhkd_202107.json,2026-09-27T09:44:13+09:00
oanda_ny,CAD/HKD,2021-07-16,2021-07-19,1,-28.2749,-35.9427,10000,JPY,confirmed,https://www.oanda.jp/service/swappoint/swap_ny4_cadhkd_202107.json,2026-09-27T09:44:13+09:00
oanda_ny,CAD/HKD,2021-07-19,2021-07-20,1,-27.5747,-35.5879,10000,JPY,confirmed,https://www.oanda.jp/service/swappoint/swap_ny4_cadhkd_202107.json,2026-09-27T09:44:13+09:00
oanda_ny,CAD/HKD,2021-07-20,2021-07-21,1,-29.7289,-37.8151,10000,JPY,confirmed,https://www.oanda.jp/service/swappoint/swap_ny4_cadhkd_202107.json,2026-09-27T09:44:13+09:00
oanda_ny,CAD/HKD,2021-07-21,2021-07-22,3,-70.8916,-95.4866,10000,JPY,confirmed,https://www.oanda.jp/service/swappoint/swap_ny4_cadhkd_202107.json,2026-09-27T09:44:13+09:00
oanda_ny,CAD/HKD,2021-07-22,2021-07-23,1,-27.683,-36.8304,10000,JPY,confirmed,https://www.oanda.jp/service/swappoint/swap_ny4_cadhkd_202107.json,2026-09-27T09:44:13+09:00
oanda_ny,CAD/HKD,2021-07-23,2021-07-26,1,-28.2643,-36.4779,10000,JPY,confirmed,https://www.oanda.jp/service/swappoint/swap_ny4_cadhkd_202107.json,2026-09-27T09:44:13+09:00
oanda_ny,CAD/HKD,2021-07-26,2021-07-27,1,-30.9216,-36.7195,10000,JPY,confirmed,https://www.oanda.jp/service/swappoint/swap_ny4_cadhkd_202107.json,2026-09-27T09:44:13+09:00
oanda_ny,CAD/HKD,2021-07-27,2021-07-28,1,-30.8498,-37.3067,10000,JPY,confirmed,https://www.oanda.jp/service/swappoint/swap_ny4_cadhkd_202107.json,2026-09-27T09:44:13+09:00
oanda_ny,CAD/HKD,2021-07-28,2021-07-29,4,-106.0165,-120.4733,10000,JPY,confirmed,https://www.oanda.jp/service/swappoint/swap_ny4_cadhkd_202107.json,2026-09-27T09:44:13+09:00
oanda_ny,CAD/HKD,2021-07-29,2021-07-30,0,0.0,0.0,10000,JPY,confirmed,https://www.oanda.jp/service/swappoint/swap_ny4_cadhkd_202107.json,2026-09-27T09:44:13+09:00
oanda_ny,CAD/HKD,2021-07-30,2021-08-02,1,-29.2054,-35.9636,10000,JPY,confirmed,https://www.oanda.jp/service/swappoint/swap_ny4_cadhkd_202107.json,2026-09-27T09:44:13+09:00
oanda_ny,CAD/HKD,2021-08-02,2021-08-03,1,-29.2749,-35.7538,10000,JPY,confirmed,https://www.oanda.jp/service/swappoint/swap_ny4_cadhkd_202108.json,2026-09-27T09:44:28+09:00
oanda_ny,CAD/HKD,2021-08-03,2021-08-04,1,-29.3663,-34.6188,10000,JPY,confirmed,https://www.oanda.jp/service/swappoint/swap_ny4_cadhkd_202108.json,2026-09-27T09:44:28+09:00
oanda_ny,CAD/HKD,2021-08-04,2021-08-05,3,-74.0615,-91.3185,10000,JPY,confirmed,https://www.oanda.jp/service/swappoint/swap_ny4_cadhkd_202108.json,2026-09-27T09:44:28+09:00
oanda_ny,CAD/HKD,2021-08-05,2021-08-06,1,-24.585,-30.8517,10000,JPY,confirmed,https://www.oanda.jp/service/swappoint/swap_ny4_cadhkd_202108.json,2026-09-27T09:44:28+09:00
oanda_ny,CAD/HKD,2021-08-06,2021-08-09,1,-28.4375,-35.9084,10000,JPY,confirmed,https://www.oanda.jp/service/swappoint/swap_ny4_cadhkd_202108.json,2026-09-27T09:44:28+09:00
oanda_ny,CAD/HKD,2021-08-09,2021-08-10,1,-29.1399,-39.0138,10000,JPY,confirmed,https://www.oanda.jp/service/swappoint/swap_ny4_cadhkd_202108.json,2026-09-27T09:44:28+09:00
oanda_ny,CAD/HKD,2021-08-10,2021-08-11,1,-31.5194,-42.1874,10000,JPY,confirmed,https://www.oanda.jp/service/swappoint/swap_ny4_cadhkd_202108.json,2026-09-27T09:44:28+09:00
oanda_ny,CAD/HKD,2021-08-11,2021-08-12,3,-73.466,-101.8341,10000,JPY,confirmed,https://www.oanda.jp/service/swappoint/swap_ny4_cadhkd_202108.json,2026-09-27T09:44:28+09:00
oanda_ny,CAD/HKD,2021-08-12,2021-08-13,1,-31.9448,-41.6251,10000,JPY,confirmed,https://www.oanda.jp/service/swappoint/swap_ny4_cadhkd_202108.json,2026-09-27T09:44:28+09:00
oanda_ny,CAD/HKD,2021-08-13,2021-08-16,1,-32.942,-40.1556,10000,JPY,confirmed,https://www.oanda.jp/service/swappoint/swap_ny4_cadhkd_202108.json,2026-09-27T09:44:28+09:00
oanda_ny,CAD/HKD,2021-08-16,2021-08-17,1,-32.4469,-40.0815,10000,JPY,confirmed,https://www.oanda.jp/service/swappoint/swap_ny4_cadhkd_202108.json,2026-09-27T09:44:28+09:00
oanda_ny,CAD/HKD,2021-08-17,2021-08-18,1,-32.6344,-39.7806,10000,JPY,confirmed,https://www.oanda.jp/service/swappoint/swap_ny4_cadhkd_202108.json,2026-09-27T09:44:28+09:00
oanda_ny,CAD/HKD,2021-08-18,2021-08-19,3,-97.1257,-119.2647,10000,JPY,confirmed,https://www.oanda.jp/service/swappoint/swap_ny4_cadhkd_202108.json,2026-09-27T09:44:28+09:00
oanda_ny,CAD/HKD,2021-08-19,2021-08-20,1,-31.9425,-39.4584,10000,JPY,confirmed,https://www.oanda.jp/service/swappoint/swap_ny4_cadhkd_202108.json,2026-09-27T09:44:28+09:00
oanda_ny,CAD/HKD,2021-08-20,2021-08-23,1,-34.5616,-43.4959,10000,JPY,confirmed,https://www.oanda.jp/service/swappoint/swap_ny4_cadhkd_202108.json,2026-09-27T09:44:28+09:00
oanda_ny,CAD/HKD,2021-08-23,2021-08-24,1,-35.7138,-43.3327,10000,JPY,confirmed,https://www.oanda.jp/service/swappoint/swap_ny4_cadhkd_202108.json,2026-09-27T09:44:28+09:00
oanda_ny,CAD/HKD,2021-08-24,2021-08-25,1,-30.8413,-41.839,10000,JPY,confirmed,https://www.oanda.jp/service/swappoint/swap_ny4_cadhkd_202108.json,2026-09-27T09:44:28+09:00
oanda_ny,CAD/HKD,2021-08-25,2021-08-26,3,-70.5098,-102.8868,10000,JPY,confirmed,https://www.oanda.jp/service/swappoint/swap_ny4_cadhkd_202108.json,2026-09-27T09:44:28+09:00
oanda_ny,CAD/HKD,2021-08-26,2021-08-27,1,-34.0616,-45.0185,10000,JPY,confirmed,https://www.oanda.jp/service/swappoint/swap_ny4_cadhkd_202108.json,2026-09-27T09:44:28+09:00
oanda_ny,CAD/HKD,2021-08-27,2021-08-30,1,-31.3087,-41.3466,10000,JPY,confirmed,https://www.oanda.jp/service/swappoint/swap_ny4_cadhkd_202108.json,2026-09-27T09:44:28+09:00
oanda_ny,CAD/HKD,2021-08-30,2021-08-31,1,-32.3132,-40.4514,10000,JPY,confirmed,https://www.oanda.jp/service/swappoint/swap_ny4_cadhkd_202108.json,2026-09-27T09:44:28+09:00
oanda_ny,CAD/HKD,2021-08-31,2021-09-01,1,-31.597,-41.4112,10000,JPY,confirmed,https://www.oanda.jp/service/swappoint/swap_ny4_cadhkd_202108.json,2026-09-27T09:44:28+09:00
oanda_ny,CAD/HKD,2021-09-01,2021-09-02,4,-95.7352,-129.2425,10000,JPY,confirmed,https://www.oanda.jp/service/swappoint/swap_ny4_cadhkd_202109.json,2026-09-27T09:44:42+09:00
oanda_ny,CAD/HKD,2021-09-02,2021-09-03,0,0.0,0.0,10000,JPY,confirmed,https://www.oanda.jp/service/swappoint/swap_ny4_cadhkd_202109.json,2026-09-27T09:44:42+09:00
oanda_ny,CAD/HKD,2021-09-03,2021-09-06,1,-31.2574,-41.3559,10000,JPY,confirmed,https://www.oanda.jp/service/swappoint/swap_ny4_cadhkd_202109.json,2026-09-27T09:44:42+09:00
oanda_ny,CAD/HKD,2021-09-06,2021-09-07,1,-34.6513,-44.9985,10000,JPY,confirmed,https://www.oanda.jp/service/swappoint/swap_ny4_cadhkd_202109.json,2026-09-27T09:44:42+09:00
oanda_ny,CAD/HKD,2021-09-07,2021-09-08,1,-30.8845,-41.6582,10000,JPY,confirmed,https://www.oanda.jp/service/swappoint/swap_ny4_cadhkd_202109.json,2026-09-27T09:44:42+09:00
oanda_ny,CAD/HKD,2021-09-08,2021-09-09,3,-71.5494,-101.6001,10000,JPY,confirmed,https://www.oanda.jp/service/swappoint/swap_ny4_cadhkd_202109.json,2026-09-27T09:44:42+09:00
oanda_ny,CAD/HKD,2021-09-09,2021-09-10,1,-31.1634,-41.3926,10000,JPY,confirmed,https://www.oanda.jp/service/swappoint/swap_ny4_cadhkd_202109.json,2026-09-27T09:44:42+09:00
oanda_ny,CAD/HKD,2021-09-10,2021-09-13,1,-31.1397,-41.1234,10000,JPY,confirmed,https://www.oanda.jp/service/swappoint/swap_ny4_cadhkd_202109.json,2026-09-27T09:44:42+09:00
oanda_ny,CAD/HKD,2021-09-13,2021-09-14,1,-31.5093,-41.2962,10000,JPY,confirmed,https://www.oanda.jp/service/swappoint/swap_ny4_cadhkd_202109.json,2026-09-27T09:44:42+09:00
oanda_ny,CAD/HKD,2021-09-14,2021-09-15,1,-31.3121,-41.0379,10000,JPY,confirmed,https://www.oanda.jp/service/swappoint/swap_ny4_cadhkd_202109.json,2026-09-27T09:44:42+09:00
oanda_ny,CAD/HKD,2021-09-15,2021-09-16,3,-93.3909,-123.3331,10000,JPY,confirmed,https://www.oanda.jp/service/swappoint/swap_ny4_cadhkd_202109.json,2026-09-27T09:44:42+09:00
oanda_ny,CAD/HKD,2021-09-16,2021-09-17,1,-30.4048,-42.0441,10000,JPY,confirmed,https://www.oanda.jp/service/swappoint/swap_ny4_cadhkd_202109.json,2026-09-27T09:44:42+09:00
oanda_ny,CAD/HKD,2021-09-17,2021-09-20,2,-60.534,-83.7072,10000,JPY,confirmed,https://www.oanda.jp/service/swappoint/swap_ny4_cadhkd_202109.json,2026-09-27T09:44:42+09:00
oanda_ny,CAD/HKD,2021-09-20,2021-09-21,1,-31.3672,-41.1987,10000,JPY,confirmed,https://www.oanda.jp/service/swappoint/swap_ny4_cadhkd_202109.json,2026-09-27T09:44:42+09:00
oanda_ny,CAD/HKD,2021-09-21,2021-09-22,0,0.0,0.0,10000,JPY,confirmed,https://www.oanda.jp/service/swappoint/swap_ny4_cadhkd_202109.json,2026-09-27T09:44:42+09:00
oanda_ny,CAD/HKD,2021-09-22,2021-09-23,3,-92.7512,-122.4882,10000,JPY,confirmed,https://www.oanda.jp/service/swappoint/swap_ny4_cadhkd_202109.json,2026-09-27T09:44:42+09:00
oanda_ny,CAD/HKD,2021-09-23,2021-09-24,1,-30.6317,-42.358,10000,JPY,confirmed,https://www.oanda.jp/service/swappoint/swap_ny4_cadhkd_202109.json,2026-09-27T09:44:42+09:00
oanda_ny,CAD/HKD,2021-09-24,2021-09-27,1,-31.7202,-41.5726,10000,JPY,confirmed,https://www.oanda.jp/service/swappoint/swap_ny4_cadhkd_202109.json,2026-09-27T09:44:42+09:00
oanda_ny,CAD/HKD,2021-09-27,2021-09-28,5,-141.1674,-160.4723,10000,JPY,confirmed,https://www.oanda.jp/service/swappoint/swap_ny4_cadhkd_202109.json,2026-09-27T09:44:42+09:00
oanda_ny,CAD/HKD,2021-09-28,2021-09-29,0,0.0,0.0,10000,JPY,confirmed,https://www.oanda.jp/service/swappoint/swap_ny4_cadhkd_202109.json,2026-09-27T09:44:42+09:00
oanda_ny,CAD/HKD,2021-09-29,2021-09-30,1,-32.5474,-41.2268,10000,JPY,confirmed,https://www.oanda.jp/service/swappoint/swap_ny4_cadhkd_202109.json,2026-09-27T09:44:42+09:00
oanda_ny,CAD/HKD,2021-09-30,2021-10-01,0,0.0,0.0,10000,JPY,confirmed,https://www.oanda.jp/service/swappoint/swap_ny4_cadhkd_202109.json,2026-09-27T09:44:42+09:00
oanda_ny,CAD/HKD,2021-10-01,2021-10-04,1,-31.8274,-41.4721,10000,JPY,confirmed,https://www.oanda.jp/service/swappoint/swap_ny4_cadhkd_202110.json,2026-09-27T09:44:57+09:00
oanda_ny,CAD/HKD,2021-10-04,2021-10-05,1,-31.6877,-41.8471,10000,JPY,confirmed,https://www.oanda.jp/service/swappoint/swap_ny4_cadhkd_202110.json,2026-09-27T09:44:57+09:00
oanda_ny,CAD/HKD,2021-10-05,2021-10-06,1,-32.5892,-41.831,10000,JPY,confirmed,https://www.oanda.jp/service/swappoint/swap_ny4_cadhkd_202110.json,2026-09-27T09:44:57+09:00
oanda_ny,CAD/HKD,2021-10-06,2021-10-07,4,-132.1458,-163.2389,10000,JPY,confirmed,https://www.oanda.jp/service/swappoint/swap_ny4_cadhkd_202110.json,2026-09-27T09:44:57+09:00
oanda_ny,CAD/HKD,2021-10-07,2021-10-08,0,0.0,0.0,10000,JPY,confirmed,https://www.oanda.jp/service/swappoint/swap_ny4_cadhkd_202110.json,2026-09-27T09:44:57+09:00
oanda_ny,CAD/HKD,2021-10-08,2021-10-11,1,-33.8412,-41.7458,10000,JPY,confirmed,https://www.oanda.jp/service/swappoint/swap_ny4_cadhkd_202110.json,2026-09-27T09:44:57+09:00
oanda_ny,CAD/HKD,2021-10-11,2021-10-12,2,-56.3208,-72.7684,10000,JPY,confirmed,https://www.oanda.jp/service/swappoint/swap_ny4_cadhkd_202110.json,2026-09-27T09:44:57+09:00
oanda_ny,CAD/HKD,2021-10-12,2021-10-13,3,-85.548,-108.0606,10000,JPY,confirmed,https://www.oanda.jp/service/swappoint/swap_ny4_cadhkd_202110.json,2026-09-27T09:44:57+09:00
oanda_ny,CAD/HKD,2021-10-13,2021-10-14,0,0.0,0.0,10000,JPY,confirmed,https://www.oanda.jp/service/swappoint/swap_ny4_cadhkd_202110.json,2026-09-27T09:44:57+09:00
oanda_ny,CAD/HKD,2021-10-14,2021-10-15,1,-40.3651,-48.4381,10000,JPY,confirmed,https://www.oanda.jp/service/swappoint/swap_ny4_cadhkd_202110.json,2026-09-27T09:44:57+09:00
oanda_ny,CAD/HKD,2021-10-15,2021-10-18,1,-35.0153,-43.3885,10000,JPY,confirmed,https://www.oanda.jp/service/swappoint/swap_ny4_cadhkd_202110.json,2026-09-27T09:44:57+09:00
oanda_ny,CAD/HKD,2021-10-18,2021-10-19,1,-35.7447,-41.8289,10000,JPY,confirmed,https://www.oanda.jp/service/swappoint/swap_ny4_cadhkd_202110.json,2026-09-27T09:44:57+09:00
oanda_ny,CAD/HKD,2021-10-19,2021-10-20,1,-34.28,-43.4213,10000,JPY,confirmed,https://www.oanda.jp/service/swappoint/swap_ny4_cadhkd_202110.json,2026-09-27T09:44:57+09:00
oanda_ny,CAD/HKD,2021-10-20,2021-10-21,3,-77.9576,-107.7649,10000,JPY,confirmed,https://www.oanda.jp/service/swappoint/swap_ny4_cadhkd_202110.json,2026-09-27T09:44:57+09:00
oanda_ny,CAD/HKD,2021-10-21,2021-10-22,1,-34.9107,-42.247,10000,JPY,confirmed,https://www.oanda.jp/service/swappoint/swap_ny4_cadhkd_202110.json,2026-09-27T09:44:57+09:00
oanda_ny,CAD/HKD,2021-10-22,2021-10-25,1,-34.7774,-42.3377,10000,JPY,confirmed,https://www.oanda.jp/service/swappoint/swap_ny4_cadhkd_202110.json,2026-09-27T09:44:57+09:00
oanda_ny,CAD/HKD,2021-10-25,2021-10-26,1,-35.0385,-41.8446,10000,JPY,confirmed,https://www.oanda.jp/service/swappoint/swap_ny4_cadhkd_202110.json,2026-09-27T09:44:57+09:00
oanda_ny,CAD/HKD,2021-10-26,2021-10-27,1,-36.1693,-41.228,10000,JPY,confirmed,https://www.oanda.jp/service/swappoint/swap_ny4_cadhkd_202110.json,2026-09-27T09:44:57+09:00
oanda_ny,CAD/HKD,2021-10-27,2021-10-28,3,-112.2276,-126.6352,10000,JPY,confirmed,https://www.oanda.jp/service/swappoint/swap_ny4_cadhkd_202110.json,2026-09-27T09:44:57+09:00
oanda_ny,CAD/HKD,2021-10-28,2021-10-29,1,-39.6483,-43.1838,10000,JPY,confirmed,https://www.oanda.jp/service/swappoint/swap_ny4_cadhkd_202110.json,2026-09-27T09:44:57+09:00
oanda_ny,CAD/HKD,2021-10-29,2021-11-01,1,-39.4223,-43.971,10000,JPY,confirmed,https://www.oanda.jp/service/swappoint/swap_ny4_cadhkd_202110.json,2026-09-27T09:44:57+09:00
oanda_ny,CAD/HKD,2021-11-01,2021-11-02,1,-37.6992,-42.5065,10000,JPY,confirmed,https://www.oanda.jp/service/swappoint/swap_ny4_cadhkd_202111.json,2026-09-27T09:45:11+09:00
oanda_ny,CAD/HKD,2021-11-02,2021-11-03,1,-37.2942,-42.8379,10000,JPY,confirmed,https://www.oanda.jp/service/swappoint/swap_ny4_cadhkd_202111.json,2026-09-27T09:45:11+09:00
oanda_ny,CAD/HKD,2021-11-03,2021-11-04,3,-111.4003,-129.5881,10000,JPY,confirmed,https://www.oanda.jp/service/swappoint/swap_ny4_cadhkd_202111.json,2026-09-27T09:45:11+09:00
oanda_ny,CAD/HKD,2021-11-04,2021-11-05,1,-36.1001,-41.6154,10000,JPY,confirmed,https://www.oanda.jp/service/swappoint/swap_ny4_cadhkd_202111.json,2026-09-27T09:45:11+09:00
oanda_ny,CAD/HKD,2021-11-05,2021-11-08,1,-34.9912,-41.4896,10000,JPY,confirmed,https://www.oanda.jp/service/swappoint/swap_ny4_cadhkd_202111.json,2026-09-27T09:45:11+09:00
oanda_ny,CAD/HKD,2021-11-08,2021-11-09,2,-70.944,-84.4333,10000,JPY,confirmed,https://www.oanda.jp/service/swappoint/swap_ny4_cadhkd_202111.json,2026-09-27T09:45:11+09:00
oanda_ny,CAD/HKD,2021-11-09,2021-11-10,0,0.0,0.0,10000,JPY,confirmed,https://www.oanda.jp/service/swappoint/swap_ny4_cadhkd_202111.json,2026-09-27T09:45:11+09:00
oanda_ny,CAD/HKD,2021-11-10,2021-11-11,3,-105.1408,-122.414,10000,JPY,confirmed,https://www.oanda.jp/service/swappoint/swap_ny4_cadhkd_202111.json,2026-09-27T09:45:11+09:00
oanda_ny,CAD/HKD,2021-11-11,2021-11-12,1,-34.3644,-41.835,10000,JPY,confirmed,https://www.oanda.jp/service/swappoint/swap_ny4_cadhkd_202111.json,2026-09-27T09:45:11+09:00
oanda_ny,CAD/HKD,2021-11-12,2021-11-15,1,-34.6302,-42.3535,10000,JPY,confirmed,https://www.oanda.jp/service/swappoint/swap_ny4_cadhkd_202111.json,2026-09-27T09:45:11+09:00
oanda_ny,CAD/HKD,2021-11-15,2021-11-16,1,-40.5614,-47.0713,10000,JPY,confirmed,https://www.oanda.jp/service/swappoint/swap_ny4_cadhkd_202111.json,2026-09-27T09:45:11+09:00
oanda_ny,CAD/HKD,2021-11-16,2021-11-17,1,-37.6471,-39.4039,10000,JPY,confirmed,https://www.oanda.jp/service/swappoint/swap_ny4_cadhkd_202111.json,2026-09-27T09:45:11+09:00
oanda_ny,CAD/HKD,2021-11-17,2021-11-18,3,-83.4661,-87.9375,10000,JPY,confirmed,https://www.oanda.jp/service/swappoint/swap_ny4_cadhkd_202111.json,2026-09-27T09:45:11+09:00
oanda_ny,CAD/HKD,2021-11-18,2021-11-19,1,-27.8764,-28.6231,10000,JPY,confirmed,https://www.oanda.jp/service/swappoint/swap_ny4_cadhkd_202111.json,2026-09-27T09:45:11+09:00
oanda_ny,CAD/HKD,2021-11-19,2021-11-22,1,-26.7486,-29.9684,10000,JPY,confirmed,https://www.oanda.jp/service/swappoint/swap_ny4_cadhkd_202111.json,2026-09-27T09:45:11+09:00
oanda_ny,CAD/HKD,2021-11-22,2021-11-23,2,-59.5929,-68.5319,10000,JPY,confirmed,https://www.oanda.jp/service/swappoint/swap_ny4_cadhkd_202111.json,2026-09-27T09:45:11+09:00
oanda_ny,CAD/HKD,2021-11-23,2021-11-24,0,0.0,0.0,10000,JPY,confirmed,https://www.oanda.jp/service/swappoint/swap_ny4_cadhkd_202111.json,2026-09-27T09:45:11+09:00
oanda_ny,CAD/HKD,2021-11-24,2021-11-25,3,-72.0333,-87.0403,10000,JPY,confirmed,https://www.oanda.jp/service/swappoint/swap_ny4_cadhkd_202111.json,2026-09-27T09:45:11+09:00
oanda_ny,CAD/HKD,2021-11-25,2021-11-26,1,-25.0407,-30.8,10000,JPY,confirmed,https://www.oanda.jp/service/swappoint/swap_ny4_cadhkd_202111.json,2026-09-27T09:45:11+09:00
oanda_ny,CAD/HKD,2021-11-26,2021-11-29,1,-25.8008,-29.6952,10000,JPY,confirmed,https://www.oanda.jp/service/swappoint/swap_ny4_cadhkd_202111.json,2026-09-27T09:45:11+09:00
oanda_ny,CAD/HKD,2021-11-29,2021-11-30,1,-35.4794,-39.3944,10000,JPY,confirmed,https://www.oanda.jp/service/swappoint/swap_ny4_cadhkd_202111.json,2026-09-27T09:45:11+09:00
oanda_ny,CAD/HKD,2021-11-30,2021-12-01,1,-35.9762,-39.1363,10000,JPY,confirmed,https://www.oanda.jp/service/swappoint/swap_ny4_cadhkd_202111.json,2026-09-27T09:45:11+09:00
oanda_ny,CAD/HKD,2021-12-01,2021-12-02,3,-73.1915,-84.0615,10000,JPY,confirmed,https://www.oanda.jp/service/swappoint/swap_ny4_cadhkd_202112.json,2026-09-27T09:45:26+09:00
oanda_ny,CAD/HKD,2021-12-02,2021-12-03,1,-24.7507,-29.6038,10000,JPY,confirmed,https://www.oanda.jp/service/swappoint/swap_ny4_cadhkd_202112.json,2026-09-27T09:45:26+09:00
oanda_ny,CAD/HKD,2021-12-03,2021-12-06,1,-24.8367,-30.1417,10000,JPY,confirmed,https://www.oanda.jp/service/swappoint/swap_ny4_cadhkd_202112.json,2026-09-27T09:45:26+09:00
oanda_ny,CAD/HKD,2021-12-06,2021-12-07,1,-26.8677,-32.2413,10000,JPY,confirmed,https://www.oanda.jp/service/swappoint/swap_ny4_cadhkd_202112.json,2026-09-27T09:45:26+09:00
oanda_ny,CAD/HKD,2021-12-07,2021-12-08,1,-24.1702,-32.0625,10000,JPY,confirmed,https://www.oanda.jp/service/swappoint/swap_ny4_cadhkd_202112.json,2026-09-27T09:45:26+09:00
oanda_ny,CAD/HKD,2021-12-08,2021-12-09,3,-76.2339,-103.6189,10000,JPY,confirmed,https://www.oanda.jp/service/swappoint/swap_ny4_cadhkd_202112.json,2026-09-27T09:45:26+09:00
oanda_ny,CAD/HKD,2021-12-09,2021-12-10,1,-25.234,-34.2987,10000,JPY,confirmed,https://www.oanda.jp/service/swappoint/swap_ny4_cadhkd_202112.json,2026-09-27T09:45:26+09:00
oanda_ny,CAD/HKD,2021-12-10,2021-12-13,1,-24.9453,-34.7278,10000,JPY,confirmed,https://www.oanda.jp/service/swappoint/swap_ny4_cadhkd_202112.json,2026-09-27T09:45:26+09:00
oanda_ny,CAD/HKD,2021-12-13,2021-12-14,1,-24.8297,-34.3234,10000,JPY,confirmed,https://www.oanda.jp/service/swappoint/swap_ny4_cadhkd_202112.json,2026-09-27T09:45:26+09:00
oanda_ny,CAD/HKD,2021-12-14,2021-12-15,1,-24.7591,-34.2259,10000,JPY,confirmed,https://www.oanda.jp/service/swappoint/swap_ny4_cadhkd_202112.json,2026-09-27T09:45:26+09:00
oanda_ny,CAD/HKD,2021-12-15,2021-12-16,3,-73.2006,-103.9449,10000,JPY,confirmed,https://www.oanda.jp/service/swappoint/swap_ny4_cadhkd_202112.json,2026-09-27T09:45:26+09:00
oanda_ny,CAD/HKD,2021-12-16,2021-12-17,1,-24.4337,-35.4289,10000,JPY,confirmed,https://www.oanda.jp/service/swappoint/swap_ny4_cadhkd_202112.json,2026-09-27T09:45:26+09:00
oanda_ny,CAD/HKD,2021-12-17,2021-12-20,1,-26.1524,-35.5963,10000,JPY,confirmed,https://www.oanda.jp/service/swappoint/swap_ny4_cadhkd_202112.json,2026-09-27T09:45:26+09:00
oanda_ny,CAD/HKD,2021-12-20,2021-12-21,1,-25.786,-33.7387,10000,JPY,confirmed,https://www.oanda.jp/service/swappoint/swap_ny4_cadhkd_202112.json,2026-09-27T09:45:26+09:00
oanda_ny,CAD/HKD,2021-12-21,2021-12-22,1,-26.6799,-33.2286,10000,JPY,confirmed,https://www.oanda.jp/service/swappoint/swap_ny4_cadhkd_202112.json,2026-09-27T09:45:26+09:00
oanda_ny,CAD/HKD,2021-12-22,2021-12-23,5,-145.16,-142.7204,10000,JPY,confirmed,https://www.oanda.jp/service/swappoint/swap_ny4_cadhkd_202112.json,2026-09-27T09:45:26+09:00
oanda_ny,CAD/HKD,2021-12-23,2021-12-24,0,0.0,0.0,10000,JPY,confirmed,https://www.oanda.jp/service/swappoint/swap_ny4_cadhkd_202112.json,2026-09-27T09:45:26+09:00
oanda_ny,CAD/HKD,2021-12-24,2021-12-27,0,0.0,0.0,10000,JPY,confirmed,https://www.oanda.jp/service/swappoint/swap_ny4_cadhkd_202112.json,2026-09-27T09:45:26+09:00
oanda_ny,CAD/HKD,2021-12-27,2021-12-28,1,-34.5304,-31.5707,10000,JPY,confirmed,https://www.oanda.jp/service/swappoint/swap_ny4_cadhkd_202112.json,2026-09-27T09:45:26+09:00
oanda_ny,CAD/HKD,2021-12-28,2021-12-29,1,-33.452,-26.8108,10000,JPY,confirmed,https://www.oanda.jp/service/swappoint/swap_ny4_cadhkd_202112.json,2026-09-27T09:45:26+09:00
oanda_ny,CAD/HKD,2021-12-29,2021-12-30,4,-176.6789,-80.9367,10000,JPY,confirmed,https://www.oanda.jp/service/swappoint/swap_ny4_cadhkd_202112.json,2026-09-27T09:45:26+09:00
oanda_ny,CAD/HKD,2021-12-30,2021-12-31,0,0.0,0.0,10000,JPY,confirmed,https://www.oanda.jp/service/swappoint/swap_ny4_cadhkd_202112.json,2026-09-27T09:45:26+09:00
oanda_ny,CAD/HKD,2021-12-31,2022-01-03,1,-28.9949,-31.4945,10000,JPY,confirmed,https://www.oanda.jp/service/swappoint/swap_ny4_cadhkd_202112.json,2026-09-27T09:45:26+09:00
oanda_ny,CAD/HKD,2022-01-03,2022-01-04,1,-27.5745,-32.5429,10000,JPY,confirmed,https://www.oanda.jp/service/swappoint/swap_ny4_cadhkd_202201.json,2026-09-27T09:45:40+09:00
oanda_ny,CAD/HKD,2022-01-04,2022-01-05,1,-106.9036,-111.9226,10000,JPY,confirmed,https://www.oanda.jp/service/swappoint/swap_ny4_cadhkd_202201.json,2026-09-27T09:45:40+09:00
oanda_ny,CAD/HKD,2022-01-05,2022-01-06,3,-78.7337,-98.2296,10000,JPY,confirmed,https://www.oanda.jp/service/swappoint/swap_ny4_cadhkd_202201.json,2026-09-27T09:45:40+09:00
oanda_ny,CAD/HKD,2022-01-06,2022-01-07,1,-26.9923,-31.9909,10000,JPY,confirmed,https://www.oanda.jp/service/swappoint/swap_ny4_cadhkd_202201.json,2026-09-27T09:45:40+09:00
oanda_ny,CAD/HKD,2022-01-07,2022-01-10,1,-26.8464,-32.3662,10000,JPY,confirmed,https://www.oanda.jp/service/swappoint/swap_ny4_cadhkd_202201.json,2026-09-27T09:45:40+09:00
oanda_ny,CAD/HKD,2022-01-10,2022-01-11,1,-28.1911,-30.6859,10000,JPY,confirmed,https://www.oanda.jp/service/swappoint/swap_ny4_cadhkd_202201.json,2026-09-27T09:45:40+09:00
oanda_ny,CAD/HKD,2022-01-11,2022-01-12,1,-29.7112,-29.7112,10000,JPY,confirmed,https://www.oanda.jp/service/swappoint/swap_ny4_cadhkd_202201.json,2026-09-27T09:45:40+09:00
oanda_ny,CAD/HKD,2022-01-12,2022-01-13,4,-117.7864,-119.7999,10000,JPY,confirmed,https://www.oanda.jp/service/swappoint/swap_ny4_cadhkd_202201.json,2026-09-27T09:45:40+09:00
oanda_ny,CAD/HKD,2022-01-13,2022-01-14,0,0.0,0.0,10000,JPY,confirmed,https://www.oanda.jp/service/swappoint/swap_ny4_cadhkd_202201.json,2026-09-27T09:45:40+09:00
oanda_ny,CAD/HKD,2022-01-14,2022-01-17,1,-30.7075,-28.211,10000,JPY,confirmed,https://www.oanda.jp/service/swappoint/swap_ny4_cadhkd_202201.json,2026-09-27T09:45:40+09:00
oanda_ny,CAD/HKD,2022-01-17,2022-01-18,1,-31.1675,-29.9108,10000,JPY,confirmed,https://www.oanda.jp/service/swappoint/swap_ny4_cadhkd_202201.json,2026-09-27T09:45:40+09:00
oanda_ny,CAD/HKD,2022-01-18,2022-01-19,1,-31.4319,-34.1979,10000,JPY,confirmed,https://www.oanda.jp/service/swappoint/swap_ny4_cadhkd_202201.json,2026-09-27T09:45:40+09:00
oanda_ny,CAD/HKD,2022-01-19,2022-01-20,3,-89.5265,-88.0219,10000,JPY,confirmed,https://www.oanda.jp/service/swappoint/swap_ny4_cadhkd_202201.json,2026-09-27T09:45:40+09:00
oanda_ny,CAD/HKD,2022-01-20,2022-01-21,1,-28.817,-31.0722,10000,JPY,confirmed,https://www.oanda.jp/service/swappoint/swap_ny4_cadhkd_202201.json,2026-09-27T09:45:40+09:00
oanda_ny,CAD/HKD,2022-01-21,2022-01-24,1,-28.524,-30.7563,10000,JPY,confirmed,https://www.oanda.jp/service/swappoint/swap_ny4_cadhkd_202201.json,2026-09-27T09:45:40+09:00
oanda_ny,CAD/HKD,2022-01-24,2022-01-25,1,-29.4763,-29.4763,10000,JPY,confirmed,https://www.oanda.jp/service/swappoint/swap_ny4_cadhkd_202201.json,2026-09-27T09:45:40+09:00
oanda_ny,CAD/HKD,2022-01-25,2022-01-26,1,-25.7377,-33.162,10000,JPY,confirmed,https://www.oanda.jp/service/swappoint/swap_ny4_cadhkd_202201.json,2026-09-27T09:45:40+09:00
oanda_ny,CAD/HKD,2022-01-26,2022-01-27,3,-85.751,-93.9533,10000,JPY,confirmed,https://www.oanda.jp/service/swappoint/swap_ny4_cadhkd_202201.json,2026-09-27T09:45:40+09:00
oanda_ny,CAD/HKD,2022-01-27,2022-01-28,1,-36.0391,-31.3167,10000,JPY,confirmed,https://www.oanda.jp/service/swappoint/swap_ny4_cadhkd_202201.json,2026-09-27T09:45:40+09:00
oanda_ny,CAD/HKD,2022-01-28,2022-01-31,1,-28.9648,-29.7075,10000,JPY,confirmed,https://www.oanda.jp/service/swappoint/swap_ny4_cadhkd_202201.json,2026-09-27T09:45:40+09:00
oanda_ny,CAD/HKD,2022-01-31,2022-02-01,0,0.0,0.0,10000,JPY,confirmed,https://www.oanda.jp/service/swappoint/swap_ny4_cadhkd_202201.json,2026-09-27T09:45:40+09:00
oanda_ny,CAD/HKD,2022-02-01,2022-02-02,0,0.0,0.0,10000,JPY,confirmed,https://www.oanda.jp/service/swappoint/swap_ny4_cadhkd_202202.json,2026-09-27T09:45:55+09:00
oanda_ny,CAD/HKD,2022-02-02,2022-02-03,0,0.0,0.0,10000,JPY,confirmed,https://www.oanda.jp/service/swappoint/swap_ny4_cadhkd_202202.json,2026-09-27T09:45:55+09:00
oanda_ny,CAD/HKD,2022-02-03,2022-02-04,1,-41.5905,-40.3453,10000,JPY,confirmed,https://www.oanda.jp/service/swappoint/swap_ny4_cadhkd_202202.json,2026-09-27T09:45:55+09:00
oanda_ny,CAD/HKD,2022-02-04,2022-02-07,1,-31.7102,-30.2237,10000,JPY,confirmed,https://www.oanda.jp/service/swappoint/swap_ny4_cadhkd_202202.json,2026-09-27T09:45:55+09:00
oanda_ny,CAD/HKD,2022-02-07,2022-02-08,0,0.0,0.0,10000,JPY,confirmed,https://www.oanda.jp/service/swappoint/swap_ny4_cadhkd_202202.json,2026-09-27T09:45:55+09:00
oanda_ny,CAD/HKD,2022-02-08,2022-02-09,0,0.0,0.0,10000,JPY,confirmed,https://www.oanda.jp/service/swappoint/swap_ny4_cadhkd_202202.json,2026-09-27T09:45:55+09:00
oanda_ny,CAD/HKD,2022-02-09,2022-02-10,0,0.0,0.0,10000,JPY,confirmed,https://www.oanda.jp/service/swappoint/swap_ny4_cadhkd_202202.json,2026-09-27T09:45:55+09:00
oanda_ny,CAD/HKD,2022-02-10,2022-02-11,1,-29.0373,-30.7896,10000,JPY,confirmed,https://www.oanda.jp/service/swappoint/swap_ny4_cadhkd_202202.json,2026-09-27T09:45:55+09:00
oanda_ny,CAD/HKD,2022-02-11,2022-02-14,1,-49.5168,-50.0145,10000,JPY,confirmed,https://www.oanda.jp/service/swappoint/swap_ny4_cadhkd_202202.json,2026-09-27T09:45:55+09:00
oanda_ny,CAD/HKD,2022-02-14,2022-02-15,1,-31.6528,-31.1543,10000,JPY,confirmed,https://www.oanda.jp/service/swappoint/swap_ny4_cadhkd_202202.json,2026-09-27T09:45:55+09:00
oanda_ny,CAD/HKD,2022-02-15,2022-02-16,1,-35.6841,-36.4327,10000,JPY,confirmed,https://www.oanda.jp/service/swappoint/swap_ny4_cadhkd_202202.json,2026-09-27T09:45:55+09:00
oanda_ny,CAD/HKD,2022-02-16,2022-02-17,4,-113.855,-123.8422,10000,JPY,confirmed,https://www.oanda.jp/service/swappoint/swap_ny4_cadhkd_202202.json,2026-09-27T09:45:55+09:00
oanda_ny,CAD/HKD,2022-02-17,2022-02-18,0,0.0,0.0,10000,JPY,confirmed,https://www.oanda.jp/service/swappoint/swap_ny4_cadhkd_202202.json,2026-09-27T09:45:55+09:00
oanda_ny,CAD/HKD,2022-02-18,2022-02-21,1,-37.6629,-41.8752,10000,JPY,confirmed,https://www.oanda.jp/service/swappoint/swap_ny4_cadhkd_202202.json,2026-09-27T09:45:55+09:00
oanda_ny,CAD/HKD,2022-02-21,2022-02-22,1,-37.534,-41.7318,10000,JPY,confirmed,https://www.oanda.jp/service/swappoint/swap_ny4_cadhkd_202202.json,2026-09-27T09:45:55+09:00
oanda_ny,CAD/HKD,2022-02-22,2022-02-23,1,-36.8541,-41.3063,10000,JPY,confirmed,https://www.oanda.jp/service/swappoint/swap_ny4_cadhkd_202202.json,2026-09-27T09:45:55+09:00
oanda_ny,CAD/HKD,2022-02-23,2022-02-24,4,-119.993,-123.9598,10000,JPY,confirmed,https://www.oanda.jp/service/swappoint/swap_ny4_cadhkd_202202.json,2026-09-27T09:45:55+09:00
oanda_ny,CAD/HKD,2022-02-24,2022-02-25,0,0.0,0.0,10000,JPY,confirmed,https://www.oanda.jp/service/swappoint/swap_ny4_cadhkd_202202.json,2026-09-27T09:45:55+09:00
oanda_ny,CAD/HKD,2022-02-25,2022-02-28,1,-38.4595,-32.4658,10000,JPY,confirmed,https://www.oanda.jp/service/swappoint/swap_ny4_cadhkd_202202.json,2026-09-27T09:45:55+09:00
oanda_ny,CAD/HKD,2022-02-28,2022-03-01,1,-61.7795,-33.63,10000,JPY,confirmed,https://www.oanda.jp/service/swappoint/swap_ny4_cadhkd_202202.json,2026-09-27T09:45:55+09:00
oanda_ny,CAD/HKD,2022-03-01,2022-03-02,1,-38.8682,-47.7806,10000,JPY,confirmed,https://www.oanda.jp/service/swappoint/swap_ny4_cadhkd_202203.json,2026-09-27T09:46:10+09:00
oanda_ny,CAD/HKD,2022-03-02,2022-03-03,3,-125.0252,-146.8669,10000,JPY,confirmed,https://www.oanda.jp/service/swappoint/swap_ny4_cadhkd_202203.json,2026-09-27T09:46:10+09:00
oanda_ny,CAD/HKD,2022-03-03,2022-03-04,1,-30.2427,-45.739,10000,JPY,confirmed,https://www.oanda.jp/service/swappoint/swap_ny4_cadhkd_202203.json,2026-09-27T09:46:10+09:00
oanda_ny,CAD/HKD,2022-03-04,2022-03-07,1,-32.4329,-39.8602,10000,JPY,confirmed,https://www.oanda.jp/service/swappoint/swap_ny4_cadhkd_202203.json,2026-09-27T09:46:10+09:00
oanda_ny,CAD/HKD,2022-03-07,2022-03-08,1,-31.8584,-39.0203,10000,JPY,confirmed,https://www.oanda.jp/service/swappoint/swap_ny4_cadhkd_202203.json,2026-09-27T09:46:10+09:00
oanda_ny,CAD/HKD,2022-03-08,2022-03-09,1,-31.0393,-40.8931,10000,JPY,confirmed,https://www.oanda.jp/service/swappoint/swap_ny4_cadhkd_202203.json,2026-09-27T09:46:10+09:00
oanda_ny,CAD/HKD,2022-03-09,2022-03-10,3,-71.5242,-113.9916,10000,JPY,confirmed,https://www.oanda.jp/service/swappoint/swap_ny4_cadhkd_202203.json,2026-09-27T09:46:10+09:00
oanda_ny,CAD/HKD,2022-03-10,2022-03-11,1,-22.9723,-40.2014,10000,JPY,confirmed,https://www.oanda.jp/service/swappoint/swap_ny4_cadhkd_202203.json,2026-09-27T09:46:10+09:00
oanda_ny,CAD/HKD,2022-03-11,2022-03-14,1,-32.5702,-47.2141,10000,JPY,confirmed,https://www.oanda.jp/service/swappoint/swap_ny4_cadhkd_202203.json,2026-09-27T09:46:10+09:00
oanda_ny,CAD/HKD,2022-03-14,2022-03-15,1,-31.1218,-46.3032,10000,JPY,confirmed,https://www.oanda.jp/service/swappoint/swap_ny4_cadhkd_202203.json,2026-09-27T09:46:10+09:00
oanda_ny,CAD/HKD,2022-03-15,2022-03-16,1,-49.8653,-51.1373,10000,JPY,confirmed,https://www.oanda.jp/service/swappoint/swap_ny4_cadhkd_202203.json,2026-09-27T09:46:10+09:00
oanda_ny,CAD/HKD,2022-03-16,2022-03-17,3,-99.5336,-135.0262,10000,JPY,confirmed,https://www.oanda.jp/service/swappoint/swap_ny4_cadhkd_202203.json,2026-09-27T09:46:10+09:00
oanda_ny,CAD/HKD,2022-03-17,2022-03-18,1,-45.1245,-56.9858,10000,JPY,confirmed,https://www.oanda.jp/service/swappoint/swap_ny4_cadhkd_202203.json,2026-09-27T09:46:10+09:00
oanda_ny,CAD/HKD,2022-03-18,2022-03-21,1,-35.2948,-48.7899,10000,JPY,confirmed,https://www.oanda.jp/service/swappoint/swap_ny4_cadhkd_202203.json,2026-09-27T09:46:10+09:00
oanda_ny,CAD/HKD,2022-03-21,2022-03-22,1,-30.9947,-47.9246,10000,JPY,confirmed,https://www.oanda.jp/service/swappoint/swap_ny4_cadhkd_202203.json,2026-09-27T09:46:10+09:00
oanda_ny,CAD/HKD,2022-03-22,2022-03-23,1,-32.4606,-50.9342,10000,JPY,confirmed,https://www.oanda.jp/service/swappoint/swap_ny4_cadhkd_202203.json,2026-09-27T09:46:10+09:00
oanda_ny,CAD/HKD,2022-03-23,2022-03-24,3,-67.4959,-127.0512,10000,JPY,confirmed,https://www.oanda.jp/service/swappoint/swap_ny4_cadhkd_202203.json,2026-09-27T09:46:10+09:00
oanda_ny,CAD/HKD,2022-03-24,2022-03-25,1,-21.174,-41.5439,10000,JPY,confirmed,https://www.oanda.jp/service/swappoint/swap_ny4_cadhkd_202203.json,2026-09-27T09:46:10+09:00
oanda_ny,CAD/HKD,2022-03-25,2022-03-28,1,-21.7576,-41.3664,10000,JPY,confirmed,https://www.oanda.jp/service/swappoint/swap_ny4_cadhkd_202203.json,2026-09-27T09:46:10+09:00
oanda_ny,CAD/HKD,2022-03-28,2022-03-29,1,-26.0875,-44.8379,10000,JPY,confirmed,https://www.oanda.jp/service/swappoint/swap_ny4_cadhkd_202203.json,2026-09-27T09:46:10+09:00
oanda_ny,CAD/HKD,2022-03-29,2022-03-30,1,-38.5855,-30.4907,10000,JPY,confirmed,https://www.oanda.jp/service/swappoint/swap_ny4_cadhkd_202203.json,2026-09-27T09:46:10+09:00
oanda_ny,CAD/HKD,2022-03-30,2022-03-31,3,-75.5654,-127.0141,10000,JPY,confirmed,https://www.oanda.jp/service/swappoint/swap_ny4_cadhkd_202203.json,2026-09-27T09:46:10+09:00
oanda_ny,CAD/HKD,2022-03-31,2022-04-01,2,-47.0116,-81.736,10000,JPY,confirmed,https://www.oanda.jp/service/swappoint/swap_ny4_cadhkd_202203.json,2026-09-27T09:46:10+09:00
oanda_ny,CAD/HKD,2022-04-01,2022-04-04,1,-23.1229,-42.2127,10000,JPY,confirmed,https://www.oanda.jp/service/swappoint/swap_ny4_cadhkd_202204.json,2026-09-27T09:46:24+09:00
oanda_ny,CAD/HKD,2022-04-04,2022-04-05,0,0.0,0.0,10000,JPY,confirmed,https://www.oanda.jp/service/swappoint/swap_ny4_cadhkd_202204.json,2026-09-27T09:46:24+09:00
oanda_ny,CAD/HKD,2022-04-05,2022-04-06,1,-50.0011,-70.1102,10000,JPY,confirmed,https://www.oanda.jp/service/swappoint/swap_ny4_cadhkd_202204.json,2026-09-27T09:46:24+09:00
oanda_ny,CAD/HKD,2022-04-06,2022-04-07,3,-74.7622,-136.5223,10000,JPY,confirmed,https://www.oanda.jp/service/swappoint/swap_ny4_cadhkd_202204.json,2026-09-27T09:46:24+09:00
oanda_ny,CAD/HKD,2022-04-07,2022-04-08,1,-37.0275,-58.9197,10000,JPY,confirmed,https://www.oanda.jp/service/swappoint/swap_ny4_cadhkd_202204.json,2026-09-27T09:46:24+09:00
oanda_ny,CAD/HKD,2022-04-08,2022-04-11,1,-51.8346,-74.3596,10000,JPY,confirmed,https://www.oanda.jp/service/swappoint/swap_ny4_cadhkd_202204.json,2026-09-27T09:46:24+09:00
oanda_ny,CAD/HKD,2022-04-11,2022-04-12,1,-38.4175,-57.2175,10000,JPY,confirmed,https://www.oanda.jp/service/swappoint/swap_ny4_cadhkd_202204.json,2026-09-27T09:46:24+09:00
oanda_ny,CAD/HKD,2022-04-12,2022-04-13,5,-167.4457,-349.8663,10000,JPY,confirmed,https://www.oanda.jp/service/swappoint/swap_ny4_cadhkd_202204.json,2026-09-27T09:46:24+09:00
oanda_ny,CAD/HKD,2022-04-13,2022-04-14,1,-60.9411,-98.2744,10000,JPY,confirmed,https://www.oanda.jp/service/swappoint/swap_ny4_cadhkd_202204.json,2026-09-27T09:46:24+09:00
oanda_ny,CAD/HKD,2022-04-14,2022-04-15,0,0.0,0.0,10000,JPY,confirmed,https://www.oanda.jp/service/swappoint/swap_ny4_cadhkd_202204.json,2026-09-27T09:46:24+09:00
oanda_ny,CAD/HKD,2022-04-15,2022-04-18,0,0.0,0.0,10000,JPY,confirmed,https://www.oanda.jp/service/swappoint/swap_ny4_cadhkd_202204.json,2026-09-27T09:46:24+09:00
oanda_ny,CAD/HKD,2022-04-18,2022-04-19,1,-72.4394,-108.1061,10000,JPY,confirmed,https://www.oanda.jp/service/swappoint/swap_ny4_cadhkd_202204.json,2026-09-27T09:46:24+09:00
oanda_ny,CAD/HKD,2022-04-19,2022-04-20,1,-29.7149,-68.961,10000,JPY,confirmed,https://www.oanda.jp/service/swappoint/swap_ny4_cadhkd_202204.json,2026-09-27T09:46:24+09:00
oanda_ny,CAD/HKD,2022-04-20,2022-04-21,3,-119.6963,-238.5497,10000,JPY,confirmed,https://www.oanda.jp/service/swappoint/swap_ny4_cadhkd_202204.json,2026-09-27T09:46:24+09:00
oanda_ny,CAD/HKD,2022-04-21,2022-04-22,1,-48.4495,-90.1777,10000,JPY,confirmed,https://www.oanda.jp/service/swappoint/swap_ny4_cadhkd_202204.json,2026-09-27T09:46:24+09:00
oanda_ny,CAD/HKD,2022-04-22,2022-04-25,1,-37.4994,-81.6654,10000,JPY,confirmed,https://www.oanda.jp/service/swappoint/swap_ny4_cadhkd_202204.json,2026-09-27T09:46:24+09:00
oanda_ny,CAD/HKD,2022-04-25,2022-04-26,1,-83.6771,-130.3485,10000,JPY,confirmed,https://www.oanda.jp/service/swappoint/swap_ny4_cadhkd_202204.json,2026-09-27T09:46:24+09:00
oanda_ny,CAD/HKD,2022-04-26,2022-04-27,1,-44.9294,-90.6758,10000,JPY,confirmed,https://www.oanda.jp/service/swappoint/swap_ny4_cadhkd_202204.json,2026-09-27T09:46:24+09:00
oanda_ny,CAD/HKD,2022-04-27,2022-04-28,4,-57.2128,-234.3523,10000,JPY,confirmed,https://www.oanda.jp/service/swappoint/swap_ny4_cadhkd_202204.json,2026-09-27T09:46:24+09:00
oanda_ny,CAD/HKD,2022-04-28,2022-04-29,1,-19.071,-65.0657,10000,JPY,confirmed,https://www.oanda.jp/service/swappoint/swap_ny4_cadhkd_202204.json,2026-09-27T09:46:24+09:00
oanda_ny,CAD/HKD,2022-04-29,2022-05-02,0,0.0,0.0,10000,JPY,confirmed,https://www.oanda.jp/service/swappoint/swap_ny4_cadhkd_202204.json,2026-09-27T09:46:24+09:00
oanda_ny,CAD/HKD,2022-05-02,2022-05-03,1,-53.829,-102.1086,10000,JPY,confirmed,https://www.oanda.jp/service/swappoint/swap_ny4_cadhkd_202205.json,2026-09-27T09:46:39+09:00
oanda_ny,CAD/HKD,2022-05-04,2022-05-05,4,-51.1937,-208.1135,10000,JPY,confirmed,https://www.oanda.jp/service/swappoint/swap_ny4_cadhkd_202205.json,2026-09-27T09:46:39+09:00
oanda_ny,CAD/HKD,2022-05-05,2022-05-06,1,-12.2493,-53.4517,10000,JPY,confirmed,https://www.oanda.jp/service/swappoint/swap_ny4_cadhkd_202205.json,2026-09-27T09:46:39+09:00
oanda_ny,CAD/HKD,2022-05-06,2022-05-09,0,0.0,0.0,10000,JPY,confirmed,https://www.oanda.jp/service/swappoint/swap_ny4_cadhkd_202205.json,2026-09-27T09:46:39+09:00
oanda_ny,CAD/HKD,2022-05-09,2022-05-10,1,-9.8973,-57.7341,10000,JPY,confirmed,https://www.oanda.jp/service/swappoint/swap_ny4_cadhkd_202205.json,2026-09-27T09:46:39+09:00
oanda_ny,CAD/HKD,2022-05-10,2022-05-11,1,-6.8717,-57.722,10000,JPY,confirmed,https://www.oanda.jp/service/swappoint/swap_ny4_cadhkd_202205.json,2026-09-27T09:46:39+09:00
oanda_ny,CAD/HKD,2022-05-11,2022-05-12,3,-18.9489,-168.8926,10000,JPY,confirmed,https://www.oanda.jp/service/swappoint/swap_ny4_cadhkd_202205.json,2026-09-27T09:46:39+09:00
oanda_ny,CAD/HKD,2022-05-12,2022-05-13,1,-8.9117,-58.6011,10000,JPY,confirmed,https://www.oanda.jp/service/swappoint/swap_ny4_cadhkd_202205.json,2026-09-27T09:46:39+09:00
oanda_ny,CAD/HKD,2022-05-13,2022-05-16,1,-5.7724,-58.8238,10000,JPY,confirmed,https://www.oanda.jp/service/swappoint/swap_ny4_cadhkd_202205.json,2026-09-27T09:46:39+09:00
oanda_ny,CAD/HKD,2022-05-16,2022-05-17,1,-20.6903,-75.3128,10000,JPY,confirmed,https://www.oanda.jp/service/swappoint/swap_ny4_cadhkd_202205.json,2026-09-27T09:46:39+09:00
oanda_ny,CAD/HKD,2022-05-17,2022-05-18,1,-27.4463,-81.7845,10000,JPY,confirmed,https://www.oanda.jp/service/swappoint/swap_ny4_cadhkd_202205.json,2026-09-27T09:46:39+09:00
oanda_ny,CAD/HKD,2022-05-18,2022-05-19,4,-93.9383,-300.3842,10000,JPY,confirmed,https://www.oanda.jp/service/swappoint/swap_ny4_cadhkd_202205.json,2026-09-27T09:46:39+09:00
oanda_ny,CAD/HKD,2022-05-20,2022-05-23,1,-21.8909,-74.7028,10000,JPY,confirmed,https://www.oanda.jp/service/swappoint/swap_ny4_cadhkd_202205.json,2026-09-27T09:46:39+09:00
oanda_ny,CAD/HKD,2022-05-23,2022-05-24,1,-31.8934,-78.9087,10000,JPY,confirmed,https://www.oanda.jp/service/swappoint/swap_ny4_cadhkd_202205.json,2026-09-27T09:46:39+09:00
oanda_ny,CAD/HKD,2022-05-24,2022-05-25,1,-37.4815,-84.7408,10000,JPY,confirmed,https://www.oanda.jp/service/swappoint/swap_ny4_cadhkd_202205.json,2026-09-27T09:46:39+09:00
oanda_ny,CAD/HKD,2022-05-25,2022-05-26,4,-51.2589,-237.7541,10000,JPY,confirmed,https://www.oanda.jp/service/swappoint/swap_ny4_cadhkd_202205.json,2026-09-27T09:46:39+09:00
oanda_ny,CAD/HKD,2022-05-26,2022-05-27,0,0.0,0.0,10000,JPY,confirmed,https://www.oanda.jp/service/swappoint/swap_ny4_cadhkd_202205.json,2026-09-27T09:46:39+09:00
oanda_ny,CAD/HKD,2022-05-27,2022-05-30,1,-31.5509,-76.8196,10000,JPY,confirmed,https://www.oanda.jp/service/swappoint/swap_ny4_cadhkd_202205.json,2026-09-27T09:46:39+09:00
oanda_ny,CAD/HKD,2022-05-30,2022-05-31,1,-23.2548,-73.0865,10000,JPY,confirmed,https://www.oanda.jp/service/swappoint/swap_ny4_cadhkd_202205.json,2026-09-27T09:46:39+09:00
oanda_ny,CAD/HKD,2022-05-31,2022-06-01,4,14.4646,-277.0465,10000,JPY,confirmed,https://www.oanda.jp/service/swappoint/swap_ny4_cadhkd_202205.json,2026-09-27T09:46:39+09:00
oanda_ny,CAD/HKD,2022-06-01,2022-06-02,1,-19.1949,-93.1519,10000,JPY,confirmed,https://www.oanda.jp/service/swappoint/swap_ny4_cadhkd_202206.json,2026-09-27T09:46:53+09:00
oanda_ny,CAD/HKD,2022-06-02,2022-06-03,0,0.0,0.0,10000,JPY,confirmed,https://www.oanda.jp/service/swappoint/swap_ny4_cadhkd_202206.json,2026-09-27T09:46:53+09:00
oanda_ny,CAD/HKD,2022-06-03,2022-06-06,1,-30.2346,-101.5427,10000,JPY,confirmed,https://www.oanda.jp/service/swappoint/swap_ny4_cadhkd_202206.json,2026-09-27T09:46:53+09:00
oanda_ny,CAD/HKD,2022-06-06,2022-06-07,1,-12.9536,-86.357,10000,JPY,confirmed,https://www.oanda.jp/service/swappoint/swap_ny4_cadhkd_202206.json,2026-09-27T09:46:53+09:00
oanda_ny,CAD/HKD,2022-06-07,2022-06-08,1,-11.0408,-88.6169,10000,JPY,confirmed,https://www.oanda.jp/service/swappoint/swap_ny4_cadhkd_202206.json,2026-09-27T09:46:53+09:00
oanda_ny,CAD/HKD,2022-06-08,2022-06-09,3,-44.9056,-286.1634,10000,JPY,confirmed,https://www.oanda.jp/service/swappoint/swap_ny4_cadhkd_202206.json,2026-09-27T09:46:53+09:00
oanda_ny,CAD/HKD,2022-06-09,2022-06-10,1,-14.2338,-95.8606,10000,JPY,confirmed,https://www.oanda.jp/service/swappoint/swap_ny4_cadhkd_202206.json,2026-09-27T09:46:53+09:00
oanda_ny,CAD/HKD,2022-06-10,2022-06-13,1,-49.0519,-130.9973,10000,JPY,confirmed,https://www.oanda.jp/service/swappoint/swap_ny4_cadhkd_202206.json,2026-09-27T09:46:53+09:00
oanda_ny,CAD/HKD,2022-06-13,2022-06-14,1,-29.7527,-111.2864,10000,JPY,confirmed,https://www.oanda.jp/service/swappoint/swap_ny4_cadhkd_202206.json,2026-09-27T09:46:53+09:00
oanda_ny,CAD/HKD,2022-06-14,2022-06-15,1,-18.0789,-91.2556,10000,JPY,confirmed,https://www.oanda.jp/service/swappoint/swap_ny4_cadhkd_202206.json,2026-09-27T09:46:53+09:00
oanda_ny,CAD/HKD,2022-06-15,2022-06-16,4,-95.7062,-346.3652,10000,JPY,confirmed,https://www.oanda.jp/service/swappoint/swap_ny4_cadhkd_202206.json,2026-09-27T09:46:53+09:00
oanda_ny,CAD/HKD,2022-06-16,2022-06-17,0,0.0,0.0,10000,JPY,confirmed,https://www.oanda.jp/service/swappoint/swap_ny4_cadhkd_202206.json,2026-09-27T09:46:53+09:00
oanda_ny,CAD/HKD,2022-06-17,2022-06-20,1,0.2834,-69.7057,10000,JPY,confirmed,https://www.oanda.jp/service/swappoint/swap_ny4_cadhkd_202206.json,2026-09-27T09:46:53+09:00
oanda_ny,CAD/HKD,2022-06-20,2022-06-21,1,-20.2874,-88.2929,10000,JPY,confirmed,https://www.oanda.jp/service/swappoint/swap_ny4_cadhkd_202206.json,2026-09-27T09:46:53+09:00
oanda_ny,CAD/HKD,2022-06-21,2022-06-22,1,-15.6842,-84.23,10000,JPY,confirmed,https://www.oanda.jp/service/swappoint/swap_ny4_cadhkd_202206.json,2026-09-27T09:46:53+09:00
oanda_ny,CAD/HKD,2022-06-22,2022-06-23,3,-57.1902,-240.8922,10000,JPY,confirmed,https://www.oanda.jp/service/swappoint/swap_ny4_cadhkd_202206.json,2026-09-27T09:46:53+09:00
oanda_ny,CAD/HKD,2022-06-23,2022-06-24,1,-14.5398,-70.4185,10000,JPY,confirmed,https://www.oanda.jp/service/swappoint/swap_ny4_cadhkd_202206.json,2026-09-27T09:46:53+09:00
oanda_ny,CAD/HKD,2022-06-24,2022-06-27,1,-16.4141,-77.175,10000,JPY,confirmed,https://www.oanda.jp/service/swappoint/swap_ny4_cadhkd_202206.json,2026-09-27T09:46:53+09:00
oanda_ny,CAD/HKD,2022-06-27,2022-06-28,1,-16.754,-82.9033,10000,JPY,confirmed,https://www.oanda.jp/service/swappoint/swap_ny4_cadhkd_202206.json,2026-09-27T09:46:53+09:00
oanda_ny,CAD/HKD,2022-06-28,2022-06-29,5,-193.086,-304.8726,10000,JPY,confirmed,https://www.oanda.jp/service/swappoint/swap_ny4_cadhkd_202206.json,2026-09-27T09:46:53+09:00
oanda_ny,CAD/HKD,2022-06-29,2022-06-30,0,0.0,0.0,10000,JPY,confirmed,https://www.oanda.jp/service/swappoint/swap_ny4_cadhkd_202206.json,2026-09-27T09:46:53+09:00
oanda_ny,CAD/HKD,2022-06-30,2022-07-01,0,0.0,0.0,10000,JPY,confirmed,https://www.oanda.jp/service/swappoint/swap_ny4_cadhkd_202206.json,2026-09-27T09:46:53+09:00
oanda_ny,CAD/HKD,2022-07-01,2022-07-04,1,-140.6215,-199.1177,10000,JPY,confirmed,https://www.oanda.jp/service/swappoint/swap_ny4_cadhkd_202207.json,2026-09-27T09:47:08+09:00
oanda_ny,CAD/HKD,2022-07-04,2022-07-05,1,-45.193,-96.18,10000,JPY,confirmed,https://www.oanda.jp/service/swappoint/swap_ny4_cadhkd_202207.json,2026-09-27T09:47:08+09:00
oanda_ny,CAD/HKD,2022-07-05,2022-07-06,1,-52.3904,-85.8859,10000,JPY,confirmed,https://www.oanda.jp/service/swappoint/swap_ny4_cadhkd_202207.json,2026-09-27T09:47:08+09:00
oanda_ny,CAD/HKD,2022-07-06,2022-07-07,3,-145.118,-269.6276,10000,JPY,confirmed,https://www.oanda.jp/service/swappoint/swap_ny4_cadhkd_202207.json,2026-09-27T09:47:08+09:00
oanda_ny,CAD/HKD,2022-07-07,2022-07-08,1,-31.6688,-87.2331,10000,JPY,confirmed,https://www.oanda.jp/service/swappoint/swap_ny4_cadhkd_202207.json,2026-09-27T09:47:08+09:00
oanda_ny,CAD/HKD,2022-07-08,2022-07-11,1,-37.824,-101.3451,10000,JPY,confirmed,https://www.oanda.jp/service/swappoint/swap_ny4_cadhkd_202207.json,2026-09-27T09:47:08+09:00
oanda_ny,CAD/HKD,2022-07-11,2022-07-12,1,-41.1961,-98.6385,10000,JPY,confirmed,https://www.oanda.jp/service/swappoint/swap_ny4_cadhkd_202207.json,2026-09-27T09:47:08+09:00
oanda_ny,CAD/HKD,2022-07-12,2022-07-13,1,-31.1609,-128.3943,10000,JPY,confirmed,https://www.oanda.jp/service/swappoint/swap_ny4_cadhkd_202207.json,2026-09-27T09:47:08+09:00
oanda_ny,CAD/HKD,2022-07-13,2022-07-14,3,-56.6824,-365.3833,10000,JPY,confirmed,https://www.oanda.jp/service/swappoint/swap_ny4_cadhkd_202207.json,2026-09-27T09:47:08+09:00
oanda_ny,CAD/HKD,2022-07-14,2022-07-15,1,-91.0203,-211.4113,10000,JPY,confirmed,https://www.oanda.jp/service/swappoint/swap_ny4_cadhkd_202207.json,2026-09-27T09:47:08+09:00
oanda_ny,CAD/HKD,2022-07-15,2022-07-18,1,-121.4523,-242.9046,10000,JPY,confirmed,https://www.oanda.jp/service/swappoint/swap_ny4_cadhkd_202207.json,2026-09-27T09:47:08+09:00
oanda_ny,CAD/HKD,2022-07-18,2022-07-19,1,-9.6379,-131.7177,10000,JPY,confirmed,https://www.oanda.jp/service/swappoint/swap_ny4_cadhkd_202207.json,2026-09-27T09:47:08+09:00
oanda_ny,CAD/HKD,2022-07-19,2022-07-20,1,-2.9475,-125.5623,10000,JPY,confirmed,https://www.oanda.jp/service/swappoint/swap_ny4_cadhkd_202207.json,2026-09-27T09:47:08+09:00
oanda_ny,CAD/HKD,2022-07-20,2022-07-21,3,46.6621,-311.1487,10000,JPY,confirmed,https://www.oanda.jp/service/swappoint/swap_ny4_cadhkd_202207.json,2026-09-27T09:47:08+09:00
oanda_ny,CAD/HKD,2022-07-21,2022-07-22,1,0.5837,-101.3917,10000,JPY,confirmed,https://www.oanda.jp/service/swappoint/swap_ny4_cadhkd_202207.json,2026-09-27T09:47:08+09:00
oanda_ny,CAD/HKD,2022-07-22,2022-07-25,1,10.6594,-103.55,10000,JPY,confirmed,https://www.oanda.jp/service/swappoint/swap_ny4_cadhkd_202207.json,2026-09-27T09:47:08+09:00
oanda_ny,CAD/HKD,2022-07-25,2022-07-26,1,-7.5923,-106.5847,10000,JPY,confirmed,https://www.oanda.jp/service/swappoint/swap_ny4_cadhkd_202207.json,2026-09-27T09:47:08+09:00
oanda_ny,CAD/HKD,2022-07-26,2022-07-27,1,-31.5095,-82.2749,10000,JPY,confirmed,https://www.oanda.jp/service/swappoint/swap_ny4_cadhkd_202207.json,2026-09-27T09:47:08+09:00
oanda_ny,CAD/HKD,2022-07-27,2022-07-28,4,-65.5044,-252.6598,10000,JPY,confirmed,https://www.oanda.jp/service/swappoint/swap_ny4_cadhkd_202207.json,2026-09-27T09:47:08+09:00
oanda_ny,CAD/HKD,2022-07-28,2022-07-29,0,0.0,0.0,10000,JPY,confirmed,https://www.oanda.jp/service/swappoint/swap_ny4_cadhkd_202207.json,2026-09-27T09:47:08+09:00
oanda_ny,CAD/HKD,2022-07-29,2022-08-01,1,-46.5837,-130.3201,10000,JPY,confirmed,https://www.oanda.jp/service/swappoint/swap_ny4_cadhkd_202207.json,2026-09-27T09:47:08+09:00
oanda_ny,CAD/HKD,2022-08-01,2022-08-02,1,-22.7952,-112.8502,10000,JPY,confirmed,https://www.oanda.jp/service/swappoint/swap_ny4_cadhkd_202208.json,2026-09-27T09:47:23+09:00
oanda_ny,CAD/HKD,2022-08-02,2022-08-03,1,-15.0419,-102.4555,10000,JPY,confirmed,https://www.oanda.jp/service/swappoint/swap_ny4_cadhkd_202208.json,2026-09-27T09:47:23+09:00
oanda_ny,CAD/HKD,2022-08-03,2022-08-04,3,-104.7407,-309.0708,10000,JPY,confirmed,https://www.oanda.jp/service/swappoint/swap_ny4_cadhkd_202208.json,2026-09-27T09:47:23+09:00
oanda_ny,CAD/HKD,2022-08-04,2022-08-05,1,-26.1055,-89.9505,10000,JPY,confirmed,https://www.oanda.jp/service/swappoint/swap_ny4_cadhkd_202208.json,2026-09-27T09:47:23+09:00
oanda_ny,CAD/HKD,2022-08-05,2022-08-08,1,-20.3406,-91.3893,10000,JPY,confirmed,https://www.oanda.jp/service/swappoint/swap_ny4_cadhkd_202208.json,2026-09-27T09:47:23+09:00
oanda_ny,CAD/HKD,2022-08-08,2022-08-09,1,-19.897,-92.8525,10000,JPY,confirmed,https://www.oanda.jp/service/swappoint/swap_ny4_cadhkd_202208.json,2026-09-27T09:47:23+09:00
oanda_ny,CAD/HKD,2022-08-09,2022-08-10,1,-47.8015,-111.4409,10000,JPY,confirmed,https://www.oanda.jp/service/swappoint/swap_ny4_cadhkd_202208.json,2026-09-27T09:47:23+09:00
oanda_ny,CAD/HKD,2022-08-10,2022-08-11,3,-40.2557,-195.2829,10000,JPY,confirmed,https://www.oanda.jp/service/swappoint/swap_ny4_cadhkd_202208.json,2026-09-27T09:47:23+09:00
oanda_ny,CAD/HKD,2022-08-11,2022-08-12,1,-23.4541,-67.7881,10000,JPY,confirmed,https://www.oanda.jp/service/swappoint/swap_ny4_cadhkd_202208.json,2026-09-27T09:47:23+09:00
oanda_ny,CAD/HKD,2022-08-12,2022-08-15,1,-22.9547,-66.5688,10000,JPY,confirmed,https://www.oanda.jp/service/swappoint/swap_ny4_cadhkd_202208.json,2026-09-27T09:47:23+09:00
oanda_ny,CAD/HKD,2022-08-15,2022-08-16,1,-28.6454,-62.396,10000,JPY,confirmed,https://www.oanda.jp/service/swappoint/swap_ny4_cadhkd_202208.json,2026-09-27T09:47:23+09:00
oanda_ny,CAD/HKD,2022-08-16,2022-08-17,1,-27.2629,-64.8571,10000,JPY,confirmed,https://www.oanda.jp/service/swappoint/swap_ny4_cadhkd_202208.json,2026-09-27T09:47:23+09:00
oanda_ny,CAD/HKD,2022-08-17,2022-08-18,3,-49.0954,-160.2059,10000,JPY,confirmed,https://www.oanda.jp/service/swappoint/swap_ny4_cadhkd_202208.json,2026-09-27T09:47:23+09:00
oanda_ny,CAD/HKD,2022-08-18,2022-08-19,1,-22.1857,-70.3027,10000,JPY,confirmed,https://www.oanda.jp/service/swappoint/swap_ny4_cadhkd_202208.json,2026-09-27T09:47:23+09:00
oanda_ny,CAD/HKD,2022-08-19,2022-08-22,1,-14.7538,-71.4546,10000,JPY,confirmed,https://www.oanda.jp/service/swappoint/swap_ny4_cadhkd_202208.json,2026-09-27T09:47:23+09:00
oanda_ny,CAD/HKD,2022-08-22,2022-08-23,1,-17.9319,-74.909,10000,JPY,confirmed,https://www.oanda.jp/service/swappoint/swap_ny4_cadhkd_202208.json,2026-09-27T09:47:23+09:00
oanda_ny,CAD/HKD,2022-08-23,2022-08-24,1,-2.8973,-66.6377,10000,JPY,confirmed,https://www.oanda.jp/service/swappoint/swap_ny4_cadhkd_202208.json,2026-09-27T09:47:23+09:00
oanda_ny,CAD/HKD,2022-08-24,2022-08-25,3,-6.0947,-177.6166,10000,JPY,confirmed,https://www.oanda.jp/service/swappoint/swap_ny4_cadhkd_202208.json,2026-09-27T09:47:23+09:00
oanda_ny,CAD/HKD,2022-08-25,2022-08-26,1,-6.0882,-60.3025,10000,JPY,confirmed,https://www.oanda.jp/service/swappoint/swap_ny4_cadhkd_202208.json,2026-09-27T09:47:23+09:00
oanda_ny,CAD/HKD,2022-08-26,2022-08-29,1,-0.8687,-63.9949,10000,JPY,confirmed,https://www.oanda.jp/service/swappoint/swap_ny4_cadhkd_202208.json,2026-09-27T09:47:23+09:00
oanda_ny,CAD/HKD,2022-08-29,2022-08-30,1,-4.975,-66.1376,10000,JPY,confirmed,https://www.oanda.jp/service/swappoint/swap_ny4_cadhkd_202208.json,2026-09-27T09:47:23+09:00
oanda_ny,CAD/HKD,2022-08-30,2022-08-31,1,-3.2013,-64.6087,10000,JPY,confirmed,https://www.oanda.jp/service/swappoint/swap_ny4_cadhkd_202208.json,2026-09-27T09:47:23+09:00
oanda_ny,CAD/HKD,2022-08-31,2022-09-01,4,8.0995,-256.7368,10000,JPY,confirmed,https://www.oanda.jp/service/swappoint/swap_ny4_cadhkd_202208.json,2026-09-27T09:47:23+09:00
oanda_ny,CAD/HKD,2022-09-01,2022-09-02,0,0.0,0.0,10000,JPY,confirmed,https://www.oanda.jp/service/swappoint/swap_ny4_cadhkd_202209.json,2026-09-27T09:47:37+09:00
oanda_ny,CAD/HKD,2022-09-02,2022-09-05,1,-5.572,-67.7435,10000,JPY,confirmed,https://www.oanda.jp/service/swappoint/swap_ny4_cadhkd_202209.json,2026-09-27T09:47:37+09:00
oanda_ny,CAD/HKD,2022-09-05,2022-09-06,1,-4.111,-64.8946,10000,JPY,confirmed,https://www.oanda.jp/service/swappoint/swap_ny4_cadhkd_202209.json,2026-09-27T09:47:37+09:00
oanda_ny,CAD/HKD,2022-09-06,2022-09-07,1,21.3751,-90.6121,10000,JPY,confirmed,https://www.oanda.jp/service/swappoint/swap_ny4_cadhkd_202209.json,2026-09-27T09:47:37+09:00
oanda_ny,CAD/HKD,2022-09-07,2022-09-08,4,89.8897,-344.1533,10000,JPY,confirmed,https://www.oanda.jp/service/swappoint/swap_ny4_cadhkd_202209.json,2026-09-27T09:47:37+09:00
oanda_ny,CAD/HKD,2022-09-08,2022-09-09,1,22.8749,-93.3774,10000,JPY,confirmed,https://www.oanda.jp/service/swappoint/swap_ny4_cadhkd_202209.json,2026-09-27T09:47:37+09:00
oanda_ny,CAD/HKD,2022-09-09,2022-09-12,0,0.0,0.0,10000,JPY,confirmed,https://www.oanda.jp/service/swappoint/swap_ny4_cadhkd_202209.json,2026-09-27T09:47:37+09:00
oanda_ny,CAD/HKD,2022-09-12,2022-09-13,1,17.7474,-97.2467,10000,JPY,confirmed,https://www.oanda.jp/service/swappoint/swap_ny4_cadhkd_202209.json,2026-09-27T09:47:37+09:00
oanda_ny,CAD/HKD,2022-09-13,2022-09-14,1,19.4997,-88.2511,10000,JPY,confirmed,https://www.oanda.jp/service/swappoint/swap_ny4_cadhkd_202209.json,2026-09-27T09:47:37+09:00
oanda_ny,CAD/HKD,2022-09-14,2022-09-15,3,45.489,-272.2369,10000,JPY,confirmed,https://www.oanda.jp/service/swappoint/swap_ny4_cadhkd_202209.json,2026-09-27T09:47:37+09:00
oanda_ny,CAD/HKD,2022-09-15,2022-09-16,1,11.2689,-86.0467,10000,JPY,confirmed,https://www.oanda.jp/service/swappoint/swap_ny4_cadhkd_202209.json,2026-09-27T09:47:37+09:00
oanda_ny,CAD/HKD,2022-09-16,2022-09-19,1,17.6808,-85.7999,10000,JPY,confirmed,https://www.oanda.jp/service/swappoint/swap_ny4_cadhkd_202209.json,2026-09-27T09:47:37+09:00
oanda_ny,CAD/HKD,2022-09-19,2022-09-20,1,16.8432,-90.4874,10000,JPY,confirmed,https://www.oanda.jp/service/swappoint/swap_ny4_cadhkd_202209.json,2026-09-27T09:47:37+09:00
oanda_ny,CAD/HKD,2022-09-20,2022-09-21,1,-5.0176,-67.8853,10000,JPY,confirmed,https://www.oanda.jp/service/swappoint/swap_ny4_cadhkd_202209.json,2026-09-27T09:47:37+09:00
oanda_ny,CAD/HKD,2022-09-21,2022-09-22,3,4.3873,-228.1718,10000,JPY,confirmed,https://www.oanda.jp/service/swappoint/swap_ny4_cadhkd_202209.json,2026-09-27T09:47:37+09:00
oanda_ny,CAD/HKD,2022-09-22,2022-09-23,1,-0.5796,-83.4625,10000,JPY,confirmed,https://www.oanda.jp/service/swappoint/swap_ny4_cadhkd_202209.json,2026-09-27T09:47:37+09:00
oanda_ny,CAD/HKD,2022-09-23,2022-09-26,1,6.0569,-77.3181,10000,JPY,confirmed,https://www.oanda.jp/service/swappoint/swap_ny4_cadhkd_202209.json,2026-09-27T09:47:37+09:00
oanda_ny,CAD/HKD,2022-09-26,2022-09-27,1,4.8967,-80.9742,10000,JPY,confirmed,https://www.oanda.jp/service/swappoint/swap_ny4_cadhkd_202209.json,2026-09-27T09:47:37+09:00
oanda_ny,CAD/HKD,2022-09-27,2022-09-28,4,-82.2737,-264.2028,10000,JPY,confirmed,https://www.oanda.jp/service/swappoint/swap_ny4_cadhkd_202209.json,2026-09-27T09:47:37+09:00
oanda_ny,CAD/HKD,2022-09-28,2022-09-29,0,0.0,0.0,10000,JPY,confirmed,https://www.oanda.jp/service/swappoint/swap_ny4_cadhkd_202209.json,2026-09-27T09:47:37+09:00
oanda_ny,CAD/HKD,2022-09-29,2022-09-30,2,-6.3744,-128.647,10000,JPY,confirmed,https://www.oanda.jp/service/swappoint/swap_ny4_cadhkd_202209.json,2026-09-27T09:47:37+09:00
oanda_ny,CAD/HKD,2022-09-30,2022-10-03,1,-4.3104,-67.8176,10000,JPY,confirmed,https://www.oanda.jp/service/swappoint/swap_ny4_cadhkd_202209.json,2026-09-27T09:47:37+09:00
oanda_ny,CAD/HKD,2022-10-03,2022-10-04,0,0.0,0.0,10000,JPY,confirmed,https://www.oanda.jp/service/swappoint/swap_ny4_cadhkd_202210.json,2026-09-27T09:47:52+09:00
oanda_ny,CAD/HKD,2022-10-04,2022-10-05,1,-16.4018,-80.5444,10000,JPY,confirmed,https://www.oanda.jp/service/swappoint/swap_ny4_cadhkd_202210.json,2026-09-27T09:47:52+09:00
oanda_ny,CAD/HKD,2022-10-05,2022-10-06,4,-62.9959,-320.8127,10000,JPY,confirmed,https://www.oanda.jp/service/swappoint/swap_ny4_cadhkd_202210.json,2026-09-27T09:47:52+09:00
oanda_ny,CAD/HKD,2022-10-06,2022-10-07,0,0.0,0.0,10000,JPY,confirmed,https://www.oanda.jp/service/swappoint/swap_ny4_cadhkd_202210.json,2026-09-27T09:47:52+09:00
oanda_ny,CAD/HKD,2022-10-07,2022-10-10,1,2.8943,-73.8101,10000,JPY,confirmed,https://www.oanda.jp/service/swappoint/swap_ny4_cadhkd_202210.json,2026-09-27T09:47:52+09:00
oanda_ny,CAD/HKD,2022-10-10,2022-10-11,1,-4.6451,-68.2244,10000,JPY,confirmed,https://www.oanda.jp/service/swappoint/swap_ny4_cadhkd_202210.json,2026-09-27T09:47:52+09:00
oanda_ny,CAD/HKD,2022-10-11,2022-10-12,1,-1.4513,-67.3394,10000,JPY,confirmed,https://www.oanda.jp/service/swappoint/swap_ny4_cadhkd_202210.json,2026-09-27T09:47:52+09:00
oanda_ny,CAD/HKD,2022-10-12,2022-10-13,3,-10.5081,-181.2651,10000,JPY,confirmed,https://www.oanda.jp/service/swappoint/swap_ny4_cadhkd_202210.json,2026-09-27T09:47:52+09:00
oanda_ny,CAD/HKD,2022-10-13,2022-10-14,1,-4.7022,-64.067,10000,JPY,confirmed,https://www.oanda.jp/service/swappoint/swap_ny4_cadhkd_202210.json,2026-09-27T09:47:52+09:00
oanda_ny,CAD/HKD,2022-10-14,2022-10-17,1,-6.1779,-63.5438,10000,JPY,confirmed,https://www.oanda.jp/service/swappoint/swap_ny4_cadhkd_202210.json,2026-09-27T09:47:52+09:00
oanda_ny,CAD/HKD,2022-10-17,2022-10-18,1,-8.0538,-65.0269,10000,JPY,confirmed,https://www.oanda.jp/service/swappoint/swap_ny4_cadhkd_202210.json,2026-09-27T09:47:52+09:00
oanda_ny,CAD/HKD,2022-10-18,2022-10-19,1,-10.4403,-62.6417,10000,JPY,confirmed,https://www.oanda.jp/service/swappoint/swap_ny4_cadhkd_202210.json,2026-09-27T09:47:52+09:00
oanda_ny,CAD/HKD,2022-10-19,2022-10-20,3,-16.1443,-179.3816,10000,JPY,confirmed,https://www.oanda.jp/service/swappoint/swap_ny4_cadhkd_202210.json,2026-09-27T09:47:52+09:00
oanda_ny,CAD/HKD,2022-10-20,2022-10-21,1,-8.3845,-61.9855,10000,JPY,confirmed,https://www.oanda.jp/service/swappoint/swap_ny4_cadhkd_202210.json,2026-09-27T09:47:52+09:00
oanda_ny,CAD/HKD,2022-10-21,2022-10-24,1,-11.884,-59.1229,10000,JPY,confirmed,https://www.oanda.jp/service/swappoint/swap_ny4_cadhkd_202210.json,2026-09-27T09:47:52+09:00
oanda_ny,CAD/HKD,2022-10-24,2022-10-25,1,-8.3571,-59.6934,10000,JPY,confirmed,https://www.oanda.jp/service/swappoint/swap_ny4_cadhkd_202210.json,2026-09-27T09:47:52+09:00
oanda_ny,CAD/HKD,2022-10-25,2022-10-26,1,10.405,-77.9027,10000,JPY,confirmed,https://www.oanda.jp/service/swappoint/swap_ny4_cadhkd_202210.json,2026-09-27T09:47:52+09:00
oanda_ny,CAD/HKD,2022-10-26,2022-10-27,3,25.6891,-217.8983,10000,JPY,confirmed,https://www.oanda.jp/service/swappoint/swap_ny4_cadhkd_202210.json,2026-09-27T09:47:52+09:00
oanda_ny,CAD/HKD,2022-10-27,2022-10-28,1,1.769,-68.6743,10000,JPY,confirmed,https://www.oanda.jp/service/swappoint/swap_ny4_cadhkd_202210.json,2026-09-27T09:47:52+09:00
oanda_ny,CAD/HKD,2022-10-28,2022-10-31,1,-1.4879,-66.3592,10000,JPY,confirmed,https://www.oanda.jp/service/swappoint/swap_ny4_cadhkd_202210.json,2026-09-27T09:47:52+09:00
oanda_ny,CAD/HKD,2022-10-31,2022-11-01,1,2.3879,-71.0249,10000,JPY,confirmed,https://www.oanda.jp/service/swappoint/swap_ny4_cadhkd_202210.json,2026-09-27T09:47:52+09:00
oanda_ny,CAD/HKD,2022-11-01,2022-11-02,1,2.379,-70.7614,10000,JPY,confirmed,https://www.oanda.jp/service/swappoint/swap_ny4_cadhkd_202211.json,2026-09-27T09:48:07+09:00
oanda_ny,CAD/HKD,2022-11-02,2022-11-03,3,-22.211,-172.3577,10000,JPY,confirmed,https://www.oanda.jp/service/swappoint/swap_ny4_cadhkd_202211.json,2026-09-27T09:48:07+09:00
oanda_ny,CAD/HKD,2022-11-03,2022-11-04,1,-7.1062,-74.9114,10000,JPY,confirmed,https://www.oanda.jp/service/swappoint/swap_ny4_cadhkd_202211.json,2026-09-27T09:48:07+09:00
oanda_ny,CAD/HKD,2022-11-04,2022-11-07,1,7.7338,-77.0505,10000,JPY,confirmed,https://www.oanda.jp/service/swappoint/swap_ny4_cadhkd_202211.json,2026-09-27T09:48:07+09:00
oanda_ny,CAD/HKD,2022-11-07,2022-11-08,1,-2.6851,-97.5583,10000,JPY,confirmed,https://www.oanda.jp/service/swappoint/swap_ny4_cadhkd_202211.json,2026-09-27T09:48:07+09:00
oanda_ny,CAD/HKD,2022-11-08,2022-11-09,4,52.1968,-340.6391,10000,JPY,confirmed,https://www.oanda.jp/service/swappoint/swap_ny4_cadhkd_202211.json,2026-09-27T09:48:07+09:00
oanda_ny,CAD/HKD,2022-11-09,2022-11-10,0,0.0,0.0,10000,JPY,confirmed,https://www.oanda.jp/service/swappoint/swap_ny4_cadhkd_202211.json,2026-09-27T09:48:07+09:00
oanda_ny,CAD/HKD,2022-11-10,2022-11-11,1,-20.9142,-92.3713,10000,JPY,confirmed,https://www.oanda.jp/service/swappoint/swap_ny4_cadhkd_202211.json,2026-09-27T09:48:07+09:00
oanda_ny,CAD/HKD,2022-11-11,2022-11-14,1,-49.492,-94.9556,10000,JPY,confirmed,https://www.oanda.jp/service/swappoint/swap_ny4_cadhkd_202211.json,2026-09-27T09:48:07+09:00
oanda_ny,CAD/HKD,2022-11-14,2022-11-15,1,-17.5961,-63.1729,10000,JPY,confirmed,https://www.oanda.jp/service/swappoint/swap_ny4_cadhkd_202211.json,2026-09-27T09:48:07+09:00
oanda_ny,CAD/HKD,2022-11-15,2022-11-16,1,-23.0417,-57.0283,10000,JPY,confirmed,https://www.oanda.jp/service/swappoint/swap_ny4_cadhkd_202211.json,2026-09-27T09:48:07+09:00
oanda_ny,CAD/HKD,2022-11-16,2022-11-17,3,-99.16,-100.0223,10000,JPY,confirmed,https://www.oanda.jp/service/swappoint/swap_ny4_cadhkd_202211.json,2026-09-27T09:48:07+09:00
oanda_ny,CAD/HKD,2022-11-17,2022-11-18,1,-45.9285,-46.2174,10000,JPY,confirmed,https://www.oanda.jp/service/swappoint/swap_ny4_cadhkd_202211.json,2026-09-27T09:48:07+09:00
oanda_ny,CAD/HKD,2022-11-18,2022-11-21,1,-63.0346,-58.4293,10000,JPY,confirmed,https://www.oanda.jp/service/swappoint/swap_ny4_cadhkd_202211.json,2026-09-27T09:48:07+09:00
oanda_ny,CAD/HKD,2022-11-21,2022-11-22,2,-142.0963,-62.6384,10000,JPY,confirmed,https://www.oanda.jp/service/swappoint/swap_ny4_cadhkd_202211.json,2026-09-27T09:48:07+09:00
oanda_ny,CAD/HKD,2022-11-22,2022-11-23,0,0.0,0.0,10000,JPY,confirmed,https://www.oanda.jp/service/swappoint/swap_ny4_cadhkd_202211.json,2026-09-27T09:48:07+09:00
oanda_ny,CAD/HKD,2022-11-23,2022-11-24,3,-118.7976,-95.5546,10000,JPY,confirmed,https://www.oanda.jp/service/swappoint/swap_ny4_cadhkd_202211.json,2026-09-27T09:48:07+09:00
oanda_ny,CAD/HKD,2022-11-24,2022-11-25,1,-52.7913,-31.3894,10000,JPY,confirmed,https://www.oanda.jp/service/swappoint/swap_ny4_cadhkd_202211.json,2026-09-27T09:48:07+09:00
oanda_ny,CAD/HKD,2022-11-25,2022-11-28,1,-59.3786,-20.8396,10000,JPY,confirmed,https://www.oanda.jp/service/swappoint/swap_ny4_cadhkd_202211.json,2026-09-27T09:48:07+09:00
oanda_ny,CAD/HKD,2022-11-28,2022-11-29,1,-76.5853,-38.1513,10000,JPY,confirmed,https://www.oanda.jp/service/swappoint/swap_ny4_cadhkd_202211.json,2026-09-27T09:48:07+09:00
oanda_ny,CAD/HKD,2022-11-29,2022-11-30,1,-67.8543,-44.8624,10000,JPY,confirmed,https://www.oanda.jp/service/swappoint/swap_ny4_cadhkd_202211.json,2026-09-27T09:48:07+09:00
oanda_ny,CAD/HKD,2022-11-30,2022-12-01,3,-217.7806,-121.1776,10000,JPY,confirmed,https://www.oanda.jp/service/swappoint/swap_ny4_cadhkd_202211.json,2026-09-27T09:48:07+09:00
oanda_ny,CAD/HKD,2022-12-01,2022-12-02,1,-74.1454,-50.3524,10000,JPY,confirmed,https://www.oanda.jp/service/swappoint/swap_ny4_cadhkd_202212.json,2026-09-27T09:48:21+09:00
oanda_ny,CAD/HKD,2022-12-02,2022-12-05,1,-76.0931,-33.6671,10000,JPY,confirmed,https://www.oanda.jp/service/swappoint/swap_ny4_cadhkd_202212.json,2026-09-27T09:48:21+09:00
oanda_ny,CAD/HKD,2022-12-05,2022-12-06,1,-98.635,-39.233,10000,JPY,confirmed,https://www.oanda.jp/service/swappoint/swap_ny4_cadhkd_202212.json,2026-09-27T09:48:21+09:00
oanda_ny,CAD/HKD,2022-12-06,2022-12-07,1,-70.8269,-66.6931,10000,JPY,confirmed,https://www.oanda.jp/service/swappoint/swap_ny4_cadhkd_202212.json,2026-09-27T09:48:21+09:00
oanda_ny,CAD/HKD,2022-12-07,2022-12-08,3,-178.7987,-236.4756,10000,JPY,confirmed,https://www.oanda.jp/service/swappoint/swap_ny4_cadhkd_202212.json,2026-09-27T09:48:21+09:00
oanda_ny,CAD/HKD,2022-12-08,2022-12-09,1,-5.5215,-75.6444,10000,JPY,confirmed,https://www.oanda.jp/service/swappoint/swap_ny4_cadhkd_202212.json,2026-09-27T09:48:21+09:00
oanda_ny,CAD/HKD,2022-12-09,2022-12-12,1,-4.9458,-72.2639,10000,JPY,confirmed,https://www.oanda.jp/service/swappoint/swap_ny4_cadhkd_202212.json,2026-09-27T09:48:21+09:00
oanda_ny,CAD/HKD,2022-12-12,2022-12-13,1,-44.3458,-48.7804,10000,JPY,confirmed,https://www.oanda.jp/service/swappoint/swap_ny4_cadhkd_202212.json,2026-09-27T09:48:21+09:00
oanda_ny,CAD/HKD,2022-12-13,2022-12-14,1,-48.0949,-31.3304,10000,JPY,confirmed,https://www.oanda.jp/service/swappoint/swap_ny4_cadhkd_202212.json,2026-09-27T09:48:21+09:00
oanda_ny,CAD/HKD,2022-12-14,2022-12-15,3,-97.2172,-107.9276,10000,JPY,confirmed,https://www.oanda.jp/service/swappoint/swap_ny4_cadhkd_202212.json,2026-09-27T09:48:21+09:00
oanda_ny,CAD/HKD,2022-12-15,2022-12-16,1,-30.489,-64.5812,10000,JPY,confirmed,https://www.oanda.jp/service/swappoint/swap_ny4_cadhkd_202212.json,2026-09-27T09:48:21+09:00
oanda_ny,CAD/HKD,2022-12-16,2022-12-19,1,-21.6511,-74.8197,10000,JPY,confirmed,https://www.oanda.jp/service/swappoint/swap_ny4_cadhkd_202212.json,2026-09-27T09:48:21+09:00
oanda_ny,CAD/HKD,2022-12-19,2022-12-20,1,-23.404,-73.5161,10000,JPY,confirmed,https://www.oanda.jp/service/swappoint/swap_ny4_cadhkd_202212.json,2026-09-27T09:48:21+09:00
oanda_ny,CAD/HKD,2022-12-20,2022-12-21,1,-3.7184,-91.1013,10000,JPY,confirmed,https://www.oanda.jp/service/swappoint/swap_ny4_cadhkd_202212.json,2026-09-27T09:48:21+09:00
oanda_ny,CAD/HKD,2022-12-21,2022-12-22,5,94.4663,-502.2775,10000,JPY,confirmed,https://www.oanda.jp/service/swappoint/swap_ny4_cadhkd_202212.json,2026-09-27T09:48:21+09:00
oanda_ny,CAD/HKD,2022-12-22,2022-12-23,1,-54.8502,-173.6035,10000,JPY,confirmed,https://www.oanda.jp/service/swappoint/swap_ny4_cadhkd_202212.json,2026-09-27T09:48:21+09:00
oanda_ny,CAD/HKD,2022-12-23,2022-12-26,0,0.0,0.0,10000,JPY,confirmed,https://www.oanda.jp/service/swappoint/swap_ny4_cadhkd_202212.json,2026-09-27T09:48:21+09:00
oanda_ny,CAD/HKD,2022-12-26,2022-12-27,0,0.0,0.0,10000,JPY,confirmed,https://www.oanda.jp/service/swappoint/swap_ny4_cadhkd_202212.json,2026-09-27T09:48:21+09:00
oanda_ny,CAD/HKD,2022-12-27,2022-12-28,1,-100.8145,-223.3095,10000,JPY,confirmed,https://www.oanda.jp/service/swappoint/swap_ny4_cadhkd_202212.json,2026-09-27T09:48:21+09:00
oanda_ny,CAD/HKD,2022-12-28,2022-12-29,4,-361.4855,-96.6132,10000,JPY,confirmed,https://www.oanda.jp/service/swappoint/swap_ny4_cadhkd_202212.json,2026-09-27T09:48:21+09:00
oanda_ny,CAD/HKD,2022-12-29,2022-12-30,1,-32.6164,-72.2413,10000,JPY,confirmed,https://www.oanda.jp/service/swappoint/swap_ny4_cadhkd_202212.json,2026-09-27T09:48:21+09:00
oanda_ny,CAD/HKD,2022-12-30,2023-01-02,0,0.0,0.0,10000,JPY,confirmed,https://www.oanda.jp/service/swappoint/swap_ny4_cadhkd_202212.json,2026-09-27T09:48:21+09:00
oanda_ny,CAD/HKD,2023-01-02,2023-01-03,1,-92.7366,-150.0695,10000,JPY,confirmed,https://www.oanda.jp/service/swappoint/swap_ny4_cadhkd_202301.json,2026-09-27T09:48:36+09:00
oanda_ny,CAD/HKD,2023-01-03,2023-01-04,1,-0.7892,-70.239,10000,JPY,confirmed,https://www.oanda.jp/service/swappoint/swap_ny4_cadhkd_202301.json,2026-09-27T09:48:36+09:00
oanda_ny,CAD/HKD,2023-01-04,2023-01-05,3,-8.9182,-212.4157,10000,JPY,confirmed,https://www.oanda.jp/service/swappoint/swap_ny4_cadhkd_202301.json,2026-09-27T09:48:36+09:00
oanda_ny,CAD/HKD,2023-01-05,2023-01-06,1,-28.6091,-88.2565,10000,JPY,confirmed,https://www.oanda.jp/service/swappoint/swap_ny4_cadhkd_202301.json,2026-09-27T09:48:36+09:00
oanda_ny,CAD/HKD,2023-01-06,2023-01-09,1,-24.005,-84.1524,10000,JPY,confirmed,https://www.oanda.jp/service/swappoint/swap_ny4_cadhkd_202301.json,2026-09-27T09:48:36+09:00
oanda_ny,CAD/HKD,2023-01-09,2023-01-10,1,-8.3814,-73.8102,10000,JPY,confirmed,https://www.oanda.jp/service/swappoint/swap_ny4_cadhkd_202301.json,2026-09-27T09:48:36+09:00
oanda_ny,CAD/HKD,2023-01-10,2023-01-11,1,1.6155,-83.8027,10000,JPY,confirmed,https://www.oanda.jp/service/swappoint/swap_ny4_cadhkd_202301.json,2026-09-27T09:48:36+09:00
oanda_ny,CAD/HKD,2023-01-11,2023-01-12,4,80.9676,-320.8329,10000,JPY,confirmed,https://www.oanda.jp/service/swappoint/swap_ny4_cadhkd_202301.json,2026-09-27T09:48:36+09:00
oanda_ny,CAD/HKD,2023-01-12,2023-01-13,0,0.0,0.0,10000,JPY,confirmed,https://www.oanda.jp/service/swappoint/swap_ny4_cadhkd_202301.json,2026-09-27T09:48:36+09:00
oanda_ny,CAD/HKD,2023-01-13,2023-01-16,1,13.5716,-88.8309,10000,JPY,confirmed,https://www.oanda.jp/service/swappoint/swap_ny4_cadhkd_202301.json,2026-09-27T09:48:36+09:00
oanda_ny,CAD/HKD,2023-01-16,2023-01-17,1,-10.2632,-82.1053,10000,JPY,confirmed,https://www.oanda.jp/service/swappoint/swap_ny4_cadhkd_202301.json,2026-09-27T09:48:36+09:00
oanda_ny,CAD/HKD,2023-01-17,2023-01-18,1,-3.6779,-93.524,10000,JPY,confirmed,https://www.oanda.jp/service/swappoint/swap_ny4_cadhkd_202301.json,2026-09-27T09:48:36+09:00
oanda_ny,CAD/HKD,2023-01-18,2023-01-19,6,112.8336,-505.0661,10000,JPY,confirmed,https://www.oanda.jp/service/swappoint/swap_ny4_cadhkd_202301.json,2026-09-27T09:48:36+09:00
oanda_ny,CAD/HKD,2023-01-19,2023-01-20,1,-0.2618,-109.9626,10000,JPY,confirmed,https://www.oanda.jp/service/swappoint/swap_ny4_cadhkd_202301.json,2026-09-27T09:48:36+09:00
oanda_ny,CAD/HKD,2023-01-20,2023-01-23,0,0.0,0.0,10000,JPY,confirmed,https://www.oanda.jp/service/swappoint/swap_ny4_cadhkd_202301.json,2026-09-27T09:48:36+09:00
oanda_ny,CAD/HKD,2023-01-23,2023-01-24,0,0.0,0.0,10000,JPY,confirmed,https://www.oanda.jp/service/swappoint/swap_ny4_cadhkd_202301.json,2026-09-27T09:48:36+09:00
oanda_ny,CAD/HKD,2023-01-24,2023-01-25,0,0.0,0.0,10000,JPY,confirmed,https://www.oanda.jp/service/swappoint/swap_ny4_cadhkd_202301.json,2026-09-27T09:48:36+09:00
oanda_ny,CAD/HKD,2023-01-25,2023-01-26,3,-52.5766,-399.9006,10000,JPY,confirmed,https://www.oanda.jp/service/swappoint/swap_ny4_cadhkd_202301.json,2026-09-27T09:48:36+09:00
oanda_ny,CAD/HKD,2023-01-26,2023-01-27,1,13.9,-100.3739,10000,JPY,confirmed,https://www.oanda.jp/service/swappoint/swap_ny4_cadhkd_202301.json,2026-09-27T09:48:36+09:00
oanda_ny,CAD/HKD,2023-01-27,2023-01-30,1,18.1344,-95.3193,10000,JPY,confirmed,https://www.oanda.jp/service/swappoint/swap_ny4_cadhkd_202301.json,2026-09-27T09:48:36+09:00
oanda_ny,CAD/HKD,2023-01-30,2023-01-31,1,20.2462,-99.4971,10000,JPY,confirmed,https://www.oanda.jp/service/swappoint/swap_ny4_cadhkd_202301.json,2026-09-27T09:48:36+09:00
oanda_ny,CAD/HKD,2023-01-31,2023-02-01,1,14.7009,-89.6323,10000,JPY,confirmed,https://www.oanda.jp/service/swappoint/swap_ny4_cadhkd_202301.json,2026-09-27T09:48:36+09:00
oanda_ny,CAD/HKD,2023-02-01,2023-02-02,3,101.0537,-299.5829,10000,JPY,confirmed,https://www.oanda.jp/service/swappoint/swap_ny4_cadhkd_202302.json,2026-09-27T09:48:51+09:00
oanda_ny,CAD/HKD,2023-02-02,2023-02-03,1,28.8085,-123.1257,10000,JPY,confirmed,https://www.oanda.jp/service/swappoint/swap_ny4_cadhkd_202302.json,2026-09-27T09:48:51+09:00
oanda_ny,CAD/HKD,2023-02-03,2023-02-06,1,8.2972,-109.1025,10000,JPY,confirmed,https://www.oanda.jp/service/swappoint/swap_ny4_cadhkd_202302.json,2026-09-27T09:48:51+09:00
oanda_ny,CAD/HKD,2023-02-06,2023-02-07,1,23.7327,-119.6806,10000,JPY,confirmed,https://www.oanda.jp/service/swappoint/swap_ny4_cadhkd_202302.json,2026-09-27T09:48:51+09:00
oanda_ny,CAD/HKD,2023-02-07,2023-02-08,1,42.2576,-117.0769,10000,JPY,confirmed,https://www.oanda.jp/service/swappoint/swap_ny4_cadhkd_202302.json,2026-09-27T09:48:51+09:00
oanda_ny,CAD/HKD,2023-02-08,2023-02-09,3,149.1503,-346.997,10000,JPY,confirmed,https://www.oanda.jp/service/swappoint/swap_ny4_cadhkd_202302.json,2026-09-27T09:48:51+09:00
oanda_ny,CAD/HKD,2023-02-09,2023-02-10,1,49.9805,-133.6366,10000,JPY,confirmed,https://www.oanda.jp/service/swappoint/swap_ny4_cadhkd_202302.json,2026-09-27T09:48:51+09:00
oanda_ny,CAD/HKD,2023-02-10,2023-02-13,1,43.6162,-128.9402,10000,JPY,confirmed,https://www.oanda.jp/service/swappoint/swap_ny4_cadhkd_202302.json,2026-09-27T09:48:51+09:00
oanda_ny,CAD/HKD,2023-02-13,2023-02-14,1,53.7748,-127.8862,10000,JPY,confirmed,https://www.oanda.jp/service/swappoint/swap_ny4_cadhkd_202302.json,2026-09-27T09:48:51+09:00
oanda_ny,CAD/HKD,2023-02-14,2023-02-15,1,47.2069,-127.1202,10000,JPY,confirmed,https://www.oanda.jp/service/swappoint/swap_ny4_cadhkd_202302.json,2026-09-27T09:48:51+09:00
oanda_ny,CAD/HKD,2023-02-15,2023-02-16,4,198.2742,-461.9278,10000,JPY,confirmed,https://www.oanda.jp/service/swappoint/swap_ny4_cadhkd_202302.json,2026-09-27T09:48:51+09:00
oanda_ny,CAD/HKD,2023-02-16,2023-02-17,0,0.0,0.0,10000,JPY,confirmed,https://www.oanda.jp/service/swappoint/swap_ny4_cadhkd_202302.json,2026-09-27T09:48:51+09:00
oanda_ny,CAD/HKD,2023-02-17,2023-02-20,1,17.9688,-99.2245,10000,JPY,confirmed,https://www.oanda.jp/service/swappoint/swap_ny4_cadhkd_202302.json,2026-09-27T09:48:51+09:00
oanda_ny,CAD/HKD,2023-02-20,2023-02-21,1,-99.1926,-179.4783,10000,JPY,confirmed,https://www.oanda.jp/service/swappoint/swap_ny4_cadhkd_202302.json,2026-09-27T09:48:51+09:00
oanda_ny,CAD/HKD,2023-02-21,2023-02-22,1,-13.6894,-113.6218,10000,JPY,confirmed,https://www.oanda.jp/service/swappoint/swap_ny4_cadhkd_202302.json,2026-09-27T09:48:51+09:00
oanda_ny,CAD/HKD,2023-02-22,2023-02-23,4,68.5971,-349.8261,10000,JPY,confirmed,https://www.oanda.jp/service/swappoint/swap_ny4_cadhkd_202302.json,2026-09-27T09:48:51+09:00
oanda_ny,CAD/HKD,2023-02-23,2023-02-24,0,0.0,0.0,10000,JPY,confirmed,https://www.oanda.jp/service/swappoint/swap_ny4_cadhkd_202302.json,2026-09-27T09:48:51+09:00
oanda_ny,CAD/HKD,2023-02-24,2023-02-27,1,-5.2321,-95.8303,10000,JPY,confirmed,https://www.oanda.jp/service/swappoint/swap_ny4_cadhkd_202302.json,2026-09-27T09:48:51+09:00
oanda_ny,CAD/HKD,2023-02-27,2023-02-28,1,-5.7851,-86.5012,10000,JPY,confirmed,https://www.oanda.jp/service/swappoint/swap_ny4_cadhkd_202302.json,2026-09-27T09:48:51+09:00
oanda_ny,CAD/HKD,2023-02-28,2023-03-01,1,-3.5626,-97.2852,10000,JPY,confirmed,https://www.oanda.jp/service/swappoint/swap_ny4_cadhkd_202302.json,2026-09-27T09:48:51+09:00
oanda_ny,CAD/HKD,2023-03-01,2023-03-02,3,18.0859,-321.0735,10000,JPY,confirmed,https://www.oanda.jp/service/swappoint/swap_ny4_cadhkd_202303.json,2026-09-27T09:49:05+09:00
oanda_ny,CAD/HKD,2023-03-02,2023-03-03,1,20.6297,-99.6955,10000,JPY,confirmed,https://www.oanda.jp/service/swappoint/swap_ny4_cadhkd_202303.json,2026-09-27T09:49:05+09:00
oanda_ny,CAD/HKD,2023-03-03,2023-03-06,1,17.4836,-100.6594,10000,JPY,confirmed,https://www.oanda.jp/service/swappoint/swap_ny4_cadhkd_202303.json,2026-09-27T09:49:05+09:00
oanda_ny,CAD/HKD,2023-03-06,2023-03-07,1,17.4733,-100.5999,10000,JPY,confirmed,https://www.oanda.jp/service/swappoint/swap_ny4_cadhkd_202303.json,2026-09-27T09:49:05+09:00
oanda_ny,CAD/HKD,2023-03-07,2023-03-08,1,19.6332,-107.0466,10000,JPY,confirmed,https://www.oanda.jp/service/swappoint/swap_ny4_cadhkd_202303.json,2026-09-27T09:49:05+09:00
oanda_ny,CAD/HKD,2023-03-08,2023-03-09,3,64.4854,-264.7123,10000,JPY,confirmed,https://www.oanda.jp/service/swappoint/swap_ny4_cadhkd_202303.json,2026-09-27T09:49:05+09:00
oanda_ny,CAD/HKD,2023-03-09,2023-03-10,1,18.0337,-100.2583,10000,JPY,confirmed,https://www.oanda.jp/service/swappoint/swap_ny4_cadhkd_202303.json,2026-09-27T09:49:05+09:00
oanda_ny,CAD/HKD,2023-03-10,2023-03-13,1,16.0347,-99.8137,10000,JPY,confirmed,https://www.oanda.jp/service/swappoint/swap_ny4_cadhkd_202303.json,2026-09-27T09:49:05+09:00
oanda_ny,CAD/HKD,2023-03-13,2023-03-14,1,25.2101,-91.9194,10000,JPY,confirmed,https://www.oanda.jp/service/swappoint/swap_ny4_cadhkd_202303.json,2026-09-27T09:49:05+09:00
oanda_ny,CAD/HKD,2023-03-14,2023-03-15,1,24.6698,-94.2288,10000,JPY,confirmed,https://www.oanda.jp/service/swappoint/swap_ny4_cadhkd_202303.json,2026-09-27T09:49:05+09:00
oanda_ny,CAD/HKD,2023-03-15,2023-03-16,3,118.4638,-296.149,10000,JPY,confirmed,https://www.oanda.jp/service/swappoint/swap_ny4_cadhkd_202303.json,2026-09-27T09:49:05+09:00
oanda_ny,CAD/HKD,2023-03-16,2023-03-17,1,37.3217,-106.5255,10000,JPY,confirmed,https://www.oanda.jp/service/swappoint/swap_ny4_cadhkd_202303.json,2026-09-27T09:49:05+09:00
oanda_ny,CAD/HKD,2023-03-17,2023-03-20,1,36.4873,-99.8857,10000,JPY,confirmed,https://www.oanda.jp/service/swappoint/swap_ny4_cadhkd_202303.json,2026-09-27T09:49:05+09:00
oanda_ny,CAD/HKD,2023-03-20,2023-03-21,1,13.1376,-82.5713,10000,JPY,confirmed,https://www.oanda.jp/service/swappoint/swap_ny4_cadhkd_202303.json,2026-09-27T09:49:05+09:00
oanda_ny,CAD/HKD,2023-03-21,2023-03-22,1,-11.4019,-60.1912,10000,JPY,confirmed,https://www.oanda.jp/service/swappoint/swap_ny4_cadhkd_202303.json,2026-09-27T09:49:05+09:00
oanda_ny,CAD/HKD,2023-03-22,2023-03-23,3,1.5711,-185.3465,10000,JPY,confirmed,https://www.oanda.jp/service/swappoint/swap_ny4_cadhkd_202303.json,2026-09-27T09:49:05+09:00
oanda_ny,CAD/HKD,2023-03-23,2023-03-24,1,9.6561,-75.7243,10000,JPY,confirmed,https://www.oanda.jp/service/swappoint/swap_ny4_cadhkd_202303.json,2026-09-27T09:49:05+09:00
oanda_ny,CAD/HKD,2023-03-24,2023-03-27,1,5.4598,-74.6548,10000,JPY,confirmed,https://www.oanda.jp/service/swappoint/swap_ny4_cadhkd_202303.json,2026-09-27T09:49:05+09:00
oanda_ny,CAD/HKD,2023-03-27,2023-03-28,1,11.8512,-80.3823,10000,JPY,confirmed,https://www.oanda.jp/service/swappoint/swap_ny4_cadhkd_202303.json,2026-09-27T09:49:05+09:00
oanda_ny,CAD/HKD,2023-03-28,2023-03-29,1,21.8468,-91.7017,10000,JPY,confirmed,https://www.oanda.jp/service/swappoint/swap_ny4_cadhkd_202303.json,2026-09-27T09:49:05+09:00
oanda_ny,CAD/HKD,2023-03-29,2023-03-30,3,-129.1345,-84.7445,10000,JPY,confirmed,https://www.oanda.jp/service/swappoint/swap_ny4_cadhkd_202303.json,2026-09-27T09:49:05+09:00
oanda_ny,CAD/HKD,2023-03-30,2023-03-31,1,22.0024,-88.6319,10000,JPY,confirmed,https://www.oanda.jp/service/swappoint/swap_ny4_cadhkd_202303.json,2026-09-27T09:49:05+09:00
oanda_ny,CAD/HKD,2023-03-31,2023-04-03,2,42.4554,-168.8837,10000,JPY,confirmed,https://www.oanda.jp/service/swappoint/swap_ny4_cadhkd_202303.json,2026-09-27T09:49:05+09:00
oanda_ny,CAD/HKD,2023-04-03,2023-04-04,5,136.0511,-426.0183,10000,JPY,confirmed,https://www.oanda.jp/service/swappoint/swap_ny4_cadhkd_202304.json,2026-09-27T09:49:20+09:00
oanda_ny,CAD/HKD,2023-04-04,2023-04-05,0,0.0,0.0,10000,JPY,confirmed,https://www.oanda.jp/service/swappoint/swap_ny4_cadhkd_202304.json,2026-09-27T09:49:20+09:00
oanda_ny,CAD/HKD,2023-04-05,2023-04-06,1,19.7393,-104.7164,10000,JPY,confirmed,https://www.oanda.jp/service/swappoint/swap_ny4_cadhkd_202304.json,2026-09-27T09:49:20+09:00
oanda_ny,CAD/HKD,2023-04-06,2023-04-07,0,0.0,0.0,10000,JPY,confirmed,https://www.oanda.jp/service/swappoint/swap_ny4_cadhkd_202304.json,2026-09-27T09:49:20+09:00
oanda_ny,CAD/HKD,2023-04-07,2023-04-10,0,0.0,0.0,10000,JPY,confirmed,https://www.oanda.jp/service/swappoint/swap_ny4_cadhkd_202304.json,2026-09-27T09:49:20+09:00
oanda_ny,CAD/HKD,2023-04-10,2023-04-11,1,17.85,-117.5765,10000,JPY,confirmed,https://www.oanda.jp/service/swappoint/swap_ny4_cadhkd_202304.json,2026-09-27T09:49:20+09:00
oanda_ny,CAD/HKD,2023-04-11,2023-04-12,1,34.2103,-98.4082,10000,JPY,confirmed,https://www.oanda.jp/service/swappoint/swap_ny4_cadhkd_202304.json,2026-09-27T09:49:20+09:00
oanda_ny,CAD/HKD,2023-04-12,2023-04-13,3,98.338,-274.1654,10000,JPY,confirmed,https://www.oanda.jp/service/swappoint/swap_ny4_cadhkd_202304.json,2026-09-27T09:49:20+09:00
oanda_ny,CAD/HKD,2023-04-13,2023-04-14,1,26.0881,-86.2176,10000,JPY,confirmed,https://www.oanda.jp/service/swappoint/swap_ny4_cadhkd_202304.json,2026-09-27T09:49:20+09:00
oanda_ny,CAD/HKD,2023-04-14,2023-04-17,1,27.1018,-96.7482,10000,JPY,confirmed,https://www.oanda.jp/service/swappoint/swap_ny4_cadhkd_202304.json,2026-09-27T09:49:20+09:00
oanda_ny,CAD/HKD,2023-04-17,2023-04-18,1,28.2799,-96.7576,10000,JPY,confirmed,https://www.oanda.jp/service/swappoint/swap_ny4_cadhkd_202304.json,2026-09-27T09:49:20+09:00
oanda_ny,CAD/HKD,2023-04-18,2023-04-19,1,30.3993,-93.2132,10000,JPY,confirmed,https://www.oanda.jp/service/swappoint/swap_ny4_cadhkd_202304.json,2026-09-27T09:49:20+09:00
oanda_ny,CAD/HKD,2023-04-19,2023-04-20,3,68.9754,-245.6791,10000,JPY,confirmed,https://www.oanda.jp/service/swappoint/swap_ny4_cadhkd_202304.json,2026-09-27T09:49:20+09:00
oanda_ny,CAD/HKD,2023-04-20,2023-04-21,1,16.3428,-84.5028,10000,JPY,confirmed,https://www.oanda.jp/service/swappoint/swap_ny4_cadhkd_202304.json,2026-09-27T09:49:20+09:00
oanda_ny,CAD/HKD,2023-04-21,2023-04-24,1,-14.1417,-61.1902,10000,JPY,confirmed,https://www.oanda.jp/service/swappoint/swap_ny4_cadhkd_202304.json,2026-09-27T09:49:20+09:00
oanda_ny,CAD/HKD,2023-04-24,2023-04-25,1,-2.4495,-65.0488,10000,JPY,confirmed,https://www.oanda.jp/service/swappoint/swap_ny4_cadhkd_202304.json,2026-09-27T09:49:20+09:00
oanda_ny,CAD/HKD,2023-04-25,2023-04-26,1,-13.4707,-61.4265,10000,JPY,confirmed,https://www.oanda.jp/service/swappoint/swap_ny4_cadhkd_202304.json,2026-09-27T09:49:20+09:00
oanda_ny,CAD/HKD,2023-04-26,2023-04-27,4,-19.3751,-215.279,10000,JPY,confirmed,https://www.oanda.jp/service/swappoint/swap_ny4_cadhkd_202304.json,2026-09-27T09:49:20+09:00
oanda_ny,CAD/HKD,2023-04-27,2023-04-28,1,8.0862,-69.8199,10000,JPY,confirmed,https://www.oanda.jp/service/swappoint/swap_ny4_cadhkd_202304.json,2026-09-27T09:49:20+09:00
oanda_ny,CAD/HKD,2023-04-28,2023-05-01,0,0.0,0.0,10000,JPY,confirmed,https://www.oanda.jp/service/swappoint/swap_ny4_cadhkd_202304.json,2026-09-27T09:49:20+09:00
oanda_ny,CAD/HKD,2023-05-01,2023-05-02,1,-8.6384,-68.8284,10000,JPY,confirmed,https://www.oanda.jp/service/swappoint/swap_ny4_cadhkd_202305.json,2026-09-27T09:49:35+09:00
oanda_ny,CAD/HKD,2023-05-02,2023-05-03,1,-8.5306,-67.9693,10000,JPY,confirmed,https://www.oanda.jp/service/swappoint/swap_ny4_cadhkd_202305.json,2026-09-27T09:49:35+09:00
oanda_ny,CAD/HKD,2023-05-03,2023-05-04,3,-8.1509,-166.2778,10000,JPY,confirmed,https://www.oanda.jp/service/swappoint/swap_ny4_cadhkd_202305.json,2026-09-27T09:49:35+09:00
oanda_ny,CAD/HKD,2023-05-04,2023-05-05,1,-14.4285,-50.9082,10000,JPY,confirmed,https://www.oanda.jp/service/swappoint/swap_ny4_cadhkd_202305.json,2026-09-27T09:49:35+09:00
oanda_ny,CAD/HKD,2023-05-05,2023-05-08,1,-10.5169,-52.8613,10000,JPY,confirmed,https://www.oanda.jp/service/swappoint/swap_ny4_cadhkd_202305.json,2026-09-27T09:49:35+09:00
oanda_ny,CAD/HKD,2023-05-08,2023-05-09,1,-14.1467,-60.1929,10000,JPY,confirmed,https://www.oanda.jp/service/swappoint/swap_ny4_cadhkd_202305.json,2026-09-27T09:49:35+09:00
oanda_ny,CAD/HKD,2023-05-09,2023-05-10,1,-12.76,-53.5367,10000,JPY,confirmed,https://www.oanda.jp/service/swappoint/swap_ny4_cadhkd_202305.json,2026-09-27T09:49:35+09:00
oanda_ny,CAD/HKD,2023-05-10,2023-05-11,3,-129.1231,-56.2844,10000,JPY,confirmed,https://www.oanda.jp/service/swappoint/swap_ny4_cadhkd_202305.json,2026-09-27T09:49:35+09:00
oanda_ny,CAD/HKD,2023-05-11,2023-05-12,1,-46.0088,-29.3032,10000,JPY,confirmed,https://www.oanda.jp/service/swappoint/swap_ny4_cadhkd_202305.json,2026-09-27T09:49:35+09:00
oanda_ny,CAD/HKD,2023-05-12,2023-05-15,1,-31.3341,-55.7968,10000,JPY,confirmed,https://www.oanda.jp/service/swappoint/swap_ny4_cadhkd_202305.json,2026-09-27T09:49:35+09:00
oanda_ny,CAD/HKD,2023-05-15,2023-05-16,1,-25.8031,-50.4963,10000,JPY,confirmed,https://www.oanda.jp/service/swappoint/swap_ny4_cadhkd_202305.json,2026-09-27T09:49:35+09:00
oanda_ny,CAD/HKD,2023-05-16,2023-05-17,1,-30.2749,-42.7738,10000,JPY,confirmed,https://www.oanda.jp/service/swappoint/swap_ny4_cadhkd_202305.json,2026-09-27T09:49:35+09:00
oanda_ny,CAD/HKD,2023-05-17,2023-05-18,4,-120.2406,-125.8594,10000,JPY,confirmed,https://www.oanda.jp/service/swappoint/swap_ny4_cadhkd_202305.json,2026-09-27T09:49:35+09:00
oanda_ny,CAD/HKD,2023-05-18,2023-05-19,0,0.0,0.0,10000,JPY,confirmed,https://www.oanda.jp/service/swappoint/swap_ny4_cadhkd_202305.json,2026-09-27T09:49:35+09:00
oanda_ny,CAD/HKD,2023-05-19,2023-05-22,1,-54.9962,-24.4116,10000,JPY,confirmed,https://www.oanda.jp/service/swappoint/swap_ny4_cadhkd_202305.json,2026-09-27T09:49:35+09:00
oanda_ny,CAD/HKD,2023-05-22,2023-05-23,1,-40.0056,-30.4268,10000,JPY,confirmed,https://www.oanda.jp/service/swappoint/swap_ny4_cadhkd_202305.json,2026-09-27T09:49:35+09:00
oanda_ny,CAD/HKD,2023-05-23,2023-05-24,5,-87.3446,-216.9528,10000,JPY,confirmed,https://www.oanda.jp/service/swappoint/swap_ny4_cadhkd_202305.json,2026-09-27T09:49:35+09:00
oanda_ny,CAD/HKD,2023-05-24,2023-05-25,0,0.0,0.0,10000,JPY,confirmed,https://www.oanda.jp/service/swappoint/swap_ny4_cadhkd_202305.json,2026-09-27T09:49:35+09:00
oanda_ny,CAD/HKD,2023-05-25,2023-05-26,0,0.0,0.0,10000,JPY,confirmed,https://www.oanda.jp/service/swappoint/swap_ny4_cadhkd_202305.json,2026-09-27T09:49:35+09:00
oanda_ny,CAD/HKD,2023-05-26,2023-05-29,1,-69.1372,-83.8713,10000,JPY,confirmed,https://www.oanda.jp/service/swappoint/swap_ny4_cadhkd_202305.json,2026-09-27T09:49:35+09:00
oanda_ny,CAD/HKD,2023-05-29,2023-05-30,1,-51.3508,-31.2077,10000,JPY,confirmed,https://www.oanda.jp/service/swappoint/swap_ny4_cadhkd_202305.json,2026-09-27T09:49:35+09:00
oanda_ny,CAD/HKD,2023-05-30,2023-05-31,1,-36.4047,-37.5335,10000,JPY,confirmed,https://www.oanda.jp/service/swappoint/swap_ny4_cadhkd_202305.json,2026-09-27T09:49:35+09:00
oanda_ny,CAD/HKD,2023-05-31,2023-06-01,3,-65.0903,-124.2633,10000,JPY,confirmed,https://www.oanda.jp/service/swappoint/swap_ny4_cadhkd_202305.json,2026-09-27T09:49:35+09:00
oanda_ny,CAD/HKD,2023-06-01,2023-06-02,1,-22.1017,-45.6201,10000,JPY,confirmed,https://www.oanda.jp/service/swappoint/swap_ny4_cadhkd_202306.json,2026-09-27T09:49:49+09:00
oanda_ny,CAD/HKD,2023-06-02,2023-06-05,1,-4.0063,-63.5288,10000,JPY,confirmed,https://www.oanda.jp/service/swappoint/swap_ny4_cadhkd_202306.json,2026-09-27T09:49:49+09:00
oanda_ny,CAD/HKD,2023-06-05,2023-06-06,1,16.4641,-82.0805,10000,JPY,confirmed,https://www.oanda.jp/service/swappoint/swap_ny4_cadhkd_202306.json,2026-09-27T09:49:49+09:00
oanda_ny,CAD/HKD,2023-06-06,2023-06-07,1,28.4898,-94.393,10000,JPY,confirmed,https://www.oanda.jp/service/swappoint/swap_ny4_cadhkd_202306.json,2026-09-27T09:49:49+09:00
oanda_ny,CAD/HKD,2023-06-07,2023-06-08,3,13.7586,-215.839,10000,JPY,confirmed,https://www.oanda.jp/service/swappoint/swap_ny4_cadhkd_202306.json,2026-09-27T09:49:49+09:00
oanda_ny,CAD/HKD,2023-06-08,2023-06-09,1,-20.8432,-51.3942,10000,JPY,confirmed,https://www.oanda.jp/service/swappoint/swap_ny4_cadhkd_202306.json,2026-09-27T09:49:49+09:00
oanda_ny,CAD/HKD,2023-06-09,2023-06-12,1,-14.0544,-62.8146,10000,JPY,confirmed,https://www.oanda.jp/service/swappoint/swap_ny4_cadhkd_202306.json,2026-09-27T09:49:49+09:00
oanda_ny,CAD/HKD,2023-06-12,2023-06-13,1,-14.3364,-60.7864,10000,JPY,confirmed,https://www.oanda.jp/service/swappoint/swap_ny4_cadhkd_202306.json,2026-09-27T09:49:49+09:00
oanda_ny,CAD/HKD,2023-06-13,2023-06-14,1,-22.8426,-47.131,10000,JPY,confirmed,https://www.oanda.jp/service/swappoint/swap_ny4_cadhkd_202306.json,2026-09-27T09:49:49+09:00
oanda_ny,CAD/HKD,2023-06-14,2023-06-15,4,-79.6682,-169.7279,10000,JPY,confirmed,https://www.oanda.jp/service/swappoint/swap_ny4_cadhkd_202306.json,2026-09-27T09:49:49+09:00
oanda_ny,CAD/HKD,2023-06-15,2023-06-16,0,0.0,0.0,10000,JPY,confirmed,https://www.oanda.jp/service/swappoint/swap_ny4_cadhkd_202306.json,2026-09-27T09:49:49+09:00
oanda_ny,CAD/HKD,2023-06-16,2023-06-19,1,-57.2555,-20.0689,10000,JPY,confirmed,https://www.oanda.jp/service/swappoint/swap_ny4_cadhkd_202306.json,2026-09-27T09:49:49+09:00
oanda_ny,CAD/HKD,2023-06-19,2023-06-20,2,-122.1515,-15.3427,10000,JPY,confirmed,https://www.oanda.jp/service/swappoint/swap_ny4_cadhkd_202306.json,2026-09-27T09:49:49+09:00
oanda_ny,CAD/HKD,2023-06-20,2023-06-21,3,-150.4927,-45.7639,10000,JPY,confirmed,https://www.oanda.jp/service/swappoint/swap_ny4_cadhkd_202306.json,2026-09-27T09:49:49+09:00
oanda_ny,CAD/HKD,2023-06-21,2023-06-22,0,0.0,0.0,10000,JPY,confirmed,https://www.oanda.jp/service/swappoint/swap_ny4_cadhkd_202306.json,2026-09-27T09:49:49+09:00
oanda_ny,CAD/HKD,2023-06-22,2023-06-23,1,-84.848,-43.0215,10000,JPY,confirmed,https://www.oanda.jp/service/swappoint/swap_ny4_cadhkd_202306.json,2026-09-27T09:49:49+09:00
oanda_ny,CAD/HKD,2023-06-23,2023-06-26,1,-60.1414,-15.8582,10000,JPY,confirmed,https://www.oanda.jp/service/swappoint/swap_ny4_cadhkd_202306.json,2026-09-27T09:49:49+09:00
oanda_ny,CAD/HKD,2023-06-26,2023-06-27,1,-57.196,-18.8657,10000,JPY,confirmed,https://www.oanda.jp/service/swappoint/swap_ny4_cadhkd_202306.json,2026-09-27T09:49:49+09:00
oanda_ny,CAD/HKD,2023-06-27,2023-06-28,1,-67.7588,-33.8794,10000,JPY,confirmed,https://www.oanda.jp/service/swappoint/swap_ny4_cadhkd_202306.json,2026-09-27T09:49:49+09:00
oanda_ny,CAD/HKD,2023-06-28,2023-06-29,5,-333.5712,-22.4375,10000,JPY,confirmed,https://www.oanda.jp/service/swappoint/swap_ny4_cadhkd_202306.json,2026-09-27T09:49:49+09:00
oanda_ny,CAD/HKD,2023-06-29,2023-06-30,0,0.0,0.0,10000,JPY,confirmed,https://www.oanda.jp/service/swappoint/swap_ny4_cadhkd_202306.json,2026-09-27T09:49:49+09:00
oanda_ny,CAD/HKD,2023-06-30,2023-07-03,0,0.0,0.0,10000,JPY,confirmed,https://www.oanda.jp/service/swappoint/swap_ny4_cadhkd_202306.json,2026-09-27T09:49:49+09:00
oanda_ny,CAD/HKD,2023-07-03,2023-07-04,1,-54.5563,-20.3837,10000,JPY,confirmed,https://www.oanda.jp/service/swappoint/swap_ny4_cadhkd_202307.json,2026-09-27T09:50:03+09:00
oanda_ny,CAD/HKD,2023-07-04,2023-07-05,1,-59.3818,-15.5952,10000,JPY,confirmed,https://www.oanda.jp/service/swappoint/swap_ny4_cadhkd_202307.json,2026-09-27T09:50:03+09:00
oanda_ny,CAD/HKD,2023-07-05,2023-07-06,3,-181.1854,-19.7331,10000,JPY,confirmed,https://www.oanda.jp/service/swappoint/swap_ny4_cadhkd_202307.json,2026-09-27T09:50:03+09:00
oanda_ny,CAD/HKD,2023-07-06,2023-07-07,1,-61.244,-16.2725,10000,JPY,confirmed,https://www.oanda.jp/service/swappoint/swap_ny4_cadhkd_202307.json,2026-09-27T09:50:03+09:00
oanda_ny,CAD/HKD,2023-07-07,2023-07-10,1,-56.4323,-32.331,10000,JPY,confirmed,https://www.oanda.jp/service/swappoint/swap_ny4_cadhkd_202307.json,2026-09-27T09:50:03+09:00
oanda_ny,CAD/HKD,2023-07-10,2023-07-11,1,-58.4268,-41.7751,10000,JPY,confirmed,https://www.oanda.jp/service/swappoint/swap_ny4_cadhkd_202307.json,2026-09-27T09:50:03+09:00
oanda_ny,CAD/HKD,2023-07-11,2023-07-12,1,-32.3245,-41.6432,10000,JPY,confirmed,https://www.oanda.jp/service/swappoint/swap_ny4_cadhkd_202307.json,2026-09-27T09:50:03+09:00
oanda_ny,CAD/HKD,2023-07-12,2023-07-13,3,-63.1549,-127.1749,10000,JPY,confirmed,https://www.oanda.jp/service/swappoint/swap_ny4_cadhkd_202307.json,2026-09-27T09:50:03+09:00
oanda_ny,CAD/HKD,2023-07-13,2023-07-14,1,-26.5965,-45.6766,10000,JPY,confirmed,https://www.oanda.jp/service/swappoint/swap_ny4_cadhkd_202307.json,2026-09-27T09:50:03+09:00
oanda_ny,CAD/HKD,2023-07-14,2023-07-17,1,-30.8462,-45.5486,10000,JPY,confirmed,https://www.oanda.jp/service/swappoint/swap_ny4_cadhkd_202307.json,2026-09-27T09:50:03+09:00
oanda_ny,CAD/HKD,2023-07-17,2023-07-18,1,-37.7955,-41.5462,10000,JPY,confirmed,https://www.oanda.jp/service/swappoint/swap_ny4_cadhkd_202307.json,2026-09-27T09:50:03+09:00
oanda_ny,CAD/HKD,2023-07-18,2023-07-19,1,-44.8586,-26.0469,10000,JPY,confirmed,https://www.oanda.jp/service/swappoint/swap_ny4_cadhkd_202307.json,2026-09-27T09:50:03+09:00
oanda_ny,CAD/HKD,2023-07-19,2023-07-20,3,-146.8121,-48.9374,10000,JPY,confirmed,https://www.oanda.jp/service/swappoint/swap_ny4_cadhkd_202307.json,2026-09-27T09:50:03+09:00
oanda_ny,CAD/HKD,2023-07-20,2023-07-21,1,-46.1259,-30.0694,10000,JPY,confirmed,https://www.oanda.jp/service/swappoint/swap_ny4_cadhkd_202307.json,2026-09-27T09:50:03+09:00
oanda_ny,CAD/HKD,2023-07-21,2023-07-24,1,-34.452,-42.4025,10000,JPY,confirmed,https://www.oanda.jp/service/swappoint/swap_ny4_cadhkd_202307.json,2026-09-27T09:50:03+09:00
oanda_ny,CAD/HKD,2023-07-24,2023-07-25,1,-27.1354,-46.8971,10000,JPY,confirmed,https://www.oanda.jp/service/swappoint/swap_ny4_cadhkd_202307.json,2026-09-27T09:50:03+09:00
oanda_ny,CAD/HKD,2023-07-25,2023-07-26,1,-32.8927,-40.5285,10000,JPY,confirmed,https://www.oanda.jp/service/swappoint/swap_ny4_cadhkd_202307.json,2026-09-27T09:50:03+09:00
oanda_ny,CAD/HKD,2023-07-26,2023-07-27,3,-108.444,-83.0821,10000,JPY,confirmed,https://www.oanda.jp/service/swappoint/swap_ny4_cadhkd_202307.json,2026-09-27T09:50:03+09:00
oanda_ny,CAD/HKD,2023-07-27,2023-07-28,1,-55.8817,-16.5039,10000,JPY,confirmed,https://www.oanda.jp/service/swappoint/swap_ny4_cadhkd_202307.json,2026-09-27T09:50:03+09:00
oanda_ny,CAD/HKD,2023-07-28,2023-07-31,1,-50.6018,-26.0322,10000,JPY,confirmed,https://www.oanda.jp/service/swappoint/swap_ny4_cadhkd_202307.json,2026-09-27T09:50:03+09:00
oanda_ny,CAD/HKD,2023-08-01,2023-08-02,1,-60.735,-6.8142,10000,JPY,confirmed,https://www.oanda.jp/service/swappoint/swap_ny4_cadhkd_202308.json,2026-09-27T09:50:18+09:00
oanda_ny,CAD/HKD,2023-08-02,2023-08-03,4,-189.7907,-88.4118,10000,JPY,confirmed,https://www.oanda.jp/service/swappoint/swap_ny4_cadhkd_202308.json,2026-09-27T09:50:18+09:00
oanda_ny,CAD/HKD,2023-08-03,2023-08-04,0,0.0,0.0,10000,JPY,confirmed,https://www.oanda.jp/service/swappoint/swap_ny4_cadhkd_202308.json,2026-09-27T09:50:18+09:00
oanda_ny,CAD/HKD,2023-08-04,2023-08-07,1,-31.4161,-46.2515,10000,JPY,confirmed,https://www.oanda.jp/service/swappoint/swap_ny4_cadhkd_202308.json,2026-09-27T09:50:18+09:00
oanda_ny,CAD/HKD,2023-08-07,2023-08-08,1,-33.941,-34.5262,10000,JPY,confirmed,https://www.oanda.jp/service/swappoint/swap_ny4_cadhkd_202308.json,2026-09-27T09:50:18+09:00
oanda_ny,CAD/HKD,2023-08-08,2023-08-09,1,-26.1106,-42.5397,10000,JPY,confirmed,https://www.oanda.jp/service/swappoint/swap_ny4_cadhkd_202308.json,2026-09-27T09:50:18+09:00
oanda_ny,CAD/HKD,2023-08-09,2023-08-10,3,-37.9239,-152.5777,10000,JPY,confirmed,https://www.oanda.jp/service/swappoint/swap_ny4_cadhkd_202308.json,2026-09-27T09:50:18+09:00
oanda_ny,CAD/HKD,2023-08-10,2023-08-11,1,-17.4354,-56.4435,10000,JPY,confirmed,https://www.oanda.jp/service/swappoint/swap_ny4_cadhkd_202308.json,2026-09-27T09:50:18+09:00
oanda_ny,CAD/HKD,2023-08-11,2023-08-14,1,-20.4232,-50.9099,10000,JPY,confirmed,https://www.oanda.jp/service/swappoint/swap_ny4_cadhkd_202308.json,2026-09-27T09:50:18+09:00
oanda_ny,CAD/HKD,2023-08-14,2023-08-15,1,-19.2949,-54.6194,10000,JPY,confirmed,https://www.oanda.jp/service/swappoint/swap_ny4_cadhkd_202308.json,2026-09-27T09:50:18+09:00
oanda_ny,CAD/HKD,2023-08-15,2023-08-16,1,-12.4337,-61.2803,10000,JPY,confirmed,https://www.oanda.jp/service/swappoint/swap_ny4_cadhkd_202308.json,2026-09-27T09:50:18+09:00
oanda_ny,CAD/HKD,2023-08-16,2023-08-17,3,-16.0329,-179.0337,10000,JPY,confirmed,https://www.oanda.jp/service/swappoint/swap_ny4_cadhkd_202308.json,2026-09-27T09:50:18+09:00
oanda_ny,CAD/HKD,2023-08-17,2023-08-18,1,-10.0502,-63.5524,10000,JPY,confirmed,https://www.oanda.jp/service/swappoint/swap_ny4_cadhkd_202308.json,2026-09-27T09:50:18+09:00
oanda_ny,CAD/HKD,2023-08-18,2023-08-21,1,-16.4939,-63.3246,10000,JPY,confirmed,https://www.oanda.jp/service/swappoint/swap_ny4_cadhkd_202308.json,2026-09-27T09:50:18+09:00
oanda_ny,CAD/HKD,2023-08-21,2023-08-22,1,-0.5928,-75.2793,10000,JPY,confirmed,https://www.oanda.jp/service/swappoint/swap_ny4_cadhkd_202308.json,2026-09-27T09:50:18+09:00
oanda_ny,CAD/HKD,2023-08-22,2023-08-23,1,-17.4374,-80.3893,10000,JPY,confirmed,https://www.oanda.jp/service/swappoint/swap_ny4_cadhkd_202308.json,2026-09-27T09:50:18+09:00
oanda_ny,CAD/HKD,2023-08-23,2023-08-24,3,15.8135,-221.3948,10000,JPY,confirmed,https://www.oanda.jp/service/swappoint/swap_ny4_cadhkd_202308.json,2026-09-27T09:50:18+09:00
oanda_ny,CAD/HKD,2023-08-24,2023-08-25,1,9.9829,-89.0269,10000,JPY,confirmed,https://www.oanda.jp/service/swappoint/swap_ny4_cadhkd_202308.json,2026-09-27T09:50:18+09:00
oanda_ny,CAD/HKD,2023-08-25,2023-08-28,1,20.8983,-100.1817,10000,JPY,confirmed,https://www.oanda.jp/service/swappoint/swap_ny4_cadhkd_202308.json,2026-09-27T09:50:18+09:00
oanda_ny,CAD/HKD,2023-08-28,2023-08-29,1,17.6772,-103.2347,10000,JPY,confirmed,https://www.oanda.jp/service/swappoint/swap_ny4_cadhkd_202308.json,2026-09-27T09:50:18+09:00
oanda_ny,CAD/HKD,2023-08-29,2023-08-30,1,-2.0687,-107.8683,10000,JPY,confirmed,https://www.oanda.jp/service/swappoint/swap_ny4_cadhkd_202308.json,2026-09-27T09:50:18+09:00
oanda_ny,CAD/HKD,2023-08-30,2023-08-31,4,95.745,-376.2075,10000,JPY,confirmed,https://www.oanda.jp/service/swappoint/swap_ny4_cadhkd_202308.json,2026-09-27T09:50:18+09:00
oanda_ny,CAD/HKD,2023-08-31,2023-09-01,0,0.0,0.0,10000,JPY,confirmed,https://www.oanda.jp/service/swappoint/swap_ny4_cadhkd_202308.json,2026-09-27T09:50:18+09:00
oanda_ny,CAD/HKD,2023-09-01,2023-09-04,1,-170.1001,-283.7955,10000,JPY,confirmed,https://www.oanda.jp/service/swappoint/swap_ny4_cadhkd_202309.json,2026-09-27T09:50:32+09:00
oanda_ny,CAD/HKD,2023-09-04,2023-09-05,1,-27.2188,-86.6859,10000,JPY,confirmed,https://www.oanda.jp/service/swappoint/swap_ny4_cadhkd_202309.json,2026-09-27T09:50:32+09:00
oanda_ny,CAD/HKD,2023-09-05,2023-09-06,1,-19.0246,-73.1257,10000,JPY,confirmed,https://www.oanda.jp/service/swappoint/swap_ny4_cadhkd_202309.json,2026-09-27T09:50:32+09:00
oanda_ny,CAD/HKD,2023-09-06,2023-09-07,3,42.6411,-244.3853,10000,JPY,confirmed,https://www.oanda.jp/service/swappoint/swap_ny4_cadhkd_202309.json,2026-09-27T09:50:32+09:00
oanda_ny,CAD/HKD,2023-09-07,2023-09-08,1,-8.8638,-88.9338,10000,JPY,confirmed,https://www.oanda.jp/service/swappoint/swap_ny4_cadhkd_202309.json,2026-09-27T09:50:32+09:00
oanda_ny,CAD/HKD,2023-09-08,2023-09-11,1,-5.9496,-80.0225,10000,JPY,confirmed,https://www.oanda.jp/service/swappoint/swap_ny4_cadhkd_202309.json,2026-09-27T09:50:32+09:00
oanda_ny,CAD/HKD,2023-09-11,2023-09-12,1,-31.7212,-78.8584,10000,JPY,confirmed,https://www.oanda.jp/service/swappoint/swap_ny4_cadhkd_202309.json,2026-09-27T09:50:32+09:00
oanda_ny,CAD/HKD,2023-09-12,2023-09-13,1,-40.22,-45.8806,10000,JPY,confirmed,https://www.oanda.jp/service/swappoint/swap_ny4_cadhkd_202309.json,2026-09-27T09:50:32+09:00
oanda_ny,CAD/HKD,2023-09-13,2023-09-14,3,-157.7659,-125.4956,10000,JPY,confirmed,https://www.oanda.jp/service/swappoint/swap_ny4_cadhkd_202309.json,2026-09-27T09:50:32+09:00
oanda_ny,CAD/HKD,2023-09-14,2023-09-15,1,-49.7583,-62.048,10000,JPY,confirmed,https://www.oanda.jp/service/swappoint/swap_ny4_cadhkd_202309.json,2026-09-27T09:50:32+09:00
oanda_ny,CAD/HKD,2023-09-15,2023-09-18,1,-64.4885,-72.2871,10000,JPY,confirmed,https://www.oanda.jp/service/swappoint/swap_ny4_cadhkd_202309.json,2026-09-27T09:50:32+09:00
oanda_ny,CAD/HKD,2023-09-18,2023-09-19,1,-66.7094,-51.3843,10000,JPY,confirmed,https://www.oanda.jp/service/swappoint/swap_ny4_cadhkd_202309.json,2026-09-27T09:50:32+09:00
oanda_ny,CAD/HKD,2023-09-19,2023-09-20,1,-76.075,-33.5092,10000,JPY,confirmed,https://www.oanda.jp/service/swappoint/swap_ny4_cadhkd_202309.json,2026-09-27T09:50:32+09:00
oanda_ny,CAD/HKD,2023-09-20,2023-09-21,3,-159.7198,-83.4899,10000,JPY,confirmed,https://www.oanda.jp/service/swappoint/swap_ny4_cadhkd_202309.json,2026-09-27T09:50:32+09:00
oanda_ny,CAD/HKD,2023-09-21,2023-09-22,1,-84.1296,-54.3838,10000,JPY,confirmed,https://www.oanda.jp/service/swappoint/swap_ny4_cadhkd_202309.json,2026-09-27T09:50:32+09:00
oanda_ny,CAD/HKD,2023-09-22,2023-09-25,1,-81.2528,-37.7569,10000,JPY,confirmed,https://www.oanda.jp/service/swappoint/swap_ny4_cadhkd_202309.json,2026-09-27T09:50:32+09:00
oanda_ny,CAD/HKD,2023-09-25,2023-09-26,1,-89.0137,-22.7851,10000,JPY,confirmed,https://www.oanda.jp/service/swappoint/swap_ny4_cadhkd_202309.json,2026-09-27T09:50:32+09:00
oanda_ny,CAD/HKD,2023-09-26,2023-09-27,1,-116.259,-44.2026,10000,JPY,confirmed,https://www.oanda.jp/service/swappoint/swap_ny4_cadhkd_202309.json,2026-09-27T09:50:32+09:00
oanda_ny,CAD/HKD,2023-09-27,2023-09-28,4,-536.8346,-107.1235,10000,JPY,confirmed,https://www.oanda.jp/service/swappoint/swap_ny4_cadhkd_202309.json,2026-09-27T09:50:32+09:00
oanda_ny,CAD/HKD,2023-09-28,2023-09-29,1,-60.1645,-35.8556,10000,JPY,confirmed,https://www.oanda.jp/service/swappoint/swap_ny4_cadhkd_202309.json,2026-09-27T09:50:32+09:00
oanda_ny,CAD/HKD,2023-09-29,2023-10-02,0,0.0,0.0,10000,JPY,confirmed,https://www.oanda.jp/service/swappoint/swap_ny4_cadhkd_202309.json,2026-09-27T09:50:32+09:00
oanda_ny,CAD/HKD,2023-10-02,2023-10-03,1,-317.3879,-315.282,10000,JPY,confirmed,https://www.oanda.jp/service/swappoint/swap_ny4_cadhkd_202310.json,2026-09-27T09:50:47+09:00
oanda_ny,CAD/HKD,2023-10-03,2023-10-04,1,-54.9306,-45.3774,10000,JPY,confirmed,https://www.oanda.jp/service/swappoint/swap_ny4_cadhkd_202310.json,2026-09-27T09:50:47+09:00
oanda_ny,CAD/HKD,2023-10-04,2023-10-05,4,-233.488,-172.7335,10000,JPY,confirmed,https://www.oanda.jp/service/swappoint/swap_ny4_cadhkd_202310.json,2026-09-27T09:50:47+09:00
oanda_ny,CAD/HKD,2023-10-05,2023-10-06,0,0.0,0.0,10000,JPY,confirmed,https://www.oanda.jp/service/swappoint/swap_ny4_cadhkd_202310.json,2026-09-27T09:50:47+09:00
oanda_ny,CAD/HKD,2023-10-06,2023-10-09,1,-50.103,-45.3027,10000,JPY,confirmed,https://www.oanda.jp/service/swappoint/swap_ny4_cadhkd_202310.json,2026-09-27T09:50:47+09:00
oanda_ny,CAD/HKD,2023-10-09,2023-10-10,1,-49.8103,-40.2083,10000,JPY,confirmed,https://www.oanda.jp/service/swappoint/swap_ny4_cadhkd_202310.json,2026-09-27T09:50:47+09:00
oanda_ny,CAD/HKD,2023-10-10,2023-10-11,1,-50.7958,-32.1607,10000,JPY,confirmed,https://www.oanda.jp/service/swappoint/swap_ny4_cadhkd_202310.json,2026-09-27T09:50:47+09:00
oanda_ny,CAD/HKD,2023-10-11,2023-10-12,3,-150.9334,-112.0703,10000,JPY,confirmed,https://www.oanda.jp/service/swappoint/swap_ny4_cadhkd_202310.json,2026-09-27T09:50:47+09:00
oanda_ny,CAD/HKD,2023-10-12,2023-10-13,1,-58.5785,-60.3809,10000,JPY,confirmed,https://www.oanda.jp/service/swappoint/swap_ny4_cadhkd_202310.json,2026-09-27T09:50:47+09:00
oanda_ny,CAD/HKD,2023-10-13,2023-10-16,1,-60.7317,-58.6272,10000,JPY,confirmed,https://www.oanda.jp/service/swappoint/swap_ny4_cadhkd_202310.json,2026-09-27T09:50:47+09:00
oanda_ny,CAD/HKD,2023-10-16,2023-10-17,1,-42.8279,-31.6685,10000,JPY,confirmed,https://www.oanda.jp/service/swappoint/swap_ny4_cadhkd_202310.json,2026-09-27T09:50:47+09:00
oanda_ny,CAD/HKD,2023-10-17,2023-10-18,1,-40.379,-53.0351,10000,JPY,confirmed,https://www.oanda.jp/service/swappoint/swap_ny4_cadhkd_202310.json,2026-09-27T09:50:47+09:00
oanda_ny,CAD/HKD,2023-10-18,2023-10-19,4,-26.4088,-258.0863,10000,JPY,confirmed,https://www.oanda.jp/service/swappoint/swap_ny4_cadhkd_202310.json,2026-09-27T09:50:47+09:00
oanda_ny,CAD/HKD,2023-10-19,2023-10-20,1,-26.3779,-60.849,10000,JPY,confirmed,https://www.oanda.jp/service/swappoint/swap_ny4_cadhkd_202310.json,2026-09-27T09:50:47+09:00
oanda_ny,CAD/HKD,2023-10-20,2023-10-23,0,0.0,0.0,10000,JPY,confirmed,https://www.oanda.jp/service/swappoint/swap_ny4_cadhkd_202310.json,2026-09-27T09:50:47+09:00
oanda_ny,CAD/HKD,2023-10-23,2023-10-24,1,-306.5118,-320.9217,10000,JPY,confirmed,https://www.oanda.jp/service/swappoint/swap_ny4_cadhkd_202310.json,2026-09-27T09:50:47+09:00
oanda_ny,CAD/HKD,2023-10-24,2023-10-25,1,-53.9074,-57.2017,10000,JPY,confirmed,https://www.oanda.jp/service/swappoint/swap_ny4_cadhkd_202310.json,2026-09-27T09:50:47+09:00
oanda_ny,CAD/HKD,2023-10-25,2023-10-26,3,-90.5511,-135.3784,10000,JPY,confirmed,https://www.oanda.jp/service/swappoint/swap_ny4_cadhkd_202310.json,2026-09-27T09:50:47+09:00
oanda_ny,CAD/HKD,2023-10-26,2023-10-27,1,-58.805,-79.4017,10000,JPY,confirmed,https://www.oanda.jp/service/swappoint/swap_ny4_cadhkd_202310.json,2026-09-27T09:50:47+09:00
oanda_ny,CAD/HKD,2023-10-27,2023-10-30,1,-66.3241,-33.7542,10000,JPY,confirmed,https://www.oanda.jp/service/swappoint/swap_ny4_cadhkd_202310.json,2026-09-27T09:50:47+09:00
oanda_ny,CAD/HKD,2023-10-30,2023-10-31,1,-40.2518,-60.0817,10000,JPY,confirmed,https://www.oanda.jp/service/swappoint/swap_ny4_cadhkd_202310.json,2026-09-27T09:50:47+09:00
oanda_ny,CAD/HKD,2023-10-31,2023-11-01,1,-39.9214,-60.3323,10000,JPY,confirmed,https://www.oanda.jp/service/swappoint/swap_ny4_cadhkd_202310.json,2026-09-27T09:50:47+09:00
oanda_ny,CAD/HKD,2023-11-01,2023-11-02,3,-75.3679,-148.0442,10000,JPY,confirmed,https://www.oanda.jp/service/swappoint/swap_ny4_cadhkd_202311.json,2026-09-27T09:51:02+09:00
oanda_ny,CAD/HKD,2023-11-02,2023-11-03,1,-38.4916,-63.1502,10000,JPY,confirmed,https://www.oanda.jp/service/swappoint/swap_ny4_cadhkd_202311.json,2026-09-27T09:51:02+09:00
oanda_ny,CAD/HKD,2023-11-03,2023-11-06,1,-38.4304,-63.3501,10000,JPY,confirmed,https://www.oanda.jp/service/swappoint/swap_ny4_cadhkd_202311.json,2026-09-27T09:51:02+09:00
oanda_ny,CAD/HKD,2023-11-06,2023-11-07,1,-33.9808,-66.1574,10000,JPY,confirmed,https://www.oanda.jp/service/swappoint/swap_ny4_cadhkd_202311.json,2026-09-27T09:51:02+09:00
oanda_ny,CAD/HKD,2023-11-07,2023-11-08,1,-48.5936,-70.1907,10000,JPY,confirmed,https://www.oanda.jp/service/swappoint/swap_ny4_cadhkd_202311.json,2026-09-27T09:51:02+09:00
oanda_ny,CAD/HKD,2023-11-08,2023-11-09,4,-115.4009,-171.8992,10000,JPY,confirmed,https://www.oanda.jp/service/swappoint/swap_ny4_cadhkd_202311.json,2026-09-27T09:51:02+09:00
oanda_ny,CAD/HKD,2023-11-09,2023-11-10,0,0.0,0.0,10000,JPY,confirmed,https://www.oanda.jp/service/swappoint/swap_ny4_cadhkd_202311.json,2026-09-27T09:51:02+09:00
oanda_ny,CAD/HKD,2023-11-10,2023-11-13,1,-28.6373,-47.9298,10000,JPY,confirmed,https://www.oanda.jp/service/swappoint/swap_ny4_cadhkd_202311.json,2026-09-27T09:51:02+09:00
oanda_ny,CAD/HKD,2023-11-13,2023-11-14,1,-25.9453,-49.1754,10000,JPY,confirmed,https://www.oanda.jp/service/swappoint/swap_ny4_cadhkd_202311.json,2026-09-27T09:51:02+09:00
oanda_ny,CAD/HKD,2023-11-14,2023-11-15,1,-29.8494,-55.4776,10000,JPY,confirmed,https://www.oanda.jp/service/swappoint/swap_ny4_cadhkd_202311.json,2026-09-27T09:51:02+09:00
oanda_ny,CAD/HKD,2023-11-15,2023-11-16,3,-71.9852,-141.2368,10000,JPY,confirmed,https://www.oanda.jp/service/swappoint/swap_ny4_cadhkd_202311.json,2026-09-27T09:51:02+09:00
oanda_ny,CAD/HKD,2023-11-16,2023-11-17,1,-33.9954,-53.2494,10000,JPY,confirmed,https://www.oanda.jp/service/swappoint/swap_ny4_cadhkd_202311.json,2026-09-27T09:51:02+09:00
oanda_ny,CAD/HKD,2023-11-17,2023-11-20,1,-166.9735,-145.4285,10000,JPY,confirmed,https://www.oanda.jp/service/swappoint/swap_ny4_cadhkd_202311.json,2026-09-27T09:51:02+09:00
oanda_ny,CAD/HKD,2023-11-20,2023-11-21,2,-100.9122,-61.7345,10000,JPY,confirmed,https://www.oanda.jp/service/swappoint/swap_ny4_cadhkd_202311.json,2026-09-27T09:51:02+09:00
oanda_ny,CAD/HKD,2023-11-21,2023-11-22,0,0.0,0.0,10000,JPY,confirmed,https://www.oanda.jp/service/swappoint/swap_ny4_cadhkd_202311.json,2026-09-27T09:51:02+09:00
oanda_ny,CAD/HKD,2023-11-22,2023-11-23,3,-152.9686,-114.2765,10000,JPY,confirmed,https://www.oanda.jp/service/swappoint/swap_ny4_cadhkd_202311.json,2026-09-27T09:51:02+09:00
oanda_ny,CAD/HKD,2023-11-23,2023-11-24,1,-47.3673,-27.5809,10000,JPY,confirmed,https://www.oanda.jp/service/swappoint/swap_ny4_cadhkd_202311.json,2026-09-27T09:51:02+09:00
oanda_ny,CAD/HKD,2023-11-24,2023-11-27,1,-61.9745,-41.8177,10000,JPY,confirmed,https://www.oanda.jp/service/swappoint/swap_ny4_cadhkd_202311.json,2026-09-27T09:51:02+09:00
oanda_ny,CAD/HKD,2023-11-27,2023-11-28,1,-68.9448,-49.7602,10000,JPY,confirmed,https://www.oanda.jp/service/swappoint/swap_ny4_cadhkd_202311.json,2026-09-27T09:51:02+09:00
oanda_ny,CAD/HKD,2023-11-28,2023-11-29,1,-66.5116,-28.9311,10000,JPY,confirmed,https://www.oanda.jp/service/swappoint/swap_ny4_cadhkd_202311.json,2026-09-27T09:51:02+09:00
oanda_ny,CAD/HKD,2023-11-29,2023-11-30,3,-109.7504,-111.535,10000,JPY,confirmed,https://www.oanda.jp/service/swappoint/swap_ny4_cadhkd_202311.json,2026-09-27T09:51:02+09:00
oanda_ny,CAD/HKD,2023-11-30,2023-12-01,1,-51.3162,-67.2213,10000,JPY,confirmed,https://www.oanda.jp/service/swappoint/swap_ny4_cadhkd_202311.json,2026-09-27T09:51:02+09:00
oanda_ny,CAD/HKD,2023-12-01,2023-12-04,1,-43.597,-74.6524,10000,JPY,confirmed,https://www.oanda.jp/service/swappoint/swap_ny4_cadhkd_202312.json,2026-09-27T09:51:16+09:00
oanda_ny,CAD/HKD,2023-12-04,2023-12-05,1,-14.3321,-66.2859,10000,JPY,confirmed,https://www.oanda.jp/service/swappoint/swap_ny4_cadhkd_202312.json,2026-09-27T09:51:16+09:00
oanda_ny,CAD/HKD,2023-12-05,2023-12-06,1,-12.483,-63.9013,10000,JPY,confirmed,https://www.oanda.jp/service/swappoint/swap_ny4_cadhkd_202312.json,2026-09-27T09:51:16+09:00
oanda_ny,CAD/HKD,2023-12-06,2023-12-07,3,-81.2259,-141.9222,10000,JPY,confirmed,https://www.oanda.jp/service/swappoint/swap_ny4_cadhkd_202312.json,2026-09-27T09:51:16+09:00
oanda_ny,CAD/HKD,2023-12-07,2023-12-08,1,-41.0349,-50.6388,10000,JPY,confirmed,https://www.oanda.jp/service/swappoint/swap_ny4_cadhkd_202312.json,2026-09-27T09:51:16+09:00
oanda_ny,CAD/HKD,2023-12-08,2023-12-11,1,-20.805,-50.987,10000,JPY,confirmed,https://www.oanda.jp/service/swappoint/swap_ny4_cadhkd_202312.json,2026-09-27T09:51:16+09:00
oanda_ny,CAD/HKD,2023-12-11,2023-12-12,1,-22.1732,-54.9894,10000,JPY,confirmed,https://www.oanda.jp/service/swappoint/swap_ny4_cadhkd_202312.json,2026-09-27T09:51:16+09:00
oanda_ny,CAD/HKD,2023-12-12,2023-12-13,1,-19.1004,-62.8844,10000,JPY,confirmed,https://www.oanda.jp/service/swappoint/swap_ny4_cadhkd_202312.json,2026-09-27T09:51:16+09:00
oanda_ny,CAD/HKD,2023-12-13,2023-12-14,3,-27.8588,-171.5056,10000,JPY,confirmed,https://www.oanda.jp/service/swappoint/swap_ny4_cadhkd_202312.json,2026-09-27T09:51:16+09:00
oanda_ny,CAD/HKD,2023-12-14,2023-12-15,1,-22.37,-72.3394,10000,JPY,confirmed,https://www.oanda.jp/service/swappoint/swap_ny4_cadhkd_202312.json,2026-09-27T09:51:16+09:00
oanda_ny,CAD/HKD,2023-12-15,2023-12-18,1,-44.9277,-50.4708,10000,JPY,confirmed,https://www.oanda.jp/service/swappoint/swap_ny4_cadhkd_202312.json,2026-09-27T09:51:16+09:00
oanda_ny,CAD/HKD,2023-12-18,2023-12-19,1,-50.6123,-38.91,10000,JPY,confirmed,https://www.oanda.jp/service/swappoint/swap_ny4_cadhkd_202312.json,2026-09-27T09:51:16+09:00
oanda_ny,CAD/HKD,2023-12-19,2023-12-20,1,-56.2722,-34.3556,10000,JPY,confirmed,https://www.oanda.jp/service/swappoint/swap_ny4_cadhkd_202312.json,2026-09-27T09:51:16+09:00
oanda_ny,CAD/HKD,2023-12-20,2023-12-21,5,-280.0933,-171.0043,10000,JPY,confirmed,https://www.oanda.jp/service/swappoint/swap_ny4_cadhkd_202312.json,2026-09-27T09:51:16+09:00
oanda_ny,CAD/HKD,2023-12-21,2023-12-22,1,-55.809,-34.0729,10000,JPY,confirmed,https://www.oanda.jp/service/swappoint/swap_ny4_cadhkd_202312.json,2026-09-27T09:51:16+09:00
oanda_ny,CAD/HKD,2023-12-22,2023-12-25,0,0.0,0.0,10000,JPY,confirmed,https://www.oanda.jp/service/swappoint/swap_ny4_cadhkd_202312.json,2026-09-27T09:51:16+09:00
oanda_ny,CAD/HKD,2023-12-25,2023-12-26,0,0.0,0.0,10000,JPY,confirmed,https://www.oanda.jp/service/swappoint/swap_ny4_cadhkd_202312.json,2026-09-27T09:51:16+09:00
oanda_ny,CAD/HKD,2023-12-26,2023-12-27,1,-56.2805,-34.3607,10000,JPY,confirmed,https://www.oanda.jp/service/swappoint/swap_ny4_cadhkd_202312.json,2026-09-27T09:51:16+09:00
oanda_ny,CAD/HKD,2023-12-27,2023-12-28,4,-224.0204,-136.7704,10000,JPY,confirmed,https://www.oanda.jp/service/swappoint/swap_ny4_cadhkd_202312.json,2026-09-27T09:51:16+09:00
oanda_ny,CAD/HKD,2023-12-28,2023-12-29,1,-55.7631,-34.0448,10000,JPY,confirmed,https://www.oanda.jp/service/swappoint/swap_ny4_cadhkd_202312.json,2026-09-27T09:51:16+09:00
oanda_ny,CAD/HKD,2023-12-29,2024-01-01,0,0.0,0.0,10000,JPY,confirmed,https://www.oanda.jp/service/swappoint/swap_ny4_cadhkd_202312.json,2026-09-27T09:51:16+09:00
oanda_ny,CAD/HKD,2024-01-01,2024-01-02,1,-55.5127,-33.892,10000,JPY,confirmed,https://www.oanda.jp/service/swappoint/swap_ny4_cadhkd_202401.json,2026-09-27T09:51:31+09:00
oanda_ny,CAD/HKD,2024-01-02,2024-01-03,1,-46.8222,-48.8707,10000,JPY,confirmed,https://www.oanda.jp/service/swappoint/swap_ny4_cadhkd_202401.json,2026-09-27T09:51:31+09:00
oanda_ny,CAD/HKD,2024-01-03,2024-01-04,3,-138.7716,-113.1387,10000,JPY,confirmed,https://www.oanda.jp/service/swappoint/swap_ny4_cadhkd_202401.json,2026-09-27T09:51:31+09:00
oanda_ny,CAD/HKD,2024-01-04,2024-01-05,1,-55.6208,-34.5028,10000,JPY,confirmed,https://www.oanda.jp/service/swappoint/swap_ny4_cadhkd_202401.json,2026-09-27T09:51:31+09:00
oanda_ny,CAD/HKD,2024-01-05,2024-01-08,1,-51.7092,-45.4685,10000,JPY,confirmed,https://www.oanda.jp/service/swappoint/swap_ny4_cadhkd_202401.json,2026-09-27T09:51:31+09:00
oanda_ny,CAD/HKD,2024-01-08,2024-01-09,1,-54.2824,-43.0106,10000,JPY,confirmed,https://www.oanda.jp/service/swappoint/swap_ny4_cadhkd_202401.json,2026-09-27T09:51:31+09:00
oanda_ny,CAD/HKD,2024-01-09,2024-01-10,1,-39.1059,-48.8824,10000,JPY,confirmed,https://www.oanda.jp/service/swappoint/swap_ny4_cadhkd_202401.json,2026-09-27T09:51:31+09:00
oanda_ny,CAD/HKD,2024-01-10,2024-01-11,4,-83.7468,-202.1886,10000,JPY,confirmed,https://www.oanda.jp/service/swappoint/swap_ny4_cadhkd_202401.json,2026-09-27T09:51:31+09:00
oanda_ny,CAD/HKD,2024-01-11,2024-01-12,0,0.0,0.0,10000,JPY,confirmed,https://www.oanda.jp/service/swappoint/swap_ny4_cadhkd_202401.json,2026-09-27T09:51:31+09:00
oanda_ny,CAD/HKD,2024-01-12,2024-01-15,1,-40.0529,-59.931,10000,JPY,confirmed,https://www.oanda.jp/service/swappoint/swap_ny4_cadhkd_202401.json,2026-09-27T09:51:31+09:00
oanda_ny,CAD/HKD,2024-01-15,2024-01-16,1,-32.7867,-59.3141,10000,JPY,confirmed,https://www.oanda.jp/service/swappoint/swap_ny4_cadhkd_202401.json,2026-09-27T09:51:31+09:00
oanda_ny,CAD/HKD,2024-01-16,2024-01-17,1,-20.6607,-56.8918,10000,JPY,confirmed,https://www.oanda.jp/service/swappoint/swap_ny4_cadhkd_202401.json,2026-09-27T09:51:31+09:00
oanda_ny,CAD/HKD,2024-01-17,2024-01-18,3,-61.4378,-159.9189,10000,JPY,confirmed,https://www.oanda.jp/service/swappoint/swap_ny4_cadhkd_202401.json,2026-09-27T09:51:31+09:00
oanda_ny,CAD/HKD,2024-01-18,2024-01-19,1,-32.8713,-65.1395,10000,JPY,confirmed,https://www.oanda.jp/service/swappoint/swap_ny4_cadhkd_202401.json,2026-09-27T09:51:31+09:00
oanda_ny,CAD/HKD,2024-01-19,2024-01-22,1,-33.0156,-65.4253,10000,JPY,confirmed,https://www.oanda.jp/service/swappoint/swap_ny4_cadhkd_202401.json,2026-09-27T09:51:31+09:00
oanda_ny,CAD/HKD,2024-01-22,2024-01-23,1,-21.1196,-65.7726,10000,JPY,confirmed,https://www.oanda.jp/service/swappoint/swap_ny4_cadhkd_202401.json,2026-09-27T09:51:31+09:00
oanda_ny,CAD/HKD,2024-01-23,2024-01-24,1,-29.3483,-87.7424,10000,JPY,confirmed,https://www.oanda.jp/service/swappoint/swap_ny4_cadhkd_202401.json,2026-09-27T09:51:31+09:00
oanda_ny,CAD/HKD,2024-01-24,2024-01-25,3,-11.6788,-207.5225,10000,JPY,confirmed,https://www.oanda.jp/service/swappoint/swap_ny4_cadhkd_202401.json,2026-09-27T09:51:31+09:00
oanda_ny,CAD/HKD,2024-01-25,2024-01-26,1,-11.4322,-87.2456,10000,JPY,confirmed,https://www.oanda.jp/service/swappoint/swap_ny4_cadhkd_202401.json,2026-09-27T09:51:31+09:00
oanda_ny,CAD/HKD,2024-01-26,2024-01-29,1,-33.5574,-71.6495,10000,JPY,confirmed,https://www.oanda.jp/service/swappoint/swap_ny4_cadhkd_202401.json,2026-09-27T09:51:31+09:00
oanda_ny,CAD/HKD,2024-01-29,2024-01-30,1,-56.4478,-50.1088,10000,JPY,confirmed,https://www.oanda.jp/service/swappoint/swap_ny4_cadhkd_202401.json,2026-09-27T09:51:31+09:00
oanda_ny,CAD/HKD,2024-01-30,2024-01-31,1,-33.271,-65.3322,10000,JPY,confirmed,https://www.oanda.jp/service/swappoint/swap_ny4_cadhkd_202401.json,2026-09-27T09:51:31+09:00
oanda_ny,CAD/HKD,2024-01-31,2024-02-01,3,-53.1518,-185.5808,10000,JPY,confirmed,https://www.oanda.jp/service/swappoint/swap_ny4_cadhkd_202401.json,2026-09-27T09:51:31+09:00
oanda_ny,CAD/HKD,2024-02-01,2024-02-02,1,-33.9331,-83.4813,10000,JPY,confirmed,https://www.oanda.jp/service/swappoint/swap_ny4_cadhkd_202402.json,2026-09-27T09:51:45+09:00
oanda_ny,CAD/HKD,2024-02-02,2024-02-05,1,-32.6673,-84.3905,10000,JPY,confirmed,https://www.oanda.jp/service/swappoint/swap_ny4_cadhkd_202402.json,2026-09-27T09:51:45+09:00
oanda_ny,CAD/HKD,2024-02-05,2024-02-06,1,-34.063,-81.691,10000,JPY,confirmed,https://www.oanda.jp/service/swappoint/swap_ny4_cadhkd_202402.json,2026-09-27T09:51:45+09:00
oanda_ny,CAD/HKD,2024-02-06,2024-02-07,1,-38.2299,-77.3628,10000,JPY,confirmed,https://www.oanda.jp/service/swappoint/swap_ny4_cadhkd_202402.json,2026-09-27T09:51:45+09:00
oanda_ny,CAD/HKD,2024-02-07,2024-02-08,5,-148.0554,-194.8892,10000,JPY,confirmed,https://www.oanda.jp/service/swappoint/swap_ny4_cadhkd_202402.json,2026-09-27T09:51:45+09:00
oanda_ny,CAD/HKD,2024-02-08,2024-02-09,1,-28.0219,-67.3135,10000,JPY,confirmed,https://www.oanda.jp/service/swappoint/swap_ny4_cadhkd_202402.json,2026-09-27T09:51:45+09:00
oanda_ny,CAD/HKD,2024-02-09,2024-02-12,0,0.0,0.0,10000,JPY,confirmed,https://www.oanda.jp/service/swappoint/swap_ny4_cadhkd_202402.json,2026-09-27T09:51:45+09:00
oanda_ny,CAD/HKD,2024-02-12,2024-02-13,0,0.0,0.0,10000,JPY,confirmed,https://www.oanda.jp/service/swappoint/swap_ny4_cadhkd_202402.json,2026-09-27T09:51:45+09:00
oanda_ny,CAD/HKD,2024-02-13,2024-02-14,1,-26.2468,-54.3248,10000,JPY,confirmed,https://www.oanda.jp/service/swappoint/swap_ny4_cadhkd_202402.json,2026-09-27T09:51:45+09:00
oanda_ny,CAD/HKD,2024-02-14,2024-02-15,4,-131.8658,-189.2518,10000,JPY,confirmed,https://www.oanda.jp/service/swappoint/swap_ny4_cadhkd_202402.json,2026-09-27T09:51:45+09:00
oanda_ny,CAD/HKD,2024-02-15,2024-02-16,0,0.0,0.0,10000,JPY,confirmed,https://www.oanda.jp/service/swappoint/swap_ny4_cadhkd_202402.json,2026-09-27T09:51:45+09:00
oanda_ny,CAD/HKD,2024-02-16,2024-02-19,1,-18.0415,-62.3808,10000,JPY,confirmed,https://www.oanda.jp/service/swappoint/swap_ny4_cadhkd_202402.json,2026-09-27T09:51:45+09:00
oanda_ny,CAD/HKD,2024-02-19,2024-02-20,1,-33.9139,-74.2439,10000,JPY,confirmed,https://www.oanda.jp/service/swappoint/swap_ny4_cadhkd_202402.json,2026-09-27T09:51:45+09:00
oanda_ny,CAD/HKD,2024-02-20,2024-02-21,1,-20.4014,-69.1211,10000,JPY,confirmed,https://www.oanda.jp/service/swappoint/swap_ny4_cadhkd_202402.json,2026-09-27T09:51:45+09:00
oanda_ny,CAD/HKD,2024-02-21,2024-02-22,3,-85.2437,-211.7345,10000,JPY,confirmed,https://www.oanda.jp/service/swappoint/swap_ny4_cadhkd_202402.json,2026-09-27T09:51:45+09:00
oanda_ny,CAD/HKD,2024-02-22,2024-02-23,1,-14.1001,-58.8526,10000,JPY,confirmed,https://www.oanda.jp/service/swappoint/swap_ny4_cadhkd_202402.json,2026-09-27T09:51:45+09:00
oanda_ny,CAD/HKD,2024-02-23,2024-02-26,1,-10.7066,-66.0752,10000,JPY,confirmed,https://www.oanda.jp/service/swappoint/swap_ny4_cadhkd_202402.json,2026-09-27T09:51:45+09:00
oanda_ny,CAD/HKD,2024-02-26,2024-02-27,1,-14.0923,-70.1551,10000,JPY,confirmed,https://www.oanda.jp/service/swappoint/swap_ny4_cadhkd_202402.json,2026-09-27T09:51:45+09:00
oanda_ny,CAD/HKD,2024-02-27,2024-02-28,1,-63.8352,-60.4754,10000,JPY,confirmed,https://www.oanda.jp/service/swappoint/swap_ny4_cadhkd_202402.json,2026-09-27T09:51:45+09:00
oanda_ny,CAD/HKD,2024-02-28,2024-02-29,3,-31.0812,-182.8307,10000,JPY,confirmed,https://www.oanda.jp/service/swappoint/swap_ny4_cadhkd_202402.json,2026-09-27T09:51:45+09:00
oanda_ny,CAD/HKD,2024-02-29,2024-03-01,1,-15.7674,-58.5213,10000,JPY,confirmed,https://www.oanda.jp/service/swappoint/swap_ny4_cadhkd_202402.json,2026-09-27T09:51:45+09:00
oanda_ny,CAD/HKD,2024-03-01,2024-03-04,1,-13.3738,-61.0938,10000,JPY,confirmed,https://www.oanda.jp/service/swappoint/swap_ny4_cadhkd_202403.json,2026-09-27T09:52:00+09:00
oanda_ny,CAD/HKD,2024-03-04,2024-03-05,1,-8.8282,-62.102,10000,JPY,confirmed,https://www.oanda.jp/service/swappoint/swap_ny4_cadhkd_202403.json,2026-09-27T09:52:00+09:00
oanda_ny,CAD/HKD,2024-03-05,2024-03-06,1,-5.1527,-70.925,10000,JPY,confirmed,https://www.oanda.jp/service/swappoint/swap_ny4_cadhkd_202403.json,2026-09-27T09:52:00+09:00
oanda_ny,CAD/HKD,2024-03-06,2024-03-07,3,-16.3907,-195.7781,10000,JPY,confirmed,https://www.oanda.jp/service/swappoint/swap_ny4_cadhkd_202403.json,2026-09-27T09:52:00+09:00
oanda_ny,CAD/HKD,2024-03-07,2024-03-08,1,-16.0034,-61.8999,10000,JPY,confirmed,https://www.oanda.jp/service/swappoint/swap_ny4_cadhkd_202403.json,2026-09-27T09:52:00+09:00
oanda_ny,CAD/HKD,2024-03-08,2024-03-11,1,-7.1842,-67.9508,10000,JPY,confirmed,https://www.oanda.jp/service/swappoint/swap_ny4_cadhkd_202403.json,2026-09-27T09:52:00+09:00
oanda_ny,CAD/HKD,2024-03-11,2024-03-12,1,-12.267,-64.3268,10000,JPY,confirmed,https://www.oanda.jp/service/swappoint/swap_ny4_cadhkd_202403.json,2026-09-27T09:52:00+09:00
oanda_ny,CAD/HKD,2024-03-12,2024-03-13,1,-8.4133,-67.0056,10000,JPY,confirmed,https://www.oanda.jp/service/swappoint/swap_ny4_cadhkd_202403.json,2026-09-27T09:52:00+09:00
oanda_ny,CAD/HKD,2024-03-13,2024-03-14,3,-4.5171,-193.3306,10000,JPY,confirmed,https://www.oanda.jp/service/swappoint/swap_ny4_cadhkd_202403.json,2026-09-27T09:52:00+09:00
oanda_ny,CAD/HKD,2024-03-14,2024-03-15,1,-12.6377,-62.8874,10000,JPY,confirmed,https://www.oanda.jp/service/swappoint/swap_ny4_cadhkd_202403.json,2026-09-27T09:52:00+09:00
oanda_ny,CAD/HKD,2024-03-15,2024-03-18,1,-10.2726,-62.844,10000,JPY,confirmed,https://www.oanda.jp/service/swappoint/swap_ny4_cadhkd_202403.json,2026-09-27T09:52:00+09:00
oanda_ny,CAD/HKD,2024-03-18,2024-03-19,1,-19.6659,-60.2078,10000,JPY,confirmed,https://www.oanda.jp/service/swappoint/swap_ny4_cadhkd_202403.json,2026-09-27T09:52:00+09:00
oanda_ny,CAD/HKD,2024-03-19,2024-03-20,1,-18.6203,-58.3028,10000,JPY,confirmed,https://www.oanda.jp/service/swappoint/swap_ny4_cadhkd_202403.json,2026-09-27T09:52:00+09:00
oanda_ny,CAD/HKD,2024-03-20,2024-03-21,3,-44.3126,-157.8637,10000,JPY,confirmed,https://www.oanda.jp/service/swappoint/swap_ny4_cadhkd_202403.json,2026-09-27T09:52:00+09:00
oanda_ny,CAD/HKD,2024-03-21,2024-03-22,1,-39.3799,-43.0717,10000,JPY,confirmed,https://www.oanda.jp/service/swappoint/swap_ny4_cadhkd_202403.json,2026-09-27T09:52:00+09:00
oanda_ny,CAD/HKD,2024-03-22,2024-03-25,1,-40.3304,-40.3304,10000,JPY,confirmed,https://www.oanda.jp/service/swappoint/swap_ny4_cadhkd_202403.json,2026-09-27T09:52:00+09:00
oanda_ny,CAD/HKD,2024-03-25,2024-03-26,1,-38.2445,-41.61,10000,JPY,confirmed,https://www.oanda.jp/service/swappoint/swap_ny4_cadhkd_202403.json,2026-09-27T09:52:00+09:00
oanda_ny,CAD/HKD,2024-03-26,2024-03-27,5,-238.9047,-127.1095,10000,JPY,confirmed,https://www.oanda.jp/service/swappoint/swap_ny4_cadhkd_202403.json,2026-09-27T09:52:00+09:00
oanda_ny,CAD/HKD,2024-03-27,2024-03-28,1,-25.7084,-65.1891,10000,JPY,confirmed,https://www.oanda.jp/service/swappoint/swap_ny4_cadhkd_202403.json,2026-09-27T09:52:00+09:00
oanda_ny,CAD/HKD,2024-03-28,2024-03-29,0,0.0,0.0,10000,JPY,confirmed,https://www.oanda.jp/service/swappoint/swap_ny4_cadhkd_202403.json,2026-09-27T09:52:00+09:00
oanda_ny,CAD/HKD,2024-03-29,2024-04-01,0,0.0,0.0,10000,JPY,confirmed,https://www.oanda.jp/service/swappoint/swap_ny4_cadhkd_202403.json,2026-09-27T09:52:00+09:00
oanda_ny,CAD/HKD,2024-04-01,2024-04-02,2,-362.6068,-463.2287,10000,JPY,confirmed,https://www.oanda.jp/service/swappoint/swap_ny4_cadhkd_202404.json,2026-09-27T09:52:15+09:00
oanda_ny,CAD/HKD,2024-04-02,2024-04-03,3,-35.8813,-190.447,10000,JPY,confirmed,https://www.oanda.jp/service/swappoint/swap_ny4_cadhkd_202404.json,2026-09-27T09:52:15+09:00
oanda_ny,CAD/HKD,2024-04-03,2024-04-04,0,0.0,0.0,10000,JPY,confirmed,https://www.oanda.jp/service/swappoint/swap_ny4_cadhkd_202404.json,2026-09-27T09:52:15+09:00
oanda_ny,CAD/HKD,2024-04-04,2024-04-05,1,-104.3059,-143.2673,10000,JPY,confirmed,https://www.oanda.jp/service/swappoint/swap_ny4_cadhkd_202404.json,2026-09-27T09:52:15+09:00
oanda_ny,CAD/HKD,2024-04-05,2024-04-08,1,-28.7916,-71.3664,10000,JPY,confirmed,https://www.oanda.jp/service/swappoint/swap_ny4_cadhkd_202404.json,2026-09-27T09:52:15+09:00
oanda_ny,CAD/HKD,2024-04-08,2024-04-09,1,-23.3422,-66.0337,10000,JPY,confirmed,https://www.oanda.jp/service/swappoint/swap_ny4_cadhkd_202404.json,2026-09-27T09:52:15+09:00
oanda_ny,CAD/HKD,2024-04-09,2024-04-10,1,-20.878,-72.1519,10000,JPY,confirmed,https://www.oanda.jp/service/swappoint/swap_ny4_cadhkd_202404.json,2026-09-27T09:52:15+09:00
oanda_ny,CAD/HKD,2024-04-10,2024-04-11,3,-39.6415,-205.5826,10000,JPY,confirmed,https://www.oanda.jp/service/swappoint/swap_ny4_cadhkd_202404.json,2026-09-27T09:52:15+09:00
oanda_ny,CAD/HKD,2024-04-11,2024-04-12,1,-7.6852,-62.7113,10000,JPY,confirmed,https://www.oanda.jp/service/swappoint/swap_ny4_cadhkd_202404.json,2026-09-27T09:52:15+09:00
oanda_ny,CAD/HKD,2024-04-12,2024-04-15,1,-17.4159,-75.1632,10000,JPY,confirmed,https://www.oanda.jp/service/swappoint/swap_ny4_cadhkd_202404.json,2026-09-27T09:52:15+09:00
oanda_ny,CAD/HKD,2024-04-15,2024-04-16,1,-14.1299,-67.885,10000,JPY,confirmed,https://www.oanda.jp/service/swappoint/swap_ny4_cadhkd_202404.json,2026-09-27T09:52:15+09:00
oanda_ny,CAD/HKD,2024-04-16,2024-04-17,1,-17.2009,-64.5032,10000,JPY,confirmed,https://www.oanda.jp/service/swappoint/swap_ny4_cadhkd_202404.json,2026-09-27T09:52:15+09:00
oanda_ny,CAD/HKD,2024-04-17,2024-04-18,3,-29.5439,-216.9627,10000,JPY,confirmed,https://www.oanda.jp/service/swappoint/swap_ny4_cadhkd_202404.json,2026-09-27T09:52:15+09:00
oanda_ny,CAD/HKD,2024-04-18,2024-04-19,1,-2.467,-80.1788,10000,JPY,confirmed,https://www.oanda.jp/service/swappoint/swap_ny4_cadhkd_202404.json,2026-09-27T09:52:15+09:00
oanda_ny,CAD/HKD,2024-04-19,2024-04-22,1,3.998,-94.1756,10000,JPY,confirmed,https://www.oanda.jp/service/swappoint/swap_ny4_cadhkd_202404.json,2026-09-27T09:52:15+09:00
oanda_ny,CAD/HKD,2024-04-22,2024-04-23,1,6.1804,-97.1106,10000,JPY,confirmed,https://www.oanda.jp/service/swappoint/swap_ny4_cadhkd_202404.json,2026-09-27T09:52:15+09:00
oanda_ny,CAD/HKD,2024-04-23,2024-04-24,1,13.6334,-103.5937,10000,JPY,confirmed,https://www.oanda.jp/service/swappoint/swap_ny4_cadhkd_202404.json,2026-09-27T09:52:15+09:00
oanda_ny,CAD/HKD,2024-04-24,2024-04-25,3,49.2853,-267.9544,10000,JPY,confirmed,https://www.oanda.jp/service/swappoint/swap_ny4_cadhkd_202404.json,2026-09-27T09:52:15+09:00
oanda_ny,CAD/HKD,2024-04-25,2024-04-26,1,16.5166,-89.7971,10000,JPY,confirmed,https://www.oanda.jp/service/swappoint/swap_ny4_cadhkd_202404.json,2026-09-27T09:52:15+09:00
oanda_ny,CAD/HKD,2024-04-26,2024-04-29,2,-230.8773,-176.1791,10000,JPY,confirmed,https://www.oanda.jp/service/swappoint/swap_ny4_cadhkd_202404.json,2026-09-27T09:52:15+09:00
oanda_ny,CAD/HKD,2024-04-29,2024-04-30,1,-30.1655,-71.9574,10000,JPY,confirmed,https://www.oanda.jp/service/swappoint/swap_ny4_cadhkd_202404.json,2026-09-27T09:52:15+09:00
oanda_ny,CAD/HKD,2024-04-30,2024-05-01,0,0.0,0.0,10000,JPY,confirmed,https://www.oanda.jp/service/swappoint/swap_ny4_cadhkd_202404.json,2026-09-27T09:52:15+09:00
oanda_ny,CAD/HKD,2024-05-01,2024-05-02,3,-81.4855,-174.0826,10000,JPY,confirmed,https://www.oanda.jp/service/swappoint/swap_ny4_cadhkd_202405.json,2026-09-27T09:52:30+09:00
oanda_ny,CAD/HKD,2024-05-02,2024-05-03,1,-26.8419,-55.8436,10000,JPY,confirmed,https://www.oanda.jp/service/swappoint/swap_ny4_cadhkd_202405.json,2026-09-27T09:52:30+09:00
oanda_ny,CAD/HKD,2024-05-03,2024-05-06,1,-18.1057,-68.4332,10000,JPY,confirmed,https://www.oanda.jp/service/swappoint/swap_ny4_cadhkd_202405.json,2026-09-27T09:52:30+09:00
oanda_ny,CAD/HKD,2024-05-06,2024-05-07,1,-10.5116,-69.253,10000,JPY,confirmed,https://www.oanda.jp/service/swappoint/swap_ny4_cadhkd_202405.json,2026-09-27T09:52:30+09:00
oanda_ny,CAD/HKD,2024-05-07,2024-05-08,1,-11.4476,-72.708,10000,JPY,confirmed,https://www.oanda.jp/service/swappoint/swap_ny4_cadhkd_202405.json,2026-09-27T09:52:30+09:00
oanda_ny,CAD/HKD,2024-05-08,2024-05-09,3,-29.8691,-181.0812,10000,JPY,confirmed,https://www.oanda.jp/service/swappoint/swap_ny4_cadhkd_202405.json,2026-09-27T09:52:30+09:00
oanda_ny,CAD/HKD,2024-05-09,2024-05-10,1,-12.796,-73.6549,10000,JPY,confirmed,https://www.oanda.jp/service/swappoint/swap_ny4_cadhkd_202405.json,2026-09-27T09:52:30+09:00
oanda_ny,CAD/HKD,2024-05-10,2024-05-13,2,-11.2598,-132.6154,10000,JPY,confirmed,https://www.oanda.jp/service/swappoint/swap_ny4_cadhkd_202405.json,2026-09-27T09:52:30+09:00
oanda_ny,CAD/HKD,2024-05-13,2024-05-14,1,-10.0416,-76.5669,10000,JPY,confirmed,https://www.oanda.jp/service/swappoint/swap_ny4_cadhkd_202405.json,2026-09-27T09:52:30+09:00
oanda_ny,CAD/HKD,2024-05-14,2024-05-15,0,0.0,0.0,10000,JPY,confirmed,https://www.oanda.jp/service/swappoint/swap_ny4_cadhkd_202405.json,2026-09-27T09:52:30+09:00
oanda_ny,CAD/HKD,2024-05-15,2024-05-16,4,-22.5081,-301.359,10000,JPY,confirmed,https://www.oanda.jp/service/swappoint/swap_ny4_cadhkd_202405.json,2026-09-27T09:52:30+09:00
oanda_ny,CAD/HKD,2024-05-16,2024-05-17,0,0.0,0.0,10000,JPY,confirmed,https://www.oanda.jp/service/swappoint/swap_ny4_cadhkd_202405.json,2026-09-27T09:52:30+09:00
oanda_ny,CAD/HKD,2024-05-17,2024-05-20,1,-15.6952,-71.8838,10000,JPY,confirmed,https://www.oanda.jp/service/swappoint/swap_ny4_cadhkd_202405.json,2026-09-27T09:52:30+09:00
oanda_ny,CAD/HKD,2024-05-20,2024-05-21,1,-28.0239,-74.3105,10000,JPY,confirmed,https://www.oanda.jp/service/swappoint/swap_ny4_cadhkd_202405.json,2026-09-27T09:52:30+09:00
oanda_ny,CAD/HKD,2024-05-21,2024-05-22,1,-29.5188,-65.9462,10000,JPY,confirmed,https://www.oanda.jp/service/swappoint/swap_ny4_cadhkd_202405.json,2026-09-27T09:52:30+09:00
oanda_ny,CAD/HKD,2024-05-22,2024-05-23,4,-81.7419,-204.9835,10000,JPY,confirmed,https://www.oanda.jp/service/swappoint/swap_ny4_cadhkd_202405.json,2026-09-27T09:52:30+09:00
oanda_ny,CAD/HKD,2024-05-23,2024-05-24,0,0.0,0.0,10000,JPY,confirmed,https://www.oanda.jp/service/swappoint/swap_ny4_cadhkd_202405.json,2026-09-27T09:52:30+09:00
oanda_ny,CAD/HKD,2024-05-24,2024-05-27,1,-26.8066,-68.1203,10000,JPY,confirmed,https://www.oanda.jp/service/swappoint/swap_ny4_cadhkd_202405.json,2026-09-27T09:52:30+09:00
oanda_ny,CAD/HKD,2024-05-27,2024-05-28,1,-39.1752,-74.2434,10000,JPY,confirmed,https://www.oanda.jp/service/swappoint/swap_ny4_cadhkd_202405.json,2026-09-27T09:52:30+09:00
oanda_ny,CAD/HKD,2024-05-28,2024-05-29,1,-111.9497,-143.8902,10000,JPY,confirmed,https://www.oanda.jp/service/swappoint/swap_ny4_cadhkd_202405.json,2026-09-27T09:52:30+09:00
oanda_ny,CAD/HKD,2024-05-29,2024-05-30,3,-153.3468,-190.2636,10000,JPY,confirmed,https://www.oanda.jp/service/swappoint/swap_ny4_cadhkd_202405.json,2026-09-27T09:52:30+09:00
oanda_ny,CAD/HKD,2024-05-30,2024-05-31,1,-77.412,-129.3347,10000,JPY,confirmed,https://www.oanda.jp/service/swappoint/swap_ny4_cadhkd_202405.json,2026-09-27T09:52:30+09:00
oanda_ny,CAD/HKD,2024-05-31,2024-06-03,1,-97.2751,-158.7454,10000,JPY,confirmed,https://www.oanda.jp/service/swappoint/swap_ny4_cadhkd_202405.json,2026-09-27T09:52:30+09:00
oanda_ny,CAD/HKD,2024-06-03,2024-06-04,1,-28.2977,-102.5007,10000,JPY,confirmed,https://www.oanda.jp/service/swappoint/swap_ny4_cadhkd_202406.json,2026-09-27T09:52:44+09:00
oanda_ny,CAD/HKD,2024-06-04,2024-06-05,1,-17.1009,-74.6219,10000,JPY,confirmed,https://www.oanda.jp/service/swappoint/swap_ny4_cadhkd_202406.json,2026-09-27T09:52:44+09:00
oanda_ny,CAD/HKD,2024-06-05,2024-06-06,4,-68.8485,-300.43,10000,JPY,confirmed,https://www.oanda.jp/service/swappoint/swap_ny4_cadhkd_202406.json,2026-09-27T09:52:44+09:00
oanda_ny,CAD/HKD,2024-06-06,2024-06-07,1,-27.5032,-65.3201,10000,JPY,confirmed,https://www.oanda.jp/service/swappoint/swap_ny4_cadhkd_202406.json,2026-09-27T09:52:44+09:00
oanda_ny,CAD/HKD,2024-06-07,2024-06-10,0,0.0,0.0,10000,JPY,confirmed,https://www.oanda.jp/service/swappoint/swap_ny4_cadhkd_202406.json,2026-09-27T09:52:44+09:00
oanda_ny,CAD/HKD,2024-06-10,2024-06-11,1,-22.2493,-64.5544,10000,JPY,confirmed,https://www.oanda.jp/service/swappoint/swap_ny4_cadhkd_202406.json,2026-09-27T09:52:44+09:00
oanda_ny,CAD/HKD,2024-06-11,2024-06-12,1,-35.1193,-69.298,10000,JPY,confirmed,https://www.oanda.jp/service/swappoint/swap_ny4_cadhkd_202406.json,2026-09-27T09:52:44+09:00
oanda_ny,CAD/HKD,2024-06-12,2024-06-13,3,-72.4241,-170.2438,10000,JPY,confirmed,https://www.oanda.jp/service/swappoint/swap_ny4_cadhkd_202406.json,2026-09-27T09:52:44+09:00
oanda_ny,CAD/HKD,2024-06-13,2024-06-14,1,-28.8637,-63.6884,10000,JPY,confirmed,https://www.oanda.jp/service/swappoint/swap_ny4_cadhkd_202406.json,2026-09-27T09:52:44+09:00
oanda_ny,CAD/HKD,2024-06-14,2024-06-17,2,-46.5674,-113.272,10000,JPY,confirmed,https://www.oanda.jp/service/swappoint/swap_ny4_cadhkd_202406.json,2026-09-27T09:52:44+09:00
oanda_ny,CAD/HKD,2024-06-17,2024-06-18,0,0.0,0.0,10000,JPY,confirmed,https://www.oanda.jp/service/swappoint/swap_ny4_cadhkd_202406.json,2026-09-27T09:52:44+09:00
oanda_ny,CAD/HKD,2024-06-18,2024-06-19,1,-33.4853,-56.23,10000,JPY,confirmed,https://www.oanda.jp/service/swappoint/swap_ny4_cadhkd_202406.json,2026-09-27T09:52:44+09:00
oanda_ny,CAD/HKD,2024-06-19,2024-06-20,3,-59.8466,-162.4407,10000,JPY,confirmed,https://www.oanda.jp/service/swappoint/swap_ny4_cadhkd_202406.json,2026-09-27T09:52:44+09:00
oanda_ny,CAD/HKD,2024-06-20,2024-06-21,1,-30.5999,-52.5935,10000,JPY,confirmed,https://www.oanda.jp/service/swappoint/swap_ny4_cadhkd_202406.json,2026-09-27T09:52:44+09:00
oanda_ny,CAD/HKD,2024-06-21,2024-06-24,1,-45.1789,-44.2176,10000,JPY,confirmed,https://www.oanda.jp/service/swappoint/swap_ny4_cadhkd_202406.json,2026-09-27T09:52:44+09:00
oanda_ny,CAD/HKD,2024-06-24,2024-06-25,1,-49.4124,-46.2038,10000,JPY,confirmed,https://www.oanda.jp/service/swappoint/swap_ny4_cadhkd_202406.json,2026-09-27T09:52:44+09:00
oanda_ny,CAD/HKD,2024-06-25,2024-06-26,1,-72.5354,-89.8668,10000,JPY,confirmed,https://www.oanda.jp/service/swappoint/swap_ny4_cadhkd_202406.json,2026-09-27T09:52:44+09:00
oanda_ny,CAD/HKD,2024-06-26,2024-06-27,4,-222.9771,-88.9331,10000,JPY,confirmed,https://www.oanda.jp/service/swappoint/swap_ny4_cadhkd_202406.json,2026-09-27T09:52:44+09:00
oanda_ny,CAD/HKD,2024-06-27,2024-06-28,1,-37.689,-57.0166,10000,JPY,confirmed,https://www.oanda.jp/service/swappoint/swap_ny4_cadhkd_202406.json,2026-09-27T09:52:44+09:00
oanda_ny,CAD/HKD,2024-06-28,2024-07-01,0,0.0,0.0,10000,JPY,confirmed,https://www.oanda.jp/service/swappoint/swap_ny4_cadhkd_202406.json,2026-09-27T09:52:44+09:00
oanda_ny,CAD/HKD,2024-07-01,2024-07-02,2,-127.7996,-132.9633,10000,JPY,confirmed,https://www.oanda.jp/service/swappoint/swap_ny4_cadhkd_202407.json,2026-09-27T09:52:59+09:00
oanda_ny,CAD/HKD,2024-07-02,2024-07-03,0,0.0,0.0,10000,JPY,confirmed,https://www.oanda.jp/service/swappoint/swap_ny4_cadhkd_202407.json,2026-09-27T09:52:59+09:00
oanda_ny,CAD/HKD,2024-07-03,2024-07-04,3,-111.3056,-127.9039,10000,JPY,confirmed,https://www.oanda.jp/service/swappoint/swap_ny4_cadhkd_202407.json,2026-09-27T09:52:59+09:00
oanda_ny,CAD/HKD,2024-07-04,2024-07-05,1,-42.9278,-41.627,10000,JPY,confirmed,https://www.oanda.jp/service/swappoint/swap_ny4_cadhkd_202407.json,2026-09-27T09:52:59+09:00
oanda_ny,CAD/HKD,2024-07-05,2024-07-08,1,-50.157,-46.9211,10000,JPY,confirmed,https://www.oanda.jp/service/swappoint/swap_ny4_cadhkd_202407.json,2026-09-27T09:52:59+09:00
oanda_ny,CAD/HKD,2024-07-08,2024-07-09,1,-55.3777,-44.367,10000,JPY,confirmed,https://www.oanda.jp/service/swappoint/swap_ny4_cadhkd_202407.json,2026-09-27T09:52:59+09:00
oanda_ny,CAD/HKD,2024-07-09,2024-07-10,1,-43.5205,-53.5887,10000,JPY,confirmed,https://www.oanda.jp/service/swappoint/swap_ny4_cadhkd_202407.json,2026-09-27T09:52:59+09:00
oanda_ny,CAD/HKD,2024-07-10,2024-07-11,3,-96.8069,-133.9651,10000,JPY,confirmed,https://www.oanda.jp/service/swappoint/swap_ny4_cadhkd_202407.json,2026-09-27T09:52:59+09:00
oanda_ny,CAD/HKD,2024-07-11,2024-07-12,1,-40.959,-49.5988,10000,JPY,confirmed,https://www.oanda.jp/service/swappoint/swap_ny4_cadhkd_202407.json,2026-09-27T09:52:59+09:00
oanda_ny,CAD/HKD,2024-07-12,2024-07-15,1,-43.8699,-46.413,10000,JPY,confirmed,https://www.oanda.jp/service/swappoint/swap_ny4_cadhkd_202407.json,2026-09-27T09:52:59+09:00
oanda_ny,CAD/HKD,2024-07-15,2024-07-16,1,-42.1917,-47.9018,10000,JPY,confirmed,https://www.oanda.jp/service/swappoint/swap_ny4_cadhkd_202407.json,2026-09-27T09:52:59+09:00
oanda_ny,CAD/HKD,2024-07-16,2024-07-17,1,-43.8915,-46.1178,10000,JPY,confirmed,https://www.oanda.jp/service/swappoint/swap_ny4_cadhkd_202407.json,2026-09-27T09:52:59+09:00
oanda_ny,CAD/HKD,2024-07-17,2024-07-18,3,-112.8332,-103.4304,10000,JPY,confirmed,https://www.oanda.jp/service/swappoint/swap_ny4_cadhkd_202407.json,2026-09-27T09:52:59+09:00
oanda_ny,CAD/HKD,2024-07-18,2024-07-19,1,-43.8127,-45.7039,10000,JPY,confirmed,https://www.oanda.jp/service/swappoint/swap_ny4_cadhkd_202407.json,2026-09-27T09:52:59+09:00
oanda_ny,CAD/HKD,2024-07-19,2024-07-22,1,-66.7628,-73.0612,10000,JPY,confirmed,https://www.oanda.jp/service/swappoint/swap_ny4_cadhkd_202407.json,2026-09-27T09:52:59+09:00
oanda_ny,CAD/HKD,2024-07-22,2024-07-23,1,-40.1164,-42.9371,10000,JPY,confirmed,https://www.oanda.jp/service/swappoint/swap_ny4_cadhkd_202407.json,2026-09-27T09:52:59+09:00
oanda_ny,CAD/HKD,2024-07-23,2024-07-24,1,-52.067,-36.8808,10000,JPY,confirmed,https://www.oanda.jp/service/swappoint/swap_ny4_cadhkd_202407.json,2026-09-27T09:52:59+09:00
oanda_ny,CAD/HKD,2024-07-24,2024-07-25,3,-134.9326,-82.6118,10000,JPY,confirmed,https://www.oanda.jp/service/swappoint/swap_ny4_cadhkd_202407.json,2026-09-27T09:52:59+09:00
oanda_ny,CAD/HKD,2024-07-25,2024-07-26,1,-51.9588,-34.5373,10000,JPY,confirmed,https://www.oanda.jp/service/swappoint/swap_ny4_cadhkd_202407.json,2026-09-27T09:52:59+09:00
oanda_ny,CAD/HKD,2024-07-26,2024-07-29,1,-54.3072,-44.5441,10000,JPY,confirmed,https://www.oanda.jp/service/swappoint/swap_ny4_cadhkd_202407.json,2026-09-27T09:52:59+09:00
oanda_ny,CAD/HKD,2024-07-29,2024-07-30,1,-54.3355,-28.6941,10000,JPY,confirmed,https://www.oanda.jp/service/swappoint/swap_ny4_cadhkd_202407.json,2026-09-27T09:52:59+09:00
oanda_ny,CAD/HKD,2024-07-30,2024-07-31,1,-48.7462,-32.6993,10000,JPY,confirmed,https://www.oanda.jp/service/swappoint/swap_ny4_cadhkd_202407.json,2026-09-27T09:52:59+09:00
oanda_ny,CAD/HKD,2024-07-31,2024-08-01,4,-152.6605,-125.2293,10000,JPY,confirmed,https://www.oanda.jp/service/swappoint/swap_ny4_cadhkd_202407.json,2026-09-27T09:52:59+09:00
oanda_ny,CAD/HKD,2024-08-01,2024-08-02,0,0.0,0.0,10000,JPY,confirmed,https://www.oanda.jp/service/swappoint/swap_ny4_cadhkd_202408.json,2026-09-27T09:53:13+09:00
oanda_ny,CAD/HKD,2024-08-02,2024-08-05,1,-31.3168,-52.1947,10000,JPY,confirmed,https://www.oanda.jp/service/swappoint/swap_ny4_cadhkd_202408.json,2026-09-27T09:53:13+09:00
oanda_ny,CAD/HKD,2024-08-05,2024-08-06,1,-207.8639,-219.0302,10000,JPY,confirmed,https://www.oanda.jp/service/swappoint/swap_ny4_cadhkd_202408.json,2026-09-27T09:53:13+09:00
oanda_ny,CAD/HKD,2024-08-06,2024-08-07,1,-47.423,-70.9908,10000,JPY,confirmed,https://www.oanda.jp/service/swappoint/swap_ny4_cadhkd_202408.json,2026-09-27T09:53:13+09:00
oanda_ny,CAD/HKD,2024-08-07,2024-08-08,3,-61.4853,-158.1051,10000,JPY,confirmed,https://www.oanda.jp/service/swappoint/swap_ny4_cadhkd_202408.json,2026-09-27T09:53:13+09:00
oanda_ny,CAD/HKD,2024-08-08,2024-08-09,1,-18.5481,-55.9389,10000,JPY,confirmed,https://www.oanda.jp/service/swappoint/swap_ny4_cadhkd_202408.json,2026-09-27T09:53:13+09:00
oanda_ny,CAD/HKD,2024-08-09,2024-08-12,1,-38.1148,-78.8683,10000,JPY,confirmed,https://www.oanda.jp/service/swappoint/swap_ny4_cadhkd_202408.json,2026-09-27T09:53:13+09:00
oanda_ny,CAD/HKD,2024-08-12,2024-08-13,1,-39.4045,-77.3387,10000,JPY,confirmed,https://www.oanda.jp/service/swappoint/swap_ny4_cadhkd_202408.json,2026-09-27T09:53:13+09:00
oanda_ny,CAD/HKD,2024-08-13,2024-08-14,1,-41.7695,-65.8899,10000,JPY,confirmed,https://www.oanda.jp/service/swappoint/swap_ny4_cadhkd_202408.json,2026-09-27T09:53:13+09:00
oanda_ny,CAD/HKD,2024-08-14,2024-08-15,3,-301.6837,-382.1916,10000,JPY,confirmed,https://www.oanda.jp/service/swappoint/swap_ny4_cadhkd_202408.json,2026-09-27T09:53:13+09:00
oanda_ny,CAD/HKD,2024-08-15,2024-08-16,1,-59.7027,-95.8229,10000,JPY,confirmed,https://www.oanda.jp/service/swappoint/swap_ny4_cadhkd_202408.json,2026-09-27T09:53:13+09:00
oanda_ny,CAD/HKD,2024-08-16,2024-08-19,1,-61.0267,-95.9837,10000,JPY,confirmed,https://www.oanda.jp/service/swappoint/swap_ny4_cadhkd_202408.json,2026-09-27T09:53:13+09:00
oanda_ny,CAD/HKD,2024-08-19,2024-08-20,1,-41.918,-74.9801,10000,JPY,confirmed,https://www.oanda.jp/service/swappoint/swap_ny4_cadhkd_202408.json,2026-09-27T09:53:13+09:00
oanda_ny,CAD/HKD,2024-08-20,2024-08-21,1,-37.1854,-79.0555,10000,JPY,confirmed,https://www.oanda.jp/service/swappoint/swap_ny4_cadhkd_202408.json,2026-09-27T09:53:13+09:00
oanda_ny,CAD/HKD,2024-08-21,2024-08-22,3,-102.1077,-218.2993,10000,JPY,confirmed,https://www.oanda.jp/service/swappoint/swap_ny4_cadhkd_202408.json,2026-09-27T09:53:13+09:00
oanda_ny,CAD/HKD,2024-08-22,2024-08-23,1,-32.4554,-74.9425,10000,JPY,confirmed,https://www.oanda.jp/service/swappoint/swap_ny4_cadhkd_202408.json,2026-09-27T09:53:13+09:00
oanda_ny,CAD/HKD,2024-08-23,2024-08-26,1,-26.1123,-71.2954,10000,JPY,confirmed,https://www.oanda.jp/service/swappoint/swap_ny4_cadhkd_202408.json,2026-09-27T09:53:13+09:00
oanda_ny,CAD/HKD,2024-08-26,2024-08-27,1,-20.5946,-75.3175,10000,JPY,confirmed,https://www.oanda.jp/service/swappoint/swap_ny4_cadhkd_202408.json,2026-09-27T09:53:13+09:00
oanda_ny,CAD/HKD,2024-08-27,2024-08-28,1,-16.4616,-78.4864,10000,JPY,confirmed,https://www.oanda.jp/service/swappoint/swap_ny4_cadhkd_202408.json,2026-09-27T09:53:13+09:00
oanda_ny,CAD/HKD,2024-08-28,2024-08-29,4,-143.692,-191.9819,10000,JPY,confirmed,https://www.oanda.jp/service/swappoint/swap_ny4_cadhkd_202408.json,2026-09-27T09:53:13+09:00
oanda_ny,CAD/HKD,2024-08-29,2024-08-30,0,0.0,0.0,10000,JPY,confirmed,https://www.oanda.jp/service/swappoint/swap_ny4_cadhkd_202408.json,2026-09-27T09:53:13+09:00
oanda_ny,CAD/HKD,2024-08-30,2024-09-02,1,-52.3442,-80.5981,10000,JPY,confirmed,https://www.oanda.jp/service/swappoint/swap_ny4_cadhkd_202408.json,2026-09-27T09:53:13+09:00
oanda_ny,CAD/HKD,2024-09-02,2024-09-03,1,-16.4391,-69.9408,10000,JPY,confirmed,https://www.oanda.jp/service/swappoint/swap_ny4_cadhkd_202409.json,2026-09-27T09:53:28+09:00
oanda_ny,CAD/HKD,2024-09-03,2024-09-04,1,-26.8207,-62.7782,10000,JPY,confirmed,https://www.oanda.jp/service/swappoint/swap_ny4_cadhkd_202409.json,2026-09-27T09:53:28+09:00
oanda_ny,CAD/HKD,2024-09-04,2024-09-05,3,-52.5935,-149.8914,10000,JPY,confirmed,https://www.oanda.jp/service/swappoint/swap_ny4_cadhkd_202409.json,2026-09-27T09:53:28+09:00
oanda_ny,CAD/HKD,2024-09-05,2024-09-06,1,-90.4185,-108.5022,10000,JPY,confirmed,https://www.oanda.jp/service/swappoint/swap_ny4_cadhkd_202409.json,2026-09-27T09:53:28+09:00
oanda_ny,CAD/HKD,2024-09-06,2024-09-09,1,-62.1735,-87.7913,10000,JPY,confirmed,https://www.oanda.jp/service/swappoint/swap_ny4_cadhkd_202409.json,2026-09-27T09:53:28+09:00
oanda_ny,CAD/HKD,2024-09-09,2024-09-10,1,-60.8731,-90.7299,10000,JPY,confirmed,https://www.oanda.jp/service/swappoint/swap_ny4_cadhkd_202409.json,2026-09-27T09:53:28+09:00
oanda_ny,CAD/HKD,2024-09-10,2024-09-11,1,-53.7358,-95.9773,10000,JPY,confirmed,https://www.oanda.jp/service/swappoint/swap_ny4_cadhkd_202409.json,2026-09-27T09:53:28+09:00
oanda_ny,CAD/HKD,2024-09-11,2024-09-12,3,-208.9999,-381.7272,10000,JPY,confirmed,https://www.oanda.jp/service/swappoint/swap_ny4_cadhkd_202409.json,2026-09-27T09:53:28+09:00
oanda_ny,CAD/HKD,2024-09-12,2024-09-13,1,-28.3858,-99.7806,10000,JPY,confirmed,https://www.oanda.jp/service/swappoint/swap_ny4_cadhkd_202409.json,2026-09-27T09:53:28+09:00
oanda_ny,CAD/HKD,2024-09-13,2024-09-16,2,-46.6665,-208.2917,10000,JPY,confirmed,https://www.oanda.jp/service/swappoint/swap_ny4_cadhkd_202409.json,2026-09-27T09:53:28+09:00
oanda_ny,CAD/HKD,2024-09-16,2024-09-17,1,-86.6543,-175.2973,10000,JPY,confirmed,https://www.oanda.jp/service/swappoint/swap_ny4_cadhkd_202409.json,2026-09-27T09:53:28+09:00
oanda_ny,CAD/HKD,2024-09-17,2024-09-18,0,0.0,0.0,10000,JPY,confirmed,https://www.oanda.jp/service/swappoint/swap_ny4_cadhkd_202409.json,2026-09-27T09:53:28+09:00
oanda_ny,CAD/HKD,2024-09-18,2024-09-19,3,-941.3709,-1076.5907,10000,JPY,confirmed,https://www.oanda.jp/service/swappoint/swap_ny4_cadhkd_202409.json,2026-09-27T09:53:28+09:00
oanda_ny,CAD/HKD,2024-09-19,2024-09-20,1,-80.5832,-99.9347,10000,JPY,confirmed,https://www.oanda.jp/service/swappoint/swap_ny4_cadhkd_202409.json,2026-09-27T09:53:28+09:00
oanda_ny,CAD/HKD,2024-09-20,2024-09-23,1,-52.1111,-69.8697,10000,JPY,confirmed,https://www.oanda.jp/service/swappoint/swap_ny4_cadhkd_202409.json,2026-09-27T09:53:28+09:00
oanda_ny,CAD/HKD,2024-09-23,2024-09-24,1,-59.0914,-50.6498,10000,JPY,confirmed,https://www.oanda.jp/service/swappoint/swap_ny4_cadhkd_202409.json,2026-09-27T09:53:28+09:00
oanda_ny,CAD/HKD,2024-09-24,2024-09-25,1,-48.8877,-37.178,10000,JPY,confirmed,https://www.oanda.jp/service/swappoint/swap_ny4_cadhkd_202409.json,2026-09-27T09:53:28+09:00
oanda_ny,CAD/HKD,2024-09-25,2024-09-26,5,-257.863,-119.3537,10000,JPY,confirmed,https://www.oanda.jp/service/swappoint/swap_ny4_cadhkd_202409.json,2026-09-27T09:53:28+09:00
oanda_ny,CAD/HKD,2024-09-26,2024-09-27,0,0.0,0.0,10000,JPY,confirmed,https://www.oanda.jp/service/swappoint/swap_ny4_cadhkd_202409.json,2026-09-27T09:53:28+09:00
oanda_ny,CAD/HKD,2024-09-27,2024-09-30,1,-88.9829,-86.3827,10000,JPY,confirmed,https://www.oanda.jp/service/swappoint/swap_ny4_cadhkd_202409.json,2026-09-27T09:53:28+09:00
oanda_ny,CAD/HKD,2024-09-30,2024-10-01,0,0.0,0.0,10000,JPY,confirmed,https://www.oanda.jp/service/swappoint/swap_ny4_cadhkd_202409.json,2026-09-27T09:53:28+09:00
oanda_ny,CAD/HKD,2024-10-01,2024-10-02,1,-146.381,-87.6533,10000,JPY,confirmed,https://www.oanda.jp/service/swappoint/swap_ny4_cadhkd_202410.json,2026-09-27T09:53:42+09:00
oanda_ny,CAD/HKD,2024-10-02,2024-10-03,3,-384.176,-151.8835,10000,JPY,confirmed,https://www.oanda.jp/service/swappoint/swap_ny4_cadhkd_202410.json,2026-09-27T09:53:42+09:00
oanda_ny,CAD/HKD,2024-10-03,2024-10-04,1,-94.3504,-37.7997,10000,JPY,confirmed,https://www.oanda.jp/service/swappoint/swap_ny4_cadhkd_202410.json,2026-09-27T09:53:42+09:00
oanda_ny,CAD/HKD,2024-10-04,2024-10-07,1,-93.8232,-3.9093,10000,JPY,confirmed,https://www.oanda.jp/service/swappoint/swap_ny4_cadhkd_202410.json,2026-09-27T09:53:42+09:00
oanda_ny,CAD/HKD,2024-10-07,2024-10-08,1,-106.025,-3.5839,10000,JPY,confirmed,https://www.oanda.jp/service/swappoint/swap_ny4_cadhkd_202410.json,2026-09-27T09:53:42+09:00
oanda_ny,CAD/HKD,2024-10-08,2024-10-09,5,-553.0095,-225.0793,10000,JPY,confirmed,https://www.oanda.jp/service/swappoint/swap_ny4_cadhkd_202410.json,2026-09-27T09:53:42+09:00
oanda_ny,CAD/HKD,2024-10-09,2024-10-10,0,0.0,0.0,10000,JPY,confirmed,https://www.oanda.jp/service/swappoint/swap_ny4_cadhkd_202410.json,2026-09-27T09:53:42+09:00
oanda_ny,CAD/HKD,2024-10-10,2024-10-11,0,0.0,0.0,10000,JPY,confirmed,https://www.oanda.jp/service/swappoint/swap_ny4_cadhkd_202410.json,2026-09-27T09:53:42+09:00
oanda_ny,CAD/HKD,2024-10-11,2024-10-14,1,-173.4221,-124.0429,10000,JPY,confirmed,https://www.oanda.jp/service/swappoint/swap_ny4_cadhkd_202410.json,2026-09-27T09:53:42+09:00
oanda_ny,CAD/HKD,2024-10-14,2024-10-15,1,-77.7759,-11.6217,10000,JPY,confirmed,https://www.oanda.jp/service/swappoint/swap_ny4_cadhkd_202410.json,2026-09-27T09:53:42+09:00
oanda_ny,CAD/HKD,2024-10-15,2024-10-16,1,-70.181,-38.3616,10000,JPY,confirmed,https://www.oanda.jp/service/swappoint/swap_ny4_cadhkd_202410.json,2026-09-27T09:53:42+09:00
oanda_ny,CAD/HKD,2024-10-16,2024-10-17,3,-218.6888,-107.5519,10000,JPY,confirmed,https://www.oanda.jp/service/swappoint/swap_ny4_cadhkd_202410.json,2026-09-27T09:53:42+09:00
oanda_ny,CAD/HKD,2024-10-17,2024-10-18,1,-56.8031,-52.0197,10000,JPY,confirmed,https://www.oanda.jp/service/swappoint/swap_ny4_cadhkd_202410.json,2026-09-27T09:53:42+09:00
oanda_ny,CAD/HKD,2024-10-18,2024-10-21,1,-66.6358,-41.6474,10000,JPY,confirmed,https://www.oanda.jp/service/swappoint/swap_ny4_cadhkd_202410.json,2026-09-27T09:53:42+09:00
oanda_ny,CAD/HKD,2024-10-21,2024-10-22,1,-64.3634,-45.2041,10000,JPY,confirmed,https://www.oanda.jp/service/swappoint/swap_ny4_cadhkd_202410.json,2026-09-27T09:53:42+09:00
oanda_ny,CAD/HKD,2024-10-22,2024-10-23,1,-68.149,-40.8293,10000,JPY,confirmed,https://www.oanda.jp/service/swappoint/swap_ny4_cadhkd_202410.json,2026-09-27T09:53:42+09:00
oanda_ny,CAD/HKD,2024-10-23,2024-10-24,3,-143.6633,-67.2853,10000,JPY,confirmed,https://www.oanda.jp/service/swappoint/swap_ny4_cadhkd_202410.json,2026-09-27T09:53:42+09:00
oanda_ny,CAD/HKD,2024-10-24,2024-10-25,1,-47.2334,-21.6612,10000,JPY,confirmed,https://www.oanda.jp/service/swappoint/swap_ny4_cadhkd_202410.json,2026-09-27T09:53:42+09:00
oanda_ny,CAD/HKD,2024-10-25,2024-10-28,1,-49.9634,-22.5738,10000,JPY,confirmed,https://www.oanda.jp/service/swappoint/swap_ny4_cadhkd_202410.json,2026-09-27T09:53:42+09:00
oanda_ny,CAD/HKD,2024-10-28,2024-10-29,1,-72.7212,-40.2996,10000,JPY,confirmed,https://www.oanda.jp/service/swappoint/swap_ny4_cadhkd_202410.json,2026-09-27T09:53:42+09:00
oanda_ny,CAD/HKD,2024-10-29,2024-10-30,1,-73.8273,-9.9848,10000,JPY,confirmed,https://www.oanda.jp/service/swappoint/swap_ny4_cadhkd_202410.json,2026-09-27T09:53:42+09:00
oanda_ny,CAD/HKD,2024-10-30,2024-10-31,3,-182.6722,-78.1582,10000,JPY,confirmed,https://www.oanda.jp/service/swappoint/swap_ny4_cadhkd_202410.json,2026-09-27T09:53:42+09:00
oanda_ny,CAD/HKD,2024-10-31,2024-11-01,1,-60.2131,-26.0624,10000,JPY,confirmed,https://www.oanda.jp/service/swappoint/swap_ny4_cadhkd_202410.json,2026-09-27T09:53:42+09:00
oanda_ny,CAD/HKD,2024-11-01,2024-11-04,1,-53.2781,-34.3147,10000,JPY,confirmed,https://www.oanda.jp/service/swappoint/swap_ny4_cadhkd_202411.json,2026-09-27T09:53:57+09:00
oanda_ny,CAD/HKD,2024-11-04,2024-11-05,1,-54.0734,-32.1436,10000,JPY,confirmed,https://www.oanda.jp/service/swappoint/swap_ny4_cadhkd_202411.json,2026-09-27T09:53:57+09:00
oanda_ny,CAD/HKD,2024-11-05,2024-11-06,1,-68.0485,-54.1979,10000,JPY,confirmed,https://www.oanda.jp/service/swappoint/swap_ny4_cadhkd_202411.json,2026-09-27T09:53:57+09:00
oanda_ny,CAD/HKD,2024-11-06,2024-11-07,4,-306.9702,-235.1002,10000,JPY,confirmed,https://www.oanda.jp/service/swappoint/swap_ny4_cadhkd_202411.json,2026-09-27T09:53:57+09:00
oanda_ny,CAD/HKD,2024-11-07,2024-11-08,0,0.0,0.0,10000,JPY,confirmed,https://www.oanda.jp/service/swappoint/swap_ny4_cadhkd_202411.json,2026-09-27T09:53:57+09:00
oanda_ny,CAD/HKD,2024-11-08,2024-11-11,1,-75.5994,-58.1302,10000,JPY,confirmed,https://www.oanda.jp/service/swappoint/swap_ny4_cadhkd_202411.json,2026-09-27T09:53:57+09:00
oanda_ny,CAD/HKD,2024-11-11,2024-11-12,1,-51.5248,-32.4303,10000,JPY,confirmed,https://www.oanda.jp/service/swappoint/swap_ny4_cadhkd_202411.json,2026-09-27T09:53:57+09:00
oanda_ny,CAD/HKD,2024-11-12,2024-11-13,1,-51.4481,-35.3135,10000,JPY,confirmed,https://www.oanda.jp/service/swappoint/swap_ny4_cadhkd_202411.json,2026-09-27T09:53:57+09:00
oanda_ny,CAD/HKD,2024-11-13,2024-11-14,3,-157.3307,-92.3861,10000,JPY,confirmed,https://www.oanda.jp/service/swappoint/swap_ny4_cadhkd_202411.json,2026-09-27T09:53:57+09:00
oanda_ny,CAD/HKD,2024-11-14,2024-11-15,1,-51.8758,-31.7358,10000,JPY,confirmed,https://www.oanda.jp/service/swappoint/swap_ny4_cadhkd_202411.json,2026-09-27T09:53:57+09:00
oanda_ny,CAD/HKD,2024-11-15,2024-11-18,1,-48.4275,-34.8919,10000,JPY,confirmed,https://www.oanda.jp/service/swappoint/swap_ny4_cadhkd_202411.json,2026-09-27T09:53:57+09:00
oanda_ny,CAD/HKD,2024-11-18,2024-11-19,1,-42.7214,-33.9347,10000,JPY,confirmed,https://www.oanda.jp/service/swappoint/swap_ny4_cadhkd_202411.json,2026-09-27T09:53:57+09:00
oanda_ny,CAD/HKD,2024-11-19,2024-11-20,1,-49.5867,-34.9845,10000,JPY,confirmed,https://www.oanda.jp/service/swappoint/swap_ny4_cadhkd_202411.json,2026-09-27T09:53:57+09:00
oanda_ny,CAD/HKD,2024-11-20,2024-11-21,3,-137.3886,-94.3402,10000,JPY,confirmed,https://www.oanda.jp/service/swappoint/swap_ny4_cadhkd_202411.json,2026-09-27T09:53:57+09:00
oanda_ny,CAD/HKD,2024-11-21,2024-11-22,1,-44.3285,-30.362,10000,JPY,confirmed,https://www.oanda.jp/service/swappoint/swap_ny4_cadhkd_202411.json,2026-09-27T09:53:57+09:00
oanda_ny,CAD/HKD,2024-11-22,2024-11-25,1,-47.4092,-30.0866,10000,JPY,confirmed,https://www.oanda.jp/service/swappoint/swap_ny4_cadhkd_202411.json,2026-09-27T09:53:57+09:00
oanda_ny,CAD/HKD,2024-11-25,2024-11-26,2,-112.585,-41.1601,10000,JPY,confirmed,https://www.oanda.jp/service/swappoint/swap_ny4_cadhkd_202411.json,2026-09-27T09:53:57+09:00
oanda_ny,CAD/HKD,2024-11-26,2024-11-27,0,0.0,0.0,10000,JPY,confirmed,https://www.oanda.jp/service/swappoint/swap_ny4_cadhkd_202411.json,2026-09-27T09:53:57+09:00
oanda_ny,CAD/HKD,2024-11-27,2024-11-28,3,-211.1199,-3.5482,10000,JPY,confirmed,https://www.oanda.jp/service/swappoint/swap_ny4_cadhkd_202411.json,2026-09-27T09:53:57+09:00
oanda_ny,CAD/HKD,2024-11-28,2024-11-29,1,-45.7221,-29.6897,10000,JPY,confirmed,https://www.oanda.jp/service/swappoint/swap_ny4_cadhkd_202411.json,2026-09-27T09:53:57+09:00
oanda_ny,CAD/HKD,2024-11-29,2024-12-02,1,-46.9426,-24.0581,10000,JPY,confirmed,https://www.oanda.jp/service/swappoint/swap_ny4_cadhkd_202411.json,2026-09-27T09:53:57+09:00
oanda_ny,CAD/HKD,2024-12-02,2024-12-03,1,-45.6114,-28.6533,10000,JPY,confirmed,https://www.oanda.jp/service/swappoint/swap_ny4_cadhkd_202412.json,2026-09-27T09:54:11+09:00
oanda_ny,CAD/HKD,2024-12-03,2024-12-04,1,-45.2416,-25.3937,10000,JPY,confirmed,https://www.oanda.jp/service/swappoint/swap_ny4_cadhkd_202412.json,2026-09-27T09:54:11+09:00
oanda_ny,CAD/HKD,2024-12-04,2024-12-05,3,-116.3546,-96.0807,10000,JPY,confirmed,https://www.oanda.jp/service/swappoint/swap_ny4_cadhkd_202412.json,2026-09-27T09:54:11+09:00
oanda_ny,CAD/HKD,2024-12-05,2024-12-06,1,-42.6046,-28.2072,10000,JPY,confirmed,https://www.oanda.jp/service/swappoint/swap_ny4_cadhkd_202412.json,2026-09-27T09:54:11+09:00
oanda_ny,CAD/HKD,2024-12-06,2024-12-09,1,-45.678,-25.021,10000,JPY,confirmed,https://www.oanda.jp/service/swappoint/swap_ny4_cadhkd_202412.json,2026-09-27T09:54:11+09:00
oanda_ny,CAD/HKD,2024-12-09,2024-12-10,1,-54.781,-19.6274,10000,JPY,confirmed,https://www.oanda.jp/service/swappoint/swap_ny4_cadhkd_202412.json,2026-09-27T09:54:11+09:00
oanda_ny,CAD/HKD,2024-12-10,2024-12-11,1,-92.9666,-23.8301,10000,JPY,confirmed,https://www.oanda.jp/service/swappoint/swap_ny4_cadhkd_202412.json,2026-09-27T09:54:11+09:00
oanda_ny,CAD/HKD,2024-12-11,2024-12-12,3,-235.0224,-51.4389,10000,JPY,confirmed,https://www.oanda.jp/service/swappoint/swap_ny4_cadhkd_202412.json,2026-09-27T09:54:11+09:00
oanda_ny,CAD/HKD,2024-12-12,2024-12-13,1,-78.9783,-16.5029,10000,JPY,confirmed,https://www.oanda.jp/service/swappoint/swap_ny4_cadhkd_202412.json,2026-09-27T09:54:11+09:00
oanda_ny,CAD/HKD,2024-12-13,2024-12-16,1,-75.2674,-19.854,10000,JPY,confirmed,https://www.oanda.jp/service/swappoint/swap_ny4_cadhkd_202412.json,2026-09-27T09:54:11+09:00
oanda_ny,CAD/HKD,2024-12-16,2024-12-17,1,-71.6044,-10.9932,10000,JPY,confirmed,https://www.oanda.jp/service/swappoint/swap_ny4_cadhkd_202412.json,2026-09-27T09:54:11+09:00
oanda_ny,CAD/HKD,2024-12-17,2024-12-18,1,-243.2299,-178.1527,10000,JPY,confirmed,https://www.oanda.jp/service/swappoint/swap_ny4_cadhkd_202412.json,2026-09-27T09:54:11+09:00
oanda_ny,CAD/HKD,2024-12-18,2024-12-19,3,-243.6029,18.461,10000,JPY,confirmed,https://www.oanda.jp/service/swappoint/swap_ny4_cadhkd_202412.json,2026-09-27T09:54:11+09:00
oanda_ny,CAD/HKD,2024-12-19,2024-12-20,1,-82.8497,6.2786,10000,JPY,confirmed,https://www.oanda.jp/service/swappoint/swap_ny4_cadhkd_202412.json,2026-09-27T09:54:11+09:00
oanda_ny,CAD/HKD,2024-12-20,2024-12-23,3,-247.3648,18.7461,10000,JPY,confirmed,https://www.oanda.jp/service/swappoint/swap_ny4_cadhkd_202412.json,2026-09-27T09:54:11+09:00
oanda_ny,CAD/HKD,2024-12-23,2024-12-24,3,-248.5695,18.8374,10000,JPY,confirmed,https://www.oanda.jp/service/swappoint/swap_ny4_cadhkd_202412.json,2026-09-27T09:54:11+09:00
oanda_ny,CAD/HKD,2024-12-24,2024-12-25,0,0.0,0.0,10000,JPY,confirmed,https://www.oanda.jp/service/swappoint/swap_ny4_cadhkd_202412.json,2026-09-27T09:54:11+09:00
oanda_ny,CAD/HKD,2024-12-25,2024-12-26,0,0.0,0.0,10000,JPY,confirmed,https://www.oanda.jp/service/swappoint/swap_ny4_cadhkd_202412.json,2026-09-27T09:54:11+09:00
oanda_ny,CAD/HKD,2024-12-26,2024-12-27,1,-83.1202,6.2991,10000,JPY,confirmed,https://www.oanda.jp/service/swappoint/swap_ny4_cadhkd_202412.json,2026-09-27T09:54:11+09:00
oanda_ny,CAD/HKD,2024-12-27,2024-12-30,2,-165.9888,12.5792,10000,JPY,confirmed,https://www.oanda.jp/service/swappoint/swap_ny4_cadhkd_202412.json,2026-09-27T09:54:11+09:00
oanda_ny,CAD/HKD,2024-12-30,2024-12-31,1,-82.8171,6.2761,10000,JPY,confirmed,https://www.oanda.jp/service/swappoint/swap_ny4_cadhkd_202412.json,2026-09-27T09:54:11+09:00
oanda_ny,CAD/HKD,2024-12-31,2025-01-01,0,0.0,0.0,10000,JPY,confirmed,https://www.oanda.jp/service/swappoint/swap_ny4_cadhkd_202412.json,2026-09-27T09:54:11+09:00
oanda_ny,CAD/HKD,2025-01-01,2025-01-02,3,-248.4808,18.8307,10000,JPY,confirmed,https://www.oanda.jp/service/swappoint/swap_ny4_cadhkd_202501.json,2026-09-27T09:54:26+09:00
oanda_ny,CAD/HKD,2025-01-02,2025-01-03,1,-82.5895,-18.0195,10000,JPY,confirmed,https://www.oanda.jp/service/swappoint/swap_ny4_cadhkd_202501.json,2026-09-27T09:54:26+09:00
oanda_ny,CAD/HKD,2025-01-03,2025-01-06,1,-74.1335,-10.1635,10000,JPY,confirmed,https://www.oanda.jp/service/swappoint/swap_ny4_cadhkd_202501.json,2026-09-27T09:54:26+09:00
oanda_ny,CAD/HKD,2025-01-06,2025-01-07,1,-72.1662,-5.4351,10000,JPY,confirmed,https://www.oanda.jp/service/swappoint/swap_ny4_cadhkd_202501.json,2026-09-27T09:54:26+09:00
oanda_ny,CAD/HKD,2025-01-07,2025-01-08,1,-73.076,-0.9059,10000,JPY,confirmed,https://www.oanda.jp/service/swappoint/swap_ny4_cadhkd_202501.json,2026-09-27T09:54:26+09:00
oanda_ny,CAD/HKD,2025-01-08,2025-01-09,3,-180.5563,-34.4781,10000,JPY,confirmed,https://www.oanda.jp/service/swappoint/swap_ny4_cadhkd_202501.json,2026-09-27T09:54:26+09:00
oanda_ny,CAD/HKD,2025-01-09,2025-01-10,1,-66.0454,-6.9363,10000,JPY,confirmed,https://www.oanda.jp/service/swappoint/swap_ny4_cadhkd_202501.json,2026-09-27T09:54:26+09:00
oanda_ny,CAD/HKD,2025-01-10,2025-01-13,1,-56.4591,-16.5173,10000,JPY,confirmed,https://www.oanda.jp/service/swappoint/swap_ny4_cadhkd_202501.json,2026-09-27T09:54:26+09:00
oanda_ny,CAD/HKD,2025-01-13,2025-01-14,1,-121.4779,-84.4933,10000,JPY,confirmed,https://www.oanda.jp/service/swappoint/swap_ny4_cadhkd_202501.json,2026-09-27T09:54:26+09:00
oanda_ny,CAD/HKD,2025-01-14,2025-01-15,1,-50.4776,-27.2035,10000,JPY,confirmed,https://www.oanda.jp/service/swappoint/swap_ny4_cadhkd_202501.json,2026-09-27T09:54:26+09:00
oanda_ny,CAD/HKD,2025-01-15,2025-01-16,4,-185.7184,-121.0165,10000,JPY,confirmed,https://www.oanda.jp/service/swappoint/swap_ny4_cadhkd_202501.json,2026-09-27T09:54:26+09:00
oanda_ny,CAD/HKD,2025-01-16,2025-01-17,0,0.0,0.0,10000,JPY,confirmed,https://www.oanda.jp/service/swappoint/swap_ny4_cadhkd_202501.json,2026-09-27T09:54:26+09:00
oanda_ny,CAD/HKD,2025-01-17,2025-01-20,1,-34.3709,-34.3709,10000,JPY,confirmed,https://www.oanda.jp/service/swappoint/swap_ny4_cadhkd_202501.json,2026-09-27T09:54:26+09:00
oanda_ny,CAD/HKD,2025-01-20,2025-01-21,1,-45.3782,-30.7497,10000,JPY,confirmed,https://www.oanda.jp/service/swappoint/swap_ny4_cadhkd_202501.json,2026-09-27T09:54:26+09:00
oanda_ny,CAD/HKD,2025-01-21,2025-01-22,1,-42.6184,-35.7637,10000,JPY,confirmed,https://www.oanda.jp/service/swappoint/swap_ny4_cadhkd_202501.json,2026-09-27T09:54:26+09:00
oanda_ny,CAD/HKD,2025-01-22,2025-01-23,3,-105.8021,-143.4605,10000,JPY,confirmed,https://www.oanda.jp/service/swappoint/swap_ny4_cadhkd_202501.json,2026-09-27T09:54:26+09:00
oanda_ny,CAD/HKD,2025-01-23,2025-01-24,1,-74.7719,-50.3444,10000,JPY,confirmed,https://www.oanda.jp/service/swappoint/swap_ny4_cadhkd_202501.json,2026-09-27T09:54:26+09:00
oanda_ny,CAD/HKD,2025-01-24,2025-01-27,6,-562.3687,62.4342,10000,JPY,confirmed,https://www.oanda.jp/service/swappoint/swap_ny4_cadhkd_202501.json,2026-09-27T09:54:26+09:00
oanda_ny,CAD/HKD,2025-01-27,2025-01-28,1,-92.6601,10.2871,10000,JPY,confirmed,https://www.oanda.jp/service/swappoint/swap_ny4_cadhkd_202501.json,2026-09-27T09:54:26+09:00
oanda_ny,CAD/HKD,2025-01-28,2025-01-29,0,0.0,0.0,10000,JPY,confirmed,https://www.oanda.jp/service/swappoint/swap_ny4_cadhkd_202501.json,2026-09-27T09:54:26+09:00
oanda_ny,CAD/HKD,2025-01-29,2025-01-30,0,0.0,0.0,10000,JPY,confirmed,https://www.oanda.jp/service/swappoint/swap_ny4_cadhkd_202501.json,2026-09-27T09:54:26+09:00
oanda_ny,CAD/HKD,2025-01-30,2025-01-31,0,0.0,0.0,10000,JPY,confirmed,https://www.oanda.jp/service/swappoint/swap_ny4_cadhkd_202501.json,2026-09-27T09:54:26+09:00
oanda_ny,CAD/HKD,2025-01-31,2025-02-03,1,-92.3888,-38.1287,10000,JPY,confirmed,https://www.oanda.jp/service/swappoint/swap_ny4_cadhkd_202501.json,2026-09-27T09:54:26+09:00
oanda_ny,CAD/HKD,2025-02-03,2025-02-04,1,-78.0251,-20.6104,10000,JPY,confirmed,https://www.oanda.jp/service/swappoint/swap_ny4_cadhkd_202502.json,2026-09-27T09:54:40+09:00
oanda_ny,CAD/HKD,2025-02-04,2025-02-05,1,-184.5801,-111.5171,10000,JPY,confirmed,https://www.oanda.jp/service/swappoint/swap_ny4_cadhkd_202502.json,2026-09-27T09:54:40+09:00
oanda_ny,CAD/HKD,2025-02-05,2025-02-06,3,-607.4158,-406.4068,10000,JPY,confirmed,https://www.oanda.jp/service/swappoint/swap_ny4_cadhkd_202502.json,2026-09-27T09:54:40+09:00
oanda_ny,CAD/HKD,2025-02-06,2025-02-07,1,-183.4114,-106.3844,10000,JPY,confirmed,https://www.oanda.jp/service/swappoint/swap_ny4_cadhkd_202502.json,2026-09-27T09:54:40+09:00
oanda_ny,CAD/HKD,2025-02-07,2025-02-10,1,-130.5838,-67.764,10000,JPY,confirmed,https://www.oanda.jp/service/swappoint/swap_ny4_cadhkd_202502.json,2026-09-27T09:54:40+09:00
oanda_ny,CAD/HKD,2025-02-10,2025-02-11,1,-163.8274,-127.0974,10000,JPY,confirmed,https://www.oanda.jp/service/swappoint/swap_ny4_cadhkd_202502.json,2026-09-27T09:54:40+09:00
oanda_ny,CAD/HKD,2025-02-11,2025-02-12,1,-250.2958,-227.1419,10000,JPY,confirmed,https://www.oanda.jp/service/swappoint/swap_ny4_cadhkd_202502.json,2026-09-27T09:54:40+09:00
oanda_ny,CAD/HKD,2025-02-12,2025-02-13,4,-1061.7657,-867.4247,10000,JPY,confirmed,https://www.oanda.jp/service/swappoint/swap_ny4_cadhkd_202502.json,2026-09-27T09:54:40+09:00
oanda_ny,CAD/HKD,2025-02-13,2025-02-14,0,0.0,0.0,10000,JPY,confirmed,https://www.oanda.jp/service/swappoint/swap_ny4_cadhkd_202502.json,2026-09-27T09:54:40+09:00
oanda_ny,CAD/HKD,2025-02-14,2025-02-17,1,-283.0601,-244.1393,10000,JPY,confirmed,https://www.oanda.jp/service/swappoint/swap_ny4_cadhkd_202502.json,2026-09-27T09:54:40+09:00
oanda_ny,CAD/HKD,2025-02-17,2025-02-18,1,-182.4261,-110.5701,10000,JPY,confirmed,https://www.oanda.jp/service/swappoint/swap_ny4_cadhkd_202502.json,2026-09-27T09:54:40+09:00
oanda_ny,CAD/HKD,2025-02-18,2025-02-19,1,-104.6955,-25.8798,10000,JPY,confirmed,https://www.oanda.jp/service/swappoint/swap_ny4_cadhkd_202502.json,2026-09-27T09:54:40+09:00
oanda_ny,CAD/HKD,2025-02-19,2025-02-20,3,-350.4288,-115.6415,10000,JPY,confirmed,https://www.oanda.jp/service/swappoint/swap_ny4_cadhkd_202502.json,2026-09-27T09:54:40+09:00
oanda_ny,CAD/HKD,2025-02-20,2025-02-21,1,-106.3527,-46.6561,10000,JPY,confirmed,https://www.oanda.jp/service/swappoint/swap_ny4_cadhkd_202502.json,2026-09-27T09:54:40+09:00
oanda_ny,CAD/HKD,2025-02-21,2025-02-24,1,-121.0059,-75.7727,10000,JPY,confirmed,https://www.oanda.jp/service/swappoint/swap_ny4_cadhkd_202502.json,2026-09-27T09:54:40+09:00
oanda_ny,CAD/HKD,2025-02-24,2025-02-25,1,-59.09,-24.789,10000,JPY,confirmed,https://www.oanda.jp/service/swappoint/swap_ny4_cadhkd_202502.json,2026-09-27T09:54:40+09:00
oanda_ny,CAD/HKD,2025-02-25,2025-02-26,1,-66.0117,-27.1477,10000,JPY,confirmed,https://www.oanda.jp/service/swappoint/swap_ny4_cadhkd_202502.json,2026-09-27T09:54:40+09:00
oanda_ny,CAD/HKD,2025-02-26,2025-02-27,3,-333.1705,-47.1064,10000,JPY,confirmed,https://www.oanda.jp/service/swappoint/swap_ny4_cadhkd_202502.json,2026-09-27T09:54:40+09:00
oanda_ny,CAD/HKD,2025-02-27,2025-02-28,1,-99.1414,-61.5361,10000,JPY,confirmed,https://www.oanda.jp/service/swappoint/swap_ny4_cadhkd_202502.json,2026-09-27T09:54:40+09:00
oanda_ny,CAD/HKD,2025-02-28,2025-03-03,1,-62.5897,-30.0088,10000,JPY,confirmed,https://www.oanda.jp/service/swappoint/swap_ny4_cadhkd_202502.json,2026-09-27T09:54:40+09:00
oanda_ny,CAD/HKD,2025-03-03,2025-03-04,1,-57.8245,-34.2979,10000,JPY,confirmed,https://www.oanda.jp/service/swappoint/swap_ny4_cadhkd_202503.json,2026-09-27T09:54:55+09:00
oanda_ny,CAD/HKD,2025-03-04,2025-03-05,1,-54.8521,-38.2822,10000,JPY,confirmed,https://www.oanda.jp/service/swappoint/swap_ny4_cadhkd_202503.json,2026-09-27T09:54:55+09:00
oanda_ny,CAD/HKD,2025-03-05,2025-03-06,3,-196.6626,-184.6918,10000,JPY,confirmed,https://www.oanda.jp/service/swappoint/swap_ny4_cadhkd_202503.json,2026-09-27T09:54:55+09:00
oanda_ny,CAD/HKD,2025-03-06,2025-03-07,1,-48.5968,-44.6181,10000,JPY,confirmed,https://www.oanda.jp/service/swappoint/swap_ny4_cadhkd_202503.json,2026-09-27T09:54:55+09:00
oanda_ny,CAD/HKD,2025-03-07,2025-03-10,1,-58.5385,-33.6526,10000,JPY,confirmed,https://www.oanda.jp/service/swappoint/swap_ny4_cadhkd_202503.json,2026-09-27T09:54:55+09:00
oanda_ny,CAD/HKD,2025-03-10,2025-03-11,1,-65.5097,-15.3976,10000,JPY,confirmed,https://www.oanda.jp/service/swappoint/swap_ny4_cadhkd_202503.json,2026-09-27T09:54:55+09:00
oanda_ny,CAD/HKD,2025-03-11,2025-03-12,1,-74.4808,-7.0265,10000,JPY,confirmed,https://www.oanda.jp/service/swappoint/swap_ny4_cadhkd_202503.json,2026-09-27T09:54:55+09:00
oanda_ny,CAD/HKD,2025-03-12,2025-03-13,3,-192.0288,-50.1314,10000,JPY,confirmed,https://www.oanda.jp/service/swappoint/swap_ny4_cadhkd_202503.json,2026-09-27T09:54:55+09:00
oanda_ny,CAD/HKD,2025-03-13,2025-03-14,1,-54.5139,-25.5709,10000,JPY,confirmed,https://www.oanda.jp/service/swappoint/swap_ny4_cadhkd_202503.json,2026-09-27T09:54:55+09:00
oanda_ny,CAD/HKD,2025-03-14,2025-03-17,1,-51.115,-29.2491,10000,JPY,confirmed,https://www.oanda.jp/service/swappoint/swap_ny4_cadhkd_202503.json,2026-09-27T09:54:55+09:00
oanda_ny,CAD/HKD,2025-03-17,2025-03-18,1,-51.8919,-29.8163,10000,JPY,confirmed,https://www.oanda.jp/service/swappoint/swap_ny4_cadhkd_202503.json,2026-09-27T09:54:55+09:00
oanda_ny,CAD/HKD,2025-03-18,2025-03-19,1,-73.0948,-31.2444,10000,JPY,confirmed,https://www.oanda.jp/service/swappoint/swap_ny4_cadhkd_202503.json,2026-09-27T09:54:55+09:00
oanda_ny,CAD/HKD,2025-03-19,2025-03-20,3,-161.5866,-82.0758,10000,JPY,confirmed,https://www.oanda.jp/service/swappoint/swap_ny4_cadhkd_202503.json,2026-09-27T09:54:55+09:00
oanda_ny,CAD/HKD,2025-03-20,2025-03-21,1,-56.4727,-25.3842,10000,JPY,confirmed,https://www.oanda.jp/service/swappoint/swap_ny4_cadhkd_202503.json,2026-09-27T09:54:55+09:00
oanda_ny,CAD/HKD,2025-03-21,2025-03-24,1,-54.5339,-27.4097,10000,JPY,confirmed,https://www.oanda.jp/service/swappoint/swap_ny4_cadhkd_202503.json,2026-09-27T09:54:55+09:00
oanda_ny,CAD/HKD,2025-03-24,2025-03-25,1,-49.4085,-33.2279,10000,JPY,confirmed,https://www.oanda.jp/service/swappoint/swap_ny4_cadhkd_202503.json,2026-09-27T09:54:55+09:00
oanda_ny,CAD/HKD,2025-03-25,2025-03-26,1,-52.4589,-30.2647,10000,JPY,confirmed,https://www.oanda.jp/service/swappoint/swap_ny4_cadhkd_202503.json,2026-09-27T09:54:55+09:00
oanda_ny,CAD/HKD,2025-03-26,2025-03-27,3,-152.9856,-95.616,10000,JPY,confirmed,https://www.oanda.jp/service/swappoint/swap_ny4_cadhkd_202503.json,2026-09-27T09:54:55+09:00
oanda_ny,CAD/HKD,2025-03-27,2025-03-28,1,-108.4213,25.409,10000,JPY,confirmed,https://www.oanda.jp/service/swappoint/swap_ny4_cadhkd_202503.json,2026-09-27T09:54:55+09:00
oanda_ny,CAD/HKD,2025-03-28,2025-03-31,1,-55.7366,-26.4318,10000,JPY,confirmed,https://www.oanda.jp/service/swappoint/swap_ny4_cadhkd_202503.json,2026-09-27T09:54:55+09:00
oanda_ny,CAD/HKD,2025-03-31,2025-04-01,1,-54.0781,-16.5954,10000,JPY,confirmed,https://www.oanda.jp/service/swappoint/swap_ny4_cadhkd_202503.json,2026-09-27T09:54:55+09:00
oanda_ny,CAD/HKD,2025-04-01,2025-04-02,4,-196.4152,-87.2956,10000,JPY,confirmed,https://www.oanda.jp/service/swappoint/swap_ny4_cadhkd_202504.json,2026-09-27T09:55:10+09:00
oanda_ny,CAD/HKD,2025-04-02,2025-04-03,1,-46.2963,-24.7297,10000,JPY,confirmed,https://www.oanda.jp/service/swappoint/swap_ny4_cadhkd_202504.json,2026-09-27T09:55:10+09:00
oanda_ny,CAD/HKD,2025-04-03,2025-04-04,0,0.0,0.0,10000,JPY,confirmed,https://www.oanda.jp/service/swappoint/swap_ny4_cadhkd_202504.json,2026-09-27T09:55:10+09:00
oanda_ny,CAD/HKD,2025-04-04,2025-04-07,1,-100.395,-71.4676,10000,JPY,confirmed,https://www.oanda.jp/service/swappoint/swap_ny4_cadhkd_202504.json,2026-09-27T09:55:10+09:00
oanda_ny,CAD/HKD,2025-04-07,2025-04-08,1,-59.2575,-24.7856,10000,JPY,confirmed,https://www.oanda.jp/service/swappoint/swap_ny4_cadhkd_202504.json,2026-09-27T09:55:10+09:00
oanda_ny,CAD/HKD,2025-04-08,2025-04-09,1,-46.4618,-23.6533,10000,JPY,confirmed,https://www.oanda.jp/service/swappoint/swap_ny4_cadhkd_202504.json,2026-09-27T09:55:10+09:00
oanda_ny,CAD/HKD,2025-04-09,2025-04-10,3,-169.4018,-53.5863,10000,JPY,confirmed,https://www.oanda.jp/service/swappoint/swap_ny4_cadhkd_202504.json,2026-09-27T09:55:10+09:00
oanda_ny,CAD/HKD,2025-04-10,2025-04-11,1,-61.2586,-20.7031,10000,JPY,confirmed,https://www.oanda.jp/service/swappoint/swap_ny4_cadhkd_202504.json,2026-09-27T09:55:10+09:00
oanda_ny,CAD/HKD,2025-04-11,2025-04-14,1,-61.9365,-9.3757,10000,JPY,confirmed,https://www.oanda.jp/service/swappoint/swap_ny4_cadhkd_202504.json,2026-09-27T09:55:10+09:00
oanda_ny,CAD/HKD,2025-04-14,2025-04-15,1,-56.8836,-14.4332,10000,JPY,confirmed,https://www.oanda.jp/service/swappoint/swap_ny4_cadhkd_202504.json,2026-09-27T09:55:10+09:00
oanda_ny,CAD/HKD,2025-04-15,2025-04-16,5,-309.8511,-92.9553,10000,JPY,confirmed,https://www.oanda.jp/service/swappoint/swap_ny4_cadhkd_202504.json,2026-09-27T09:55:10+09:00
oanda_ny,CAD/HKD,2025-04-16,2025-04-17,1,-60.9756,-12.0827,10000,JPY,confirmed,https://www.oanda.jp/service/swappoint/swap_ny4_cadhkd_202504.json,2026-09-27T09:55:10+09:00
oanda_ny,CAD/HKD,2025-04-17,2025-04-18,0,0.0,0.0,10000,JPY,confirmed,https://www.oanda.jp/service/swappoint/swap_ny4_cadhkd_202504.json,2026-09-27T09:55:10+09:00
oanda_ny,CAD/HKD,2025-04-18,2025-04-21,0,0.0,0.0,10000,JPY,confirmed,https://www.oanda.jp/service/swappoint/swap_ny4_cadhkd_202504.json,2026-09-27T09:55:10+09:00
oanda_ny,CAD/HKD,2025-04-21,2025-04-22,1,-66.2182,-20.3963,10000,JPY,confirmed,https://www.oanda.jp/service/swappoint/swap_ny4_cadhkd_202504.json,2026-09-27T09:55:10+09:00
oanda_ny,CAD/HKD,2025-04-22,2025-04-23,1,-63.0459,-2.2516,10000,JPY,confirmed,https://www.oanda.jp/service/swappoint/swap_ny4_cadhkd_202504.json,2026-09-27T09:55:10+09:00
oanda_ny,CAD/HKD,2025-04-23,2025-04-24,3,-199.1423,2.5429,10000,JPY,confirmed,https://www.oanda.jp/service/swappoint/swap_ny4_cadhkd_202504.json,2026-09-27T09:55:10+09:00
oanda_ny,CAD/HKD,2025-04-25,2025-04-28,1,-84.001,11.9117,10000,JPY,confirmed,https://www.oanda.jp/service/swappoint/swap_ny4_cadhkd_202504.json,2026-09-27T09:55:10+09:00
oanda_ny,CAD/HKD,2025-04-28,2025-04-29,2,-178.7609,35.9465,10000,JPY,confirmed,https://www.oanda.jp/service/swappoint/swap_ny4_cadhkd_202504.json,2026-09-27T09:55:10+09:00
oanda_ny,CAD/HKD,2025-04-29,2025-04-30,4,-308.5329,22.5129,10000,JPY,confirmed,https://www.oanda.jp/service/swappoint/swap_ny4_cadhkd_202504.json,2026-09-27T09:55:10+09:00
oanda_ny,CAD/HKD,2025-04-30,2025-05-01,0,0.0,0.0,10000,JPY,confirmed,https://www.oanda.jp/service/swappoint/swap_ny4_cadhkd_202504.json,2026-09-27T09:55:10+09:00
oanda_ny,CAD/HKD,2025-05-01,2025-05-02,1,-114.1217,-27.9541,10000,JPY,confirmed,https://www.oanda.jp/service/swappoint/swap_ny4_cadhkd_202505.json,2026-09-27T09:55:24+09:00
oanda_ny,CAD/HKD,2025-05-02,2025-05-05,0,0.0,0.0,10000,JPY,confirmed,https://www.oanda.jp/service/swappoint/swap_ny4_cadhkd_202505.json,2026-09-27T09:55:24+09:00
oanda_ny,CAD/HKD,2025-05-05,2025-05-06,1,-148.1125,-47.3732,10000,JPY,confirmed,https://www.oanda.jp/service/swappoint/swap_ny4_cadhkd_202505.json,2026-09-27T09:55:24+09:00
oanda_ny,CAD/HKD,2025-05-06,2025-05-07,1,-65.5608,-47.3968,10000,JPY,confirmed,https://www.oanda.jp/service/swappoint/swap_ny4_cadhkd_202505.json,2026-09-27T09:55:24+09:00
oanda_ny,CAD/HKD,2025-05-07,2025-05-08,3,-71.0393,-137.799,10000,JPY,confirmed,https://www.oanda.jp/service/swappoint/swap_ny4_cadhkd_202505.json,2026-09-27T09:55:24+09:00
oanda_ny,CAD/HKD,2025-05-08,2025-05-09,1,31.2368,-112.2127,10000,JPY,confirmed,https://www.oanda.jp/service/swappoint/swap_ny4_cadhkd_202505.json,2026-09-27T09:55:24+09:00
oanda_ny,CAD/HKD,2025-05-09,2025-05-12,1,14.8297,-98.784,10000,JPY,confirmed,https://www.oanda.jp/service/swappoint/swap_ny4_cadhkd_202505.json,2026-09-27T09:55:24+09:00
oanda_ny,CAD/HKD,2025-05-12,2025-05-13,1,-22.7511,-177.0503,10000,JPY,confirmed,https://www.oanda.jp/service/swappoint/swap_ny4_cadhkd_202505.json,2026-09-27T09:55:24+09:00
oanda_ny,CAD/HKD,2025-05-13,2025-05-14,1,22.8599,-118.2437,10000,JPY,confirmed,https://www.oanda.jp/service/swappoint/swap_ny4_cadhkd_202505.json,2026-09-27T09:55:24+09:00
oanda_ny,CAD/HKD,2025-05-14,2025-05-15,4,114.7804,-406.7987,10000,JPY,confirmed,https://www.oanda.jp/service/swappoint/swap_ny4_cadhkd_202505.json,2026-09-27T09:55:24+09:00
oanda_ny,CAD/HKD,2025-05-15,2025-05-16,0,0.0,0.0,10000,JPY,confirmed,https://www.oanda.jp/service/swappoint/swap_ny4_cadhkd_202505.json,2026-09-27T09:55:24+09:00
oanda_ny,CAD/HKD,2025-05-16,2025-05-19,1,35.0646,-108.7638,10000,JPY,confirmed,https://www.oanda.jp/service/swappoint/swap_ny4_cadhkd_202505.json,2026-09-27T09:55:24+09:00
oanda_ny,CAD/HKD,2025-05-19,2025-05-20,1,38.0451,-108.0365,10000,JPY,confirmed,https://www.oanda.jp/service/swappoint/swap_ny4_cadhkd_202505.json,2026-09-27T09:55:24+09:00
oanda_ny,CAD/HKD,2025-05-20,2025-05-21,1,39.7509,-109.7532,10000,JPY,confirmed,https://www.oanda.jp/service/swappoint/swap_ny4_cadhkd_202505.json,2026-09-27T09:55:24+09:00
oanda_ny,CAD/HKD,2025-05-21,2025-05-22,4,129.245,-420.0224,10000,JPY,confirmed,https://www.oanda.jp/service/swappoint/swap_ny4_cadhkd_202505.json,2026-09-27T09:55:24+09:00
oanda_ny,CAD/HKD,2025-05-22,2025-05-23,0,0.0,0.0,10000,JPY,confirmed,https://www.oanda.jp/service/swappoint/swap_ny4_cadhkd_202505.json,2026-09-27T09:55:24+09:00
oanda_ny,CAD/HKD,2025-05-23,2025-05-26,1,40.0271,-110.017,10000,JPY,confirmed,https://www.oanda.jp/service/swappoint/swap_ny4_cadhkd_202505.json,2026-09-27T09:55:24+09:00
oanda_ny,CAD/HKD,2025-05-26,2025-05-27,1,37.5325,-107.6247,10000,JPY,confirmed,https://www.oanda.jp/service/swappoint/swap_ny4_cadhkd_202505.json,2026-09-27T09:55:24+09:00
oanda_ny,CAD/HKD,2025-05-27,2025-05-28,1,27.7183,-121.6462,10000,JPY,confirmed,https://www.oanda.jp/service/swappoint/swap_ny4_cadhkd_202505.json,2026-09-27T09:55:24+09:00
oanda_ny,CAD/HKD,2025-05-28,2025-05-29,3,96.1904,-336.2913,10000,JPY,confirmed,https://www.oanda.jp/service/swappoint/swap_ny4_cadhkd_202505.json,2026-09-27T09:55:24+09:00
oanda_ny,CAD/HKD,2025-05-29,2025-05-30,1,33.4104,-113.248,10000,JPY,confirmed,https://www.oanda.jp/service/swappoint/swap_ny4_cadhkd_202505.json,2026-09-27T09:55:24+09:00
oanda_ny,CAD/HKD,2025-05-30,2025-06-02,1,36.414,-109.9676,10000,JPY,confirmed,https://www.oanda.jp/service/swappoint/swap_ny4_cadhkd_202505.json,2026-09-27T09:55:24+09:00
oanda_ny,CAD/HKD,2025-06-02,2025-06-03,1,30.1629,-110.2788,10000,JPY,confirmed,https://www.oanda.jp/service/swappoint/swap_ny4_cadhkd_202506.json,2026-09-27T09:55:39+09:00
oanda_ny,CAD/HKD,2025-06-03,2025-06-04,1,25.8288,-120.153,10000,JPY,confirmed,https://www.oanda.jp/service/swappoint/swap_ny4_cadhkd_202506.json,2026-09-27T09:55:39+09:00
oanda_ny,CAD/HKD,2025-06-04,2025-06-05,3,113.8705,-334.3847,10000,JPY,confirmed,https://www.oanda.jp/service/swappoint/swap_ny4_cadhkd_202506.json,2026-09-27T09:55:39+09:00
oanda_ny,CAD/HKD,2025-06-05,2025-06-06,1,24.9821,-119.6451,10000,JPY,confirmed,https://www.oanda.jp/service/swappoint/swap_ny4_cadhkd_202506.json,2026-09-27T09:55:39+09:00
oanda_ny,CAD/HKD,2025-06-06,2025-06-09,1,24.8746,-119.9347,10000,JPY,confirmed,https://www.oanda.jp/service/swappoint/swap_ny4_cadhkd_202506.json,2026-09-27T09:55:39+09:00
oanda_ny,CAD/HKD,2025-06-09,2025-06-10,1,34.9252,-110.4118,10000,JPY,confirmed,https://www.oanda.jp/service/swappoint/swap_ny4_cadhkd_202506.json,2026-09-27T09:55:39+09:00
oanda_ny,CAD/HKD,2025-06-10,2025-06-11,1,32.1681,-114.6399,10000,JPY,confirmed,https://www.oanda.jp/service/swappoint/swap_ny4_cadhkd_202506.json,2026-09-27T09:55:39+09:00
oanda_ny,CAD/HKD,2025-06-11,2025-06-12,3,96.3077,-339.7345,10000,JPY,confirmed,https://www.oanda.jp/service/swappoint/swap_ny4_cadhkd_202506.json,2026-09-27T09:55:39+09:00
oanda_ny,CAD/HKD,2025-06-12,2025-06-13,1,38.3736,-112.6854,10000,JPY,confirmed,https://www.oanda.jp/service/swappoint/swap_ny4_cadhkd_202506.json,2026-09-27T09:55:39+09:00
oanda_ny,CAD/HKD,2025-06-13,2025-06-16,1,36.2698,-116.5285,10000,JPY,confirmed,https://www.oanda.jp/service/swappoint/swap_ny4_cadhkd_202506.json,2026-09-27T09:55:39+09:00
oanda_ny,CAD/HKD,2025-06-16,2025-06-17,2,49.5891,-242.4959,10000,JPY,confirmed,https://www.oanda.jp/service/swappoint/swap_ny4_cadhkd_202506.json,2026-09-27T09:55:39+09:00
oanda_ny,CAD/HKD,2025-06-17,2025-06-18,0,0.0,0.0,10000,JPY,confirmed,https://www.oanda.jp/service/swappoint/swap_ny4_cadhkd_202506.json,2026-09-27T09:55:39+09:00
oanda_ny,CAD/HKD,2025-06-18,2025-06-19,3,51.2907,-378.8034,10000,JPY,confirmed,https://www.oanda.jp/service/swappoint/swap_ny4_cadhkd_202506.json,2026-09-27T09:55:39+09:00
oanda_ny,CAD/HKD,2025-06-19,2025-06-20,1,26.7129,-122.1476,10000,JPY,confirmed,https://www.oanda.jp/service/swappoint/swap_ny4_cadhkd_202506.json,2026-09-27T09:55:39+09:00
oanda_ny,CAD/HKD,2025-06-20,2025-06-23,1,22.6904,-119.7478,10000,JPY,confirmed,https://www.oanda.jp/service/swappoint/swap_ny4_cadhkd_202506.json,2026-09-27T09:55:39+09:00
oanda_ny,CAD/HKD,2025-06-23,2025-06-24,1,30.842,-113.93,10000,JPY,confirmed,https://www.oanda.jp/service/swappoint/swap_ny4_cadhkd_202506.json,2026-09-27T09:55:39+09:00
oanda_ny,CAD/HKD,2025-06-24,2025-06-25,1,33.4903,-105.8012,10000,JPY,confirmed,https://www.oanda.jp/service/swappoint/swap_ny4_cadhkd_202506.json,2026-09-27T09:55:39+09:00
oanda_ny,CAD/HKD,2025-06-25,2025-06-26,3,108.5151,-323.3636,10000,JPY,confirmed,https://www.oanda.jp/service/swappoint/swap_ny4_cadhkd_202506.json,2026-09-27T09:55:39+09:00
oanda_ny,CAD/HKD,2025-06-26,2025-06-27,2,-2.325,-161.59,10000,JPY,confirmed,https://www.oanda.jp/service/swappoint/swap_ny4_cadhkd_202506.json,2026-09-27T09:55:39+09:00
oanda_ny,CAD/HKD,2025-06-27,2025-06-30,1,38.4507,-113.7825,10000,JPY,confirmed,https://www.oanda.jp/service/swappoint/swap_ny4_cadhkd_202506.json,2026-09-27T09:55:39+09:00
oanda_ny,CAD/HKD,2025-06-30,2025-07-01,0,0.0,0.0,10000,JPY,confirmed,https://www.oanda.jp/service/swappoint/swap_ny4_cadhkd_202506.json,2026-09-27T09:55:39+09:00
oanda_ny,CAD/HKD,2025-07-01,2025-07-02,4,11.4939,-526.2224,10000,JPY,confirmed,https://www.oanda.jp/service/swappoint/swap_ny4_cadhkd_202507.json,2026-09-27T09:55:54+09:00
oanda_ny,CAD/HKD,2025-07-02,2025-07-03,0,0.0,0.0,10000,JPY,confirmed,https://www.oanda.jp/service/swappoint/swap_ny4_cadhkd_202507.json,2026-09-27T09:55:54+09:00
oanda_ny,CAD/HKD,2025-07-03,2025-07-04,1,32.6723,-108.9536,10000,JPY,confirmed,https://www.oanda.jp/service/swappoint/swap_ny4_cadhkd_202507.json,2026-09-27T09:55:54+09:00
oanda_ny,CAD/HKD,2025-07-04,2025-07-07,1,23.5303,-105.8732,10000,JPY,confirmed,https://www.oanda.jp/service/swappoint/swap_ny4_cadhkd_202507.json,2026-09-27T09:55:54+09:00
oanda_ny,CAD/HKD,2025-07-07,2025-07-08,1,35.3206,-103.7487,10000,JPY,confirmed,https://www.oanda.jp/service/swappoint/swap_ny4_cadhkd_202507.json,2026-09-27T09:55:54+09:00
oanda_ny,CAD/HKD,2025-07-08,2025-07-09,1,34.9063,-106.9055,10000,JPY,confirmed,https://www.oanda.jp/service/swappoint/swap_ny4_cadhkd_202507.json,2026-09-27T09:55:54+09:00
oanda_ny,CAD/HKD,2025-07-09,2025-07-10,3,93.8359,-314.3336,10000,JPY,confirmed,https://www.oanda.jp/service/swappoint/swap_ny4_cadhkd_202507.json,2026-09-27T09:55:54+09:00
oanda_ny,CAD/HKD,2025-07-10,2025-07-11,1,26.3588,-108.5044,10000,JPY,confirmed,https://www.oanda.jp/service/swappoint/swap_ny4_cadhkd_202507.json,2026-09-27T09:55:54+09:00
oanda_ny,CAD/HKD,2025-07-11,2025-07-14,1,29.4456,-105.2467,10000,JPY,confirmed,https://www.oanda.jp/service/swappoint/swap_ny4_cadhkd_202507.json,2026-09-27T09:55:54+09:00
oanda_ny,CAD/HKD,2025-07-14,2025-07-15,1,24.4653,-107.4277,10000,JPY,confirmed,https://www.oanda.jp/service/swappoint/swap_ny4_cadhkd_202507.json,2026-09-27T09:55:54+09:00
oanda_ny,CAD/HKD,2025-07-15,2025-07-16,1,28.7694,-114.9433,10000,JPY,confirmed,https://www.oanda.jp/service/swappoint/swap_ny4_cadhkd_202507.json,2026-09-27T09:55:54+09:00
oanda_ny,CAD/HKD,2025-07-17,2025-07-18,1,5.6147,-137.0724,10000,JPY,confirmed,https://www.oanda.jp/service/swappoint/swap_ny4_cadhkd_202507.json,2026-09-27T09:55:54+09:00
oanda_ny,CAD/HKD,2025-07-18,2025-07-21,1,4.1516,-137.5506,10000,JPY,confirmed,https://www.oanda.jp/service/swappoint/swap_ny4_cadhkd_202507.json,2026-09-27T09:55:54+09:00
oanda_ny,CAD/HKD,2025-07-21,2025-07-22,1,29.1534,-112.6459,10000,JPY,confirmed,https://www.oanda.jp/service/swappoint/swap_ny4_cadhkd_202507.json,2026-09-27T09:55:54+09:00
oanda_ny,CAD/HKD,2025-07-22,2025-07-23,1,27.4094,-111.2605,10000,JPY,confirmed,https://www.oanda.jp/service/swappoint/swap_ny4_cadhkd_202507.json,2026-09-27T09:55:54+09:00
oanda_ny,CAD/HKD,2025-07-23,2025-07-24,3,64.5243,-353.2,10000,JPY,confirmed,https://www.oanda.jp/service/swappoint/swap_ny4_cadhkd_202507.json,2026-09-27T09:55:54+09:00
oanda_ny,CAD/HKD,2025-07-24,2025-07-25,1,21.5177,-97.3656,10000,JPY,confirmed,https://www.oanda.jp/service/swappoint/swap_ny4_cadhkd_202507.json,2026-09-27T09:55:54+09:00
oanda_ny,CAD/HKD,2025-07-25,2025-07-28,1,-9.7629,-121.0007,10000,JPY,confirmed,https://www.oanda.jp/service/swappoint/swap_ny4_cadhkd_202507.json,2026-09-27T09:55:54+09:00
oanda_ny,CAD/HKD,2025-07-28,2025-07-29,1,18.3302,-95.5804,10000,JPY,confirmed,https://www.oanda.jp/service/swappoint/swap_ny4_cadhkd_202507.json,2026-09-27T09:55:54+09:00
oanda_ny,CAD/HKD,2025-07-29,2025-07-30,1,2.0636,-99.7461,10000,JPY,confirmed,https://www.oanda.jp/service/swappoint/swap_ny4_cadhkd_202507.json,2026-09-27T09:55:54+09:00
oanda_ny,CAD/HKD,2025-07-30,2025-07-31,4,85.1381,-369.2234,10000,JPY,confirmed,https://www.oanda.jp/service/swappoint/swap_ny4_cadhkd_202507.json,2026-09-27T09:55:54+09:00
oanda_ny,CAD/HKD,2025-07-31,2025-08-01,0,0.0,0.0,10000,JPY,confirmed,https://www.oanda.jp/service/swappoint/swap_ny4_cadhkd_202507.json,2026-09-27T09:55:54+09:00
oanda_ny,CAD/HKD,2025-08-01,2025-08-04,1,14.3229,-123.847,10000,JPY,confirmed,https://www.oanda.jp/service/swappoint/swap_ny4_cadhkd_202508.json,2026-09-27T09:56:09+09:00
oanda_ny,CAD/HKD,2025-08-04,2025-08-05,1,3.7945,-133.6324,10000,JPY,confirmed,https://www.oanda.jp/service/swappoint/swap_ny4_cadhkd_202508.json,2026-09-27T09:56:09+09:00
oanda_ny,CAD/HKD,2025-08-05,2025-08-06,1,31.6407,-106.4799,10000,JPY,confirmed,https://www.oanda.jp/service/swappoint/swap_ny4_cadhkd_202508.json,2026-09-27T09:56:09+09:00
oanda_ny,CAD/HKD,2025-08-06,2025-08-07,3,94.9999,-329.4167,10000,JPY,confirmed,https://www.oanda.jp/service/swappoint/swap_ny4_cadhkd_202508.json,2026-09-27T09:56:09+09:00
oanda_ny,CAD/HKD,2025-08-07,2025-08-08,1,23.7097,-105.2109,10000,JPY,confirmed,https://www.oanda.jp/service/swappoint/swap_ny4_cadhkd_202508.json,2026-09-27T09:56:09+09:00
oanda_ny,CAD/HKD,2025-08-08,2025-08-11,1,28.7828,-110.8745,10000,JPY,confirmed,https://www.oanda.jp/service/swappoint/swap_ny4_cadhkd_202508.json,2026-09-27T09:56:09+09:00
oanda_ny,CAD/HKD,2025-08-11,2025-08-12,1,31.4577,-106.5583,10000,JPY,confirmed,https://www.oanda.jp/service/swappoint/swap_ny4_cadhkd_202508.json,2026-09-27T09:56:09+09:00
oanda_ny,CAD/HKD,2025-08-12,2025-08-13,1,35.2245,-110.2231,10000,JPY,confirmed,https://www.oanda.jp/service/swappoint/swap_ny4_cadhkd_202508.json,2026-09-27T09:56:09+09:00
oanda_ny,CAD/HKD,2025-08-13,2025-08-14,3,90.5072,-314.9569,10000,JPY,confirmed,https://www.oanda.jp/service/swappoint/swap_ny4_cadhkd_202508.json,2026-09-27T09:56:09+09:00
oanda_ny,CAD/HKD,2025-08-14,2025-08-15,1,-38.4623,-160.8957,10000,JPY,confirmed,https://www.oanda.jp/service/swappoint/swap_ny4_cadhkd_202508.json,2026-09-27T09:56:09+09:00
oanda_ny,CAD/HKD,2025-08-15,2025-08-18,1,-61.1019,-103.2008,10000,JPY,confirmed,https://www.oanda.jp/service/swappoint/swap_ny4_cadhkd_202508.json,2026-09-27T09:56:09+09:00
oanda_ny,CAD/HKD,2025-08-18,2025-08-19,1,-89.6919,-110.571,10000,JPY,confirmed,https://www.oanda.jp/service/swappoint/swap_ny4_cadhkd_202508.json,2026-09-27T09:56:09+09:00
oanda_ny,CAD/HKD,2025-08-19,2025-08-20,1,-88.8629,-76.0012,10000,JPY,confirmed,https://www.oanda.jp/service/swappoint/swap_ny4_cadhkd_202508.json,2026-09-27T09:56:09+09:00
oanda_ny,CAD/HKD,2025-08-20,2025-08-21,3,-247.4599,-243.9622,10000,JPY,confirmed,https://www.oanda.jp/service/swappoint/swap_ny4_cadhkd_202508.json,2026-09-27T09:56:09+09:00
oanda_ny,CAD/HKD,2025-08-21,2025-08-22,1,-83.7607,-81.1249,10000,JPY,confirmed,https://www.oanda.jp/service/swappoint/swap_ny4_cadhkd_202508.json,2026-09-27T09:56:09+09:00
oanda_ny,CAD/HKD,2025-08-22,2025-08-25,1,-63.8835,-66.2172,10000,JPY,confirmed,https://www.oanda.jp/service/swappoint/swap_ny4_cadhkd_202508.json,2026-09-27T09:56:09+09:00
oanda_ny,CAD/HKD,2025-08-25,2025-08-26,1,-84.8717,-80.1891,10000,JPY,confirmed,https://www.oanda.jp/service/swappoint/swap_ny4_cadhkd_202508.json,2026-09-27T09:56:09+09:00
oanda_ny,CAD/HKD,2025-08-26,2025-08-27,1,-68.4351,-60.8312,10000,JPY,confirmed,https://www.oanda.jp/service/swappoint/swap_ny4_cadhkd_202508.json,2026-09-27T09:56:09+09:00
oanda_ny,CAD/HKD,2025-08-27,2025-08-28,4,-610.322,-185.444,10000,JPY,confirmed,https://www.oanda.jp/service/swappoint/swap_ny4_cadhkd_202508.json,2026-09-27T09:56:09+09:00
oanda_ny,CAD/HKD,2025-08-28,2025-08-29,0,0.0,0.0,10000,JPY,confirmed,https://www.oanda.jp/service/swappoint/swap_ny4_cadhkd_202508.json,2026-09-27T09:56:09+09:00
oanda_ny,CAD/HKD,2025-08-29,2025-09-01,1,-117.1989,-83.126,10000,JPY,confirmed,https://www.oanda.jp/service/swappoint/swap_ny4_cadhkd_202508.json,2026-09-27T09:56:09+09:00
oanda_ny,CAD/HKD,2025-09-01,2025-09-02,1,-114.6002,-85.5094,10000,JPY,confirmed,https://www.oanda.jp/service/swappoint/swap_ny4_cadhkd_202509.json,2026-09-27T09:56:23+09:00
oanda_ny,CAD/HKD,2025-09-02,2025-09-03,1,-98.1003,-103.1235,10000,JPY,confirmed,https://www.oanda.jp/service/swappoint/swap_ny4_cadhkd_202509.json,2026-09-27T09:56:23+09:00
oanda_ny,CAD/HKD,2025-09-03,2025-09-04,3,-149.7678,-232.3171,10000,JPY,confirmed,https://www.oanda.jp/service/swappoint/swap_ny4_cadhkd_202509.json,2026-09-27T09:56:23+09:00
oanda_ny,CAD/HKD,2025-09-04,2025-09-05,1,-65.7788,-64.8939,10000,JPY,confirmed,https://www.oanda.jp/service/swappoint/swap_ny4_cadhkd_202509.json,2026-09-27T09:56:23+09:00
oanda_ny,CAD/HKD,2025-09-05,2025-09-08,1,-59.9983,-69.9492,10000,JPY,confirmed,https://www.oanda.jp/service/swappoint/swap_ny4_cadhkd_202509.json,2026-09-27T09:56:23+09:00
oanda_ny,CAD/HKD,2025-09-08,2025-09-09,1,-48.1233,-47.243,10000,JPY,confirmed,https://www.oanda.jp/service/swappoint/swap_ny4_cadhkd_202509.json,2026-09-27T09:56:23+09:00
oanda_ny,CAD/HKD,2025-09-09,2025-09-10,1,-40.3387,-40.9233,10000,JPY,confirmed,https://www.oanda.jp/service/swappoint/swap_ny4_cadhkd_202509.json,2026-09-27T09:56:23+09:00
oanda_ny,CAD/HKD,2025-09-10,2025-09-11,3,-114.7741,-127.04,10000,JPY,confirmed,https://www.oanda.jp/service/swappoint/swap_ny4_cadhkd_202509.json,2026-09-27T09:56:23+09:00
oanda_ny,CAD/HKD,2025-09-11,2025-09-12,1,-43.5418,-51.1397,10000,JPY,confirmed,https://www.oanda.jp/service/swappoint/swap_ny4_cadhkd_202509.json,2026-09-27T09:56:23+09:00
oanda_ny,CAD/HKD,2025-09-12,2025-09-15,1,-49.1984,-24.0135,10000,JPY,confirmed,https://www.oanda.jp/service/swappoint/swap_ny4_cadhkd_202509.json,2026-09-27T09:56:23+09:00
oanda_ny,CAD/HKD,2025-09-15,2025-09-16,1,-53.7519,-21.1483,10000,JPY,confirmed,https://www.oanda.jp/service/swappoint/swap_ny4_cadhkd_202509.json,2026-09-27T09:56:23+09:00
oanda_ny,CAD/HKD,2025-09-16,2025-09-17,1,-43.3106,-31.0197,10000,JPY,confirmed,https://www.oanda.jp/service/swappoint/swap_ny4_cadhkd_202509.json,2026-09-27T09:56:23+09:00
oanda_ny,CAD/HKD,2025-09-17,2025-09-18,3,-152.0534,-71.1926,10000,JPY,confirmed,https://www.oanda.jp/service/swappoint/swap_ny4_cadhkd_202509.json,2026-09-27T09:56:23+09:00
oanda_ny,CAD/HKD,2025-09-18,2025-09-19,1,-64.7991,-17.0834,10000,JPY,confirmed,https://www.oanda.jp/service/swappoint/swap_ny4_cadhkd_202509.json,2026-09-27T09:56:23+09:00
oanda_ny,CAD/HKD,2025-09-19,2025-09-22,1,-67.2224,-14.7418,10000,JPY,confirmed,https://www.oanda.jp/service/swappoint/swap_ny4_cadhkd_202509.json,2026-09-27T09:56:23+09:00
oanda_ny,CAD/HKD,2025-09-22,2025-09-23,1,-189.6264,-45.7921,10000,JPY,confirmed,https://www.oanda.jp/service/swappoint/swap_ny4_cadhkd_202509.json,2026-09-27T09:56:23+09:00
oanda_ny,CAD/HKD,2025-09-23,2025-09-24,1,-221.4986,-71.7819,10000,JPY,confirmed,https://www.oanda.jp/service/swappoint/swap_ny4_cadhkd_202509.json,2026-09-27T09:56:23+09:00
oanda_ny,CAD/HKD,2025-09-24,2025-09-25,3,-283.297,30.7658,10000,JPY,confirmed,https://www.oanda.jp/service/swappoint/swap_ny4_cadhkd_202509.json,2026-09-27T09:56:23+09:00
oanda_ny,CAD/HKD,2025-09-25,2025-09-26,3,-361.9917,117.2438,10000,JPY,confirmed,https://www.oanda.jp/service/swappoint/swap_ny4_cadhkd_202509.json,2026-09-27T09:56:23+09:00
oanda_ny,CAD/HKD,2025-09-26,2025-09-29,0,0.0,0.0,10000,JPY,confirmed,https://www.oanda.jp/service/swappoint/swap_ny4_cadhkd_202509.json,2026-09-27T09:56:23+09:00
oanda_ny,CAD/HKD,2025-09-29,2025-09-30,1,-78.8609,-2.9316,10000,JPY,confirmed,https://www.oanda.jp/service/swappoint/swap_ny4_cadhkd_202509.json,2026-09-27T09:56:23+09:00
oanda_ny,CAD/HKD,2025-09-30,2025-10-01,0,0.0,0.0,10000,JPY,confirmed,https://www.oanda.jp/service/swappoint/swap_ny4_cadhkd_202509.json,2026-09-27T09:56:23+09:00
oanda_ny,CAD/HKD,2025-10-01,2025-10-02,3,-270.2967,-115.5931,10000,JPY,confirmed,https://www.oanda.jp/service/swappoint/swap_ny4_cadhkd_202510.json,2026-09-27T09:56:38+09:00
oanda_ny,CAD/HKD,2025-10-02,2025-10-03,2,-137.8012,-9.2639,10000,JPY,confirmed,https://www.oanda.jp/service/swappoint/swap_ny4_cadhkd_202510.json,2026-09-27T09:56:38+09:00
oanda_ny,CAD/HKD,2025-10-03,2025-10-06,1,-75.4694,-5.2248,10000,JPY,confirmed,https://www.oanda.jp/service/swappoint/swap_ny4_cadhkd_202510.json,2026-09-27T09:56:38+09:00
oanda_ny,CAD/HKD,2025-10-06,2025-10-07,0,0.0,0.0,10000,JPY,confirmed,https://www.oanda.jp/service/swappoint/swap_ny4_cadhkd_202510.json,2026-09-27T09:56:38+09:00
oanda_ny,CAD/HKD,2025-10-07,2025-10-08,1,-81.3107,-16.7404,10000,JPY,confirmed,https://www.oanda.jp/service/swappoint/swap_ny4_cadhkd_202510.json,2026-09-27T09:56:38+09:00
oanda_ny,CAD/HKD,2025-10-08,2025-10-09,4,-308.8644,-26.4398,10000,JPY,confirmed,https://www.oanda.jp/service/swappoint/swap_ny4_cadhkd_202510.json,2026-09-27T09:56:38+09:00
oanda_ny,CAD/HKD,2025-10-09,2025-10-10,0,0.0,0.0,10000,JPY,confirmed,https://www.oanda.jp/service/swappoint/swap_ny4_cadhkd_202510.json,2026-09-27T09:56:38+09:00
oanda_ny,CAD/HKD,2025-10-10,2025-10-13,1,-64.911,-18.3766,10000,JPY,confirmed,https://www.oanda.jp/service/swappoint/swap_ny4_cadhkd_202510.json,2026-09-27T09:56:38+09:00
oanda_ny,CAD/HKD,2025-10-13,2025-10-14,1,-68.2081,-0.8936,10000,JPY,confirmed,https://www.oanda.jp/service/swappoint/swap_ny4_cadhkd_202510.json,2026-09-27T09:56:38+09:00
oanda_ny,CAD/HKD,2025-10-14,2025-10-15,1,-69.7391,-6.5288,10000,JPY,confirmed,https://www.oanda.jp/service/swappoint/swap_ny4_cadhkd_202510.json,2026-09-27T09:56:38+09:00
oanda_ny,CAD/HKD,2025-10-15,2025-10-16,3,-196.735,-29.2444,10000,JPY,confirmed,https://www.oanda.jp/service/swappoint/swap_ny4_cadhkd_202510.json,2026-09-27T09:56:38+09:00
oanda_ny,CAD/HKD,2025-10-16,2025-10-17,1,-68.1801,-7.0531,10000,JPY,confirmed,https://www.oanda.jp/service/swappoint/swap_ny4_cadhkd_202510.json,2026-09-27T09:56:38+09:00
oanda_ny,CAD/HKD,2025-10-17,2025-10-20,1,-81.1008,5.2872,10000,JPY,confirmed,https://www.oanda.jp/service/swappoint/swap_ny4_cadhkd_202510.json,2026-09-27T09:56:38+09:00
oanda_ny,CAD/HKD,2025-10-20,2025-10-21,1,-80.7803,4.9919,10000,JPY,confirmed,https://www.oanda.jp/service/swappoint/swap_ny4_cadhkd_202510.json,2026-09-27T09:56:38+09:00
oanda_ny,CAD/HKD,2025-10-21,2025-10-22,1,-83.2825,7.11,10000,JPY,confirmed,https://www.oanda.jp/service/swappoint/swap_ny4_cadhkd_202510.json,2026-09-27T09:56:38+09:00
oanda_ny,CAD/HKD,2025-10-22,2025-10-23,3,-222.6718,-26.8279,10000,JPY,confirmed,https://www.oanda.jp/service/swappoint/swap_ny4_cadhkd_202510.json,2026-09-27T09:56:38+09:00
oanda_ny,CAD/HKD,2025-10-23,2025-10-24,1,-62.8827,-13.7743,10000,JPY,confirmed,https://www.oanda.jp/service/swappoint/swap_ny4_cadhkd_202510.json,2026-09-27T09:56:38+09:00
oanda_ny,CAD/HKD,2025-10-24,2025-10-27,2,-122.3457,-31.1862,10000,JPY,confirmed,https://www.oanda.jp/service/swappoint/swap_ny4_cadhkd_202510.json,2026-09-27T09:56:38+09:00
oanda_ny,CAD/HKD,2025-10-27,2025-10-28,1,-72.899,-3.3,10000,JPY,confirmed,https://www.oanda.jp/service/swappoint/swap_ny4_cadhkd_202510.json,2026-09-27T09:56:38+09:00
oanda_ny,CAD/HKD,2025-10-28,2025-10-29,0,0.0,0.0,10000,JPY,confirmed,https://www.oanda.jp/service/swappoint/swap_ny4_cadhkd_202510.json,2026-09-27T09:56:38+09:00
oanda_ny,CAD/HKD,2025-10-29,2025-10-30,3,-321.1786,27.8562,10000,JPY,confirmed,https://www.oanda.jp/service/swappoint/swap_ny4_cadhkd_202510.json,2026-09-27T09:56:38+09:00
oanda_ny,CAD/HKD,2025-10-30,2025-10-31,1,-74.7479,-10.8944,10000,JPY,confirmed,https://www.oanda.jp/service/swappoint/swap_ny4_cadhkd_202510.json,2026-09-27T09:56:38+09:00
oanda_ny,CAD/HKD,2025-10-31,2025-11-03,1,-73.6458,-4.8292,10000,JPY,confirmed,https://www.oanda.jp/service/swappoint/swap_ny4_cadhkd_202510.json,2026-09-27T09:56:38+09:00
oanda_ny,CAD/HKD,2025-11-03,2025-11-04,1,-71.0809,-14.1559,10000,JPY,confirmed,https://www.oanda.jp/service/swappoint/swap_ny4_cadhkd_202511.json,2026-09-27T09:56:53+09:00
oanda_ny,CAD/HKD,2025-11-04,2025-11-05,1,-62.817,-20.939,10000,JPY,confirmed,https://www.oanda.jp/service/swappoint/swap_ny4_cadhkd_202511.json,2026-09-27T09:56:53+09:00
oanda_ny,CAD/HKD,2025-11-05,2025-11-06,3,-174.5242,-75.5672,10000,JPY,confirmed,https://www.oanda.jp/service/swappoint/swap_ny4_cadhkd_202511.json,2026-09-27T09:56:53+09:00
oanda_ny,CAD/HKD,2025-11-06,2025-11-07,2,-123.246,-42.8682,10000,JPY,confirmed,https://www.oanda.jp/service/swappoint/swap_ny4_cadhkd_202511.json,2026-09-27T09:56:53+09:00
oanda_ny,CAD/HKD,2025-11-07,2025-11-10,0,0.0,0.0,10000,JPY,confirmed,https://www.oanda.jp/service/swappoint/swap_ny4_cadhkd_202511.json,2026-09-27T09:56:53+09:00
oanda_ny,CAD/HKD,2025-11-10,2025-11-11,1,-55.5296,-21.729,10000,JPY,confirmed,https://www.oanda.jp/service/swappoint/swap_ny4_cadhkd_202511.json,2026-09-27T09:56:53+09:00
oanda_ny,CAD/HKD,2025-11-11,2025-11-12,1,-57.0521,-16.6025,10000,JPY,confirmed,https://www.oanda.jp/service/swappoint/swap_ny4_cadhkd_202511.json,2026-09-27T09:56:53+09:00
oanda_ny,CAD/HKD,2025-11-12,2025-11-13,3,-173.8829,-57.354,10000,JPY,confirmed,https://www.oanda.jp/service/swappoint/swap_ny4_cadhkd_202511.json,2026-09-27T09:56:53+09:00
oanda_ny,CAD/HKD,2025-11-13,2025-11-14,1,-54.7206,-22.372,10000,JPY,confirmed,https://www.oanda.jp/service/swappoint/swap_ny4_cadhkd_202511.json,2026-09-27T09:56:53+09:00
oanda_ny,CAD/HKD,2025-11-14,2025-11-17,1,-49.3003,-28.1284,10000,JPY,confirmed,https://www.oanda.jp/service/swappoint/swap_ny4_cadhkd_202511.json,2026-09-27T09:56:53+09:00
oanda_ny,CAD/HKD,2025-11-17,2025-11-18,1,-36.3929,-41.2452,10000,JPY,confirmed,https://www.oanda.jp/service/swappoint/swap_ny4_cadhkd_202511.json,2026-09-27T09:56:53+09:00
oanda_ny,CAD/HKD,2025-11-18,2025-11-19,1,-19.5343,-58.2976,10000,JPY,confirmed,https://www.oanda.jp/service/swappoint/swap_ny4_cadhkd_202511.json,2026-09-27T09:56:53+09:00
oanda_ny,CAD/HKD,2025-11-19,2025-11-20,3,-68.1849,-188.8905,10000,JPY,confirmed,https://www.oanda.jp/service/swappoint/swap_ny4_cadhkd_202511.json,2026-09-27T09:56:53+09:00
oanda_ny,CAD/HKD,2025-11-20,2025-11-21,1,-40.7903,-45.0841,10000,JPY,confirmed,https://www.oanda.jp/service/swappoint/swap_ny4_cadhkd_202511.json,2026-09-27T09:56:53+09:00
oanda_ny,CAD/HKD,2025-11-21,2025-11-24,1,-34.7103,-50.5431,10000,JPY,confirmed,https://www.oanda.jp/service/swappoint/swap_ny4_cadhkd_202511.json,2026-09-27T09:56:53+09:00
oanda_ny,CAD/HKD,2025-11-24,2025-11-25,2,-90.3907,-80.008,10000,JPY,confirmed,https://www.oanda.jp/service/swappoint/swap_ny4_cadhkd_202511.json,2026-09-27T09:56:53+09:00
oanda_ny,CAD/HKD,2025-11-25,2025-11-26,0,0.0,0.0,10000,JPY,confirmed,https://www.oanda.jp/service/swappoint/swap_ny4_cadhkd_202511.json,2026-09-27T09:56:53+09:00
oanda_ny,CAD/HKD,2025-11-26,2025-11-27,3,-275.2911,6.3978,10000,JPY,confirmed,https://www.oanda.jp/service/swappoint/swap_ny4_cadhkd_202511.json,2026-09-27T09:56:53+09:00
oanda_ny,CAD/HKD,2025-11-27,2025-11-28,1,-64.5422,-24.471,10000,JPY,confirmed,https://www.oanda.jp/service/swappoint/swap_ny4_cadhkd_202511.json,2026-09-27T09:56:53+09:00
oanda_ny,CAD/HKD,2025-11-28,2025-12-01,1,-62.8853,-64.4191,10000,JPY,confirmed,https://www.oanda.jp/service/swappoint/swap_ny4_cadhkd_202511.json,2026-09-27T09:56:53+09:00
oanda_ny,CAD/HKD,2025-12-01,2025-12-02,1,-26.227,-60.383,10000,JPY,confirmed,https://www.oanda.jp/service/swappoint/swap_ny4_cadhkd_202512.json,2026-09-27T09:57:07+09:00
oanda_ny,CAD/HKD,2025-12-02,2025-12-03,1,-35.539,-64.3378,10000,JPY,confirmed,https://www.oanda.jp/service/swappoint/swap_ny4_cadhkd_202512.json,2026-09-27T09:57:07+09:00
oanda_ny,CAD/HKD,2025-12-03,2025-12-04,3,-142.0461,-133.7983,10000,JPY,confirmed,https://www.oanda.jp/service/swappoint/swap_ny4_cadhkd_202512.json,2026-09-27T09:57:07+09:00
oanda_ny,CAD/HKD,2025-12-04,2025-12-05,1,-52.18,-32.6506,10000,JPY,confirmed,https://www.oanda.jp/service/swappoint/swap_ny4_cadhkd_202512.json,2026-09-27T09:57:07+09:00
oanda_ny,CAD/HKD,2025-12-05,2025-12-08,1,-39.1981,-39.1981,10000,JPY,confirmed,https://www.oanda.jp/service/swappoint/swap_ny4_cadhkd_202512.json,2026-09-27T09:57:07+09:00
oanda_ny,CAD/HKD,2025-12-08,2025-12-09,1,-44.7923,-33.9804,10000,JPY,confirmed,https://www.oanda.jp/service/swappoint/swap_ny4_cadhkd_202512.json,2026-09-27T09:57:07+09:00
oanda_ny,CAD/HKD,2025-12-09,2025-12-10,1,-48.2206,-53.8204,10000,JPY,confirmed,https://www.oanda.jp/service/swappoint/swap_ny4_cadhkd_202512.json,2026-09-27T09:57:07+09:00
oanda_ny,CAD/HKD,2025-12-10,2025-12-11,3,-148.1212,-153.7107,10000,JPY,confirmed,https://www.oanda.jp/service/swappoint/swap_ny4_cadhkd_202512.json,2026-09-27T09:57:07+09:00
oanda_ny,CAD/HKD,2025-12-11,2025-12-12,1,-49.9365,-52.7279,10000,JPY,confirmed,https://www.oanda.jp/service/swappoint/swap_ny4_cadhkd_202512.json,2026-09-27T09:57:07+09:00
oanda_ny,CAD/HKD,2025-12-12,2025-12-15,1,-45.9803,-54.0579,10000,JPY,confirmed,https://www.oanda.jp/service/swappoint/swap_ny4_cadhkd_202512.json,2026-09-27T09:57:07+09:00
oanda_ny,CAD/HKD,2025-12-15,2025-12-16,1,-52.3073,-49.8313,10000,JPY,confirmed,https://www.oanda.jp/service/swappoint/swap_ny4_cadhkd_202512.json,2026-09-27T09:57:07+09:00
oanda_ny,CAD/HKD,2025-12-16,2025-12-17,1,-80.9236,-42.9327,10000,JPY,confirmed,https://www.oanda.jp/service/swappoint/swap_ny4_cadhkd_202512.json,2026-09-27T09:57:07+09:00
oanda_ny,CAD/HKD,2025-12-17,2025-12-18,3,-275.2991,-106.0274,10000,JPY,confirmed,https://www.oanda.jp/service/swappoint/swap_ny4_cadhkd_202512.json,2026-09-27T09:57:07+09:00
oanda_ny,CAD/HKD,2025-12-18,2025-12-19,1,-74.7066,-38.1283,10000,JPY,confirmed,https://www.oanda.jp/service/swappoint/swap_ny4_cadhkd_202512.json,2026-09-27T09:57:07+09:00
oanda_ny,CAD/HKD,2025-12-19,2025-12-22,1,-75.615,-38.5919,10000,JPY,confirmed,https://www.oanda.jp/service/swappoint/swap_ny4_cadhkd_202512.json,2026-09-27T09:57:07+09:00
oanda_ny,CAD/HKD,2025-12-22,2025-12-23,5,-377.8896,-192.8648,10000,JPY,confirmed,https://www.oanda.jp/service/swappoint/swap_ny4_cadhkd_202512.json,2026-09-27T09:57:07+09:00
oanda_ny,CAD/HKD,2025-12-23,2025-12-24,1,-75.521,-38.5439,10000,JPY,confirmed,https://www.oanda.jp/service/swappoint/swap_ny4_cadhkd_202512.json,2026-09-27T09:57:07+09:00
oanda_ny,CAD/HKD,2025-12-24,2025-12-25,0,0.0,0.0,10000,JPY,confirmed,https://www.oanda.jp/service/swappoint/swap_ny4_cadhkd_202512.json,2026-09-27T09:57:07+09:00
oanda_ny,CAD/HKD,2025-12-25,2025-12-26,0,0.0,0.0,10000,JPY,confirmed,https://www.oanda.jp/service/swappoint/swap_ny4_cadhkd_202512.json,2026-09-27T09:57:07+09:00
oanda_ny,CAD/HKD,2025-12-26,2025-12-29,1,-75.7658,-38.6689,10000,JPY,confirmed,https://www.oanda.jp/service/swappoint/swap_ny4_cadhkd_202512.json,2026-09-27T09:57:07+09:00
oanda_ny,CAD/HKD,2025-12-29,2025-12-30,2,-150.8885,-77.0095,10000,JPY,confirmed,https://www.oanda.jp/service/swappoint/swap_ny4_cadhkd_202512.json,2026-09-27T09:57:07+09:00
oanda_ny,CAD/HKD,2025-12-30,2025-12-31,3,-226.7456,-115.725,10000,JPY,confirmed,https://www.oanda.jp/service/swappoint/swap_ny4_cadhkd_202512.json,2026-09-27T09:57:07+09:00
oanda_ny,CAD/HKD,2025-12-31,2026-01-01,0,0.0,0.0,10000,JPY,confirmed,https://www.oanda.jp/service/swappoint/swap_ny4_cadhkd_202512.json,2026-09-27T09:57:07+09:00
oanda_ny,CAD/HKD,2026-01-01,2026-01-02,1,-75.5409,-38.5541,10000,JPY,confirmed,https://www.oanda.jp/service/swappoint/swap_ny4_cadhkd_202601.json,2026-09-27T09:57:22+09:00
oanda_ny,CAD/HKD,2026-01-02,2026-01-05,1,-75.57,-38.5689,10000,JPY,confirmed,https://www.oanda.jp/service/swappoint/swap_ny4_cadhkd_202601.json,2026-09-27T09:57:22+09:00
oanda_ny,CAD/HKD,2026-01-05,2026-01-06,1,-83.2368,-23.3811,10000,JPY,confirmed,https://www.oanda.jp/service/swappoint/swap_ny4_cadhkd_202601.json,2026-09-27T09:57:22+09:00
oanda_ny,CAD/HKD,2026-01-06,2026-01-07,1,-99.312,-4.3585,10000,JPY,confirmed,https://www.oanda.jp/service/swappoint/swap_ny4_cadhkd_202601.json,2026-09-27T09:57:22+09:00
oanda_ny,CAD/HKD,2026-01-07,2026-01-08,3,-283.1452,-25.1478,10000,JPY,confirmed,https://www.oanda.jp/service/swappoint/swap_ny4_cadhkd_202601.json,2026-09-27T09:57:22+09:00
oanda_ny,CAD/HKD,2026-01-08,2026-01-09,1,-90.7099,-12.426,10000,JPY,confirmed,https://www.oanda.jp/service/swappoint/swap_ny4_cadhkd_202601.json,2026-09-27T09:57:22+09:00
oanda_ny,CAD/HKD,2026-01-09,2026-01-12,1,-65.1227,-38.6374,10000,JPY,confirmed,https://www.oanda.jp/service/swappoint/swap_ny4_cadhkd_202601.json,2026-09-27T09:57:22+09:00
oanda_ny,CAD/HKD,2026-01-12,2026-01-13,1,-53.4916,-50.6762,10000,JPY,confirmed,https://www.oanda.jp/service/swappoint/swap_ny4_cadhkd_202601.json,2026-09-27T09:57:22+09:00
oanda_ny,CAD/HKD,2026-01-13,2026-01-14,1,-26.1103,-56.3101,10000,JPY,confirmed,https://www.oanda.jp/service/swappoint/swap_ny4_cadhkd_202601.json,2026-09-27T09:57:22+09:00
oanda_ny,CAD/HKD,2026-01-14,2026-01-15,4,-253.1547,-71.4347,10000,JPY,confirmed,https://www.oanda.jp/service/swappoint/swap_ny4_cadhkd_202601.json,2026-09-27T09:57:22+09:00
oanda_ny,CAD/HKD,2026-01-15,2026-01-16,0,0.0,0.0,10000,JPY,confirmed,https://www.oanda.jp/service/swappoint/swap_ny4_cadhkd_202601.json,2026-09-27T09:57:22+09:00
oanda_ny,CAD/HKD,2026-01-16,2026-01-19,1,-36.8041,-37.4279,10000,JPY,confirmed,https://www.oanda.jp/service/swappoint/swap_ny4_cadhkd_202601.json,2026-09-27T09:57:22+09:00
oanda_ny,CAD/HKD,2026-01-19,2026-01-20,1,-52.8947,-36.3064,10000,JPY,confirmed,https://www.oanda.jp/service/swappoint/swap_ny4_cadhkd_202601.json,2026-09-27T09:57:22+09:00
oanda_ny,CAD/HKD,2026-01-20,2026-01-21,1,-40.1585,-43.9234,10000,JPY,confirmed,https://www.oanda.jp/service/swappoint/swap_ny4_cadhkd_202601.json,2026-09-27T09:57:22+09:00
oanda_ny,CAD/HKD,2026-01-21,2026-01-22,3,-138.5476,-98.9625,10000,JPY,confirmed,https://www.oanda.jp/service/swappoint/swap_ny4_cadhkd_202601.json,2026-09-27T09:57:22+09:00
oanda_ny,CAD/HKD,2026-01-22,2026-01-23,1,-46.6925,-34.0729,10000,JPY,confirmed,https://www.oanda.jp/service/swappoint/swap_ny4_cadhkd_202601.json,2026-09-27T09:57:22+09:00
oanda_ny,CAD/HKD,2026-01-23,2026-01-26,1,-46.7993,-37.1274,10000,JPY,confirmed,https://www.oanda.jp/service/swappoint/swap_ny4_cadhkd_202601.json,2026-09-27T09:57:22+09:00
oanda_ny,CAD/HKD,2026-01-26,2026-01-27,1,-54.9737,-48.1792,10000,JPY,confirmed,https://www.oanda.jp/service/swappoint/swap_ny4_cadhkd_202601.json,2026-09-27T09:57:22+09:00
oanda_ny,CAD/HKD,2026-01-27,2026-01-28,1,-43.0886,-38.1642,10000,JPY,confirmed,https://www.oanda.jp/service/swappoint/swap_ny4_cadhkd_202601.json,2026-09-27T09:57:22+09:00
oanda_ny,CAD/HKD,2026-01-28,2026-01-29,3,-180.7681,-107.1563,10000,JPY,confirmed,https://www.oanda.jp/service/swappoint/swap_ny4_cadhkd_202601.json,2026-09-27T09:57:22+09:00
oanda_ny,CAD/HKD,2026-01-29,2026-01-30,1,-38.0212,-43.6309,10000,JPY,confirmed,https://www.oanda.jp/service/swappoint/swap_ny4_cadhkd_202601.json,2026-09-27T09:57:22+09:00
oanda_ny,CAD/HKD,2026-01-30,2026-02-02,1,-37.4378,-44.9254,10000,JPY,confirmed,https://www.oanda.jp/service/swappoint/swap_ny4_cadhkd_202601.json,2026-09-27T09:57:22+09:00
oanda_ny,CAD/HKD,2026-02-02,2026-02-03,1,-42.1509,-62.4457,10000,JPY,confirmed,https://www.oanda.jp/service/swappoint/swap_ny4_cadhkd_202602.json,2026-09-27T09:57:37+09:00
oanda_ny,CAD/HKD,2026-02-03,2026-02-04,1,-39.503,-65.2114,10000,JPY,confirmed,https://www.oanda.jp/service/swappoint/swap_ny4_cadhkd_202602.json,2026-09-27T09:57:37+09:00
oanda_ny,CAD/HKD,2026-02-04,2026-02-05,3,-144.6688,-169.253,10000,JPY,confirmed,https://www.oanda.jp/service/swappoint/swap_ny4_cadhkd_202602.json,2026-09-27T09:57:37+09:00
oanda_ny,CAD/HKD,2026-02-05,2026-02-06,1,-42.4544,-55.0335,10000,JPY,confirmed,https://www.oanda.jp/service/swappoint/swap_ny4_cadhkd_202602.json,2026-09-27T09:57:37+09:00
oanda_ny,CAD/HKD,2026-02-06,2026-02-09,1,-57.4512,-65.0271,10000,JPY,confirmed,https://www.oanda.jp/service/swappoint/swap_ny4_cadhkd_202602.json,2026-09-27T09:57:37+09:00
oanda_ny,CAD/HKD,2026-02-09,2026-02-10,1,-49.2533,-65.671,10000,JPY,confirmed,https://www.oanda.jp/service/swappoint/swap_ny4_cadhkd_202602.json,2026-09-27T09:57:37+09:00
oanda_ny,CAD/HKD,2026-02-10,2026-02-11,1,-41.5907,-64.7314,10000,JPY,confirmed,https://www.oanda.jp/service/swappoint/swap_ny4_cadhkd_202602.json,2026-09-27T09:57:37+09:00
oanda_ny,CAD/HKD,2026-02-11,2026-02-12,7,-392.6756,-273.3543,10000,JPY,confirmed,https://www.oanda.jp/service/swappoint/swap_ny4_cadhkd_202602.json,2026-09-27T09:57:37+09:00
oanda_ny,CAD/HKD,2026-02-12,2026-02-13,0,0.0,0.0,10000,JPY,confirmed,https://www.oanda.jp/service/swappoint/swap_ny4_cadhkd_202602.json,2026-09-27T09:57:37+09:00
oanda_ny,CAD/HKD,2026-02-13,2026-02-16,3,-133.9112,-152.3817,10000,JPY,confirmed,https://www.oanda.jp/service/swappoint/swap_ny4_cadhkd_202602.json,2026-09-27T09:57:37+09:00
oanda_ny,CAD/HKD,2026-02-16,2026-02-17,0,0.0,0.0,10000,JPY,confirmed,https://www.oanda.jp/service/swappoint/swap_ny4_cadhkd_202602.json,2026-09-27T09:57:37+09:00
oanda_ny,CAD/HKD,2026-02-17,2026-02-18,0,0.0,0.0,10000,JPY,confirmed,https://www.oanda.jp/service/swappoint/swap_ny4_cadhkd_202602.json,2026-09-27T09:57:37+09:00
oanda_ny,CAD/HKD,2026-02-18,2026-02-19,0,0.0,0.0,10000,JPY,confirmed,https://www.oanda.jp/service/swappoint/swap_ny4_cadhkd_202602.json,2026-09-27T09:57:37+09:00
oanda_ny,CAD/HKD,2026-02-19,2026-02-20,1,-92.383,-87.095,10000,JPY,confirmed,https://www.oanda.jp/service/swappoint/swap_ny4_cadhkd_202602.json,2026-09-27T09:57:37+09:00
oanda_ny,CAD/HKD,2026-02-20,2026-02-23,1,-52.2792,-46.0555,10000,JPY,confirmed,https://www.oanda.jp/service/swappoint/swap_ny4_cadhkd_202602.json,2026-09-27T09:57:37+09:00
oanda_ny,CAD/HKD,2026-02-23,2026-02-24,1,-43.7123,-54.2528,10000,JPY,confirmed,https://www.oanda.jp/service/swappoint/swap_ny4_cadhkd_202602.json,2026-09-27T09:57:37+09:00
oanda_ny,CAD/HKD,2026-02-24,2026-02-25,1,-53.7354,-45.3002,10000,JPY,confirmed,https://www.oanda.jp/service/swappoint/swap_ny4_cadhkd_202602.json,2026-09-27T09:57:37+09:00
oanda_ny,CAD/HKD,2026-02-25,2026-02-26,3,-201.5294,-93.2309,10000,JPY,confirmed,https://www.oanda.jp/service/swappoint/swap_ny4_cadhkd_202602.json,2026-09-27T09:57:37+09:00
oanda_ny,CAD/HKD,2026-02-26,2026-02-27,1,-50.4465,-48.5665,10000,JPY,confirmed,https://www.oanda.jp/service/swappoint/swap_ny4_cadhkd_202602.json,2026-09-27T09:57:37+09:00
oanda_ny,CAD/HKD,2026-02-27,2026-03-02,1,-35.486,-48.9895,10000,JPY,confirmed,https://www.oanda.jp/service/swappoint/swap_ny4_cadhkd_202602.json,2026-09-27T09:57:37+09:00
oanda_ny,CAD/HKD,2026-03-02,2026-03-03,1,-50.8478,-67.2707,10000,JPY,confirmed,https://www.oanda.jp/service/swappoint/swap_ny4_cadhkd_202603.json,2026-09-27T09:57:51+09:00
oanda_ny,CAD/HKD,2026-03-03,2026-03-04,1,-52.8574,-55.073,10000,JPY,confirmed,https://www.oanda.jp/service/swappoint/swap_ny4_cadhkd_202603.json,2026-09-27T09:57:51+09:00
oanda_ny,CAD/HKD,2026-03-04,2026-03-05,3,-134.6186,-183.9155,10000,JPY,confirmed,https://www.oanda.jp/service/swappoint/swap_ny4_cadhkd_202603.json,2026-09-27T09:57:51+09:00
oanda_ny,CAD/HKD,2026-03-05,2026-03-06,1,-37.9596,-62.0007,10000,JPY,confirmed,https://www.oanda.jp/service/swappoint/swap_ny4_cadhkd_202603.json,2026-09-27T09:57:51+09:00
oanda_ny,CAD/HKD,2026-03-06,2026-03-09,1,-36.7303,-64.1981,10000,JPY,confirmed,https://www.oanda.jp/service/swappoint/swap_ny4_cadhkd_202603.json,2026-09-27T09:57:51+09:00
oanda_ny,CAD/HKD,2026-03-09,2026-03-10,1,-55.4317,-90.1561,10000,JPY,confirmed,https://www.oanda.jp/service/swappoint/swap_ny4_cadhkd_202603.json,2026-09-27T09:57:51+09:00
oanda_ny,CAD/HKD,2026-03-10,2026-03-11,1,-30.9969,-76.6934,10000,JPY,confirmed,https://www.oanda.jp/service/swappoint/swap_ny4_cadhkd_202603.json,2026-09-27T09:57:51+09:00
oanda_ny,CAD/HKD,2026-03-11,2026-03-12,3,-95.3605,-205.1696,10000,JPY,confirmed,https://www.oanda.jp/service/swappoint/swap_ny4_cadhkd_202603.json,2026-09-27T09:57:51+09:00
oanda_ny,CAD/HKD,2026-03-12,2026-03-13,1,-34.6493,-72.8277,10000,JPY,confirmed,https://www.oanda.jp/service/swappoint/swap_ny4_cadhkd_202603.json,2026-09-27T09:57:51+09:00
oanda_ny,CAD/HKD,2026-03-13,2026-03-16,1,-29.723,-66.4773,10000,JPY,confirmed,https://www.oanda.jp/service/swappoint/swap_ny4_cadhkd_202603.json,2026-09-27T09:57:51+09:00
oanda_ny,CAD/HKD,2026-03-16,2026-03-17,1,-27.1195,-67.3202,10000,JPY,confirmed,https://www.oanda.jp/service/swappoint/swap_ny4_cadhkd_202603.json,2026-09-27T09:57:51+09:00
oanda_ny,CAD/HKD,2026-03-17,2026-03-18,1,-30.608,-70.1434,10000,JPY,confirmed,https://www.oanda.jp/service/swappoint/swap_ny4_cadhkd_202603.json,2026-09-27T09:57:51+09:00
oanda_ny,CAD/HKD,2026-03-18,2026-03-19,3,-80.555,-217.6903,10000,JPY,confirmed,https://www.oanda.jp/service/swappoint/swap_ny4_cadhkd_202603.json,2026-09-27T09:57:51+09:00
oanda_ny,CAD/HKD,2026-03-19,2026-03-20,1,-26.7879,-72.8002,10000,JPY,confirmed,https://www.oanda.jp/service/swappoint/swap_ny4_cadhkd_202603.json,2026-09-27T09:57:51+09:00
oanda_ny,CAD/HKD,2026-03-20,2026-03-23,1,-42.9996,-94.599,10000,JPY,confirmed,https://www.oanda.jp/service/swappoint/swap_ny4_cadhkd_202603.json,2026-09-27T09:57:51+09:00
oanda_ny,CAD/HKD,2026-03-23,2026-03-24,1,-23.447,-72.559,10000,JPY,confirmed,https://www.oanda.jp/service/swappoint/swap_ny4_cadhkd_202603.json,2026-09-27T09:57:51+09:00
oanda_ny,CAD/HKD,2026-03-24,2026-03-25,1,-26.9044,-76.2818,10000,JPY,confirmed,https://www.oanda.jp/service/swappoint/swap_ny4_cadhkd_202603.json,2026-09-27T09:57:51+09:00
oanda_ny,CAD/HKD,2026-03-25,2026-03-26,3,-137.8878,-167.3672,10000,JPY,confirmed,https://www.oanda.jp/service/swappoint/swap_ny4_cadhkd_202603.json,2026-09-27T09:57:51+09:00
oanda_ny,CAD/HKD,2026-03-26,2026-03-27,1,-64.5649,-38.9289,10000,JPY,confirmed,https://www.oanda.jp/service/swappoint/swap_ny4_cadhkd_202603.json,2026-09-27T09:57:51+09:00
oanda_ny,CAD/HKD,2026-03-27,2026-03-30,1,-77.6071,-25.9746,10000,JPY,confirmed,https://www.oanda.jp/service/swappoint/swap_ny4_cadhkd_202603.json,2026-09-27T09:57:51+09:00
oanda_ny,CAD/HKD,2026-03-30,2026-03-31,1,-48.5018,-54.1708,10000,JPY,confirmed,https://www.oanda.jp/service/swappoint/swap_ny4_cadhkd_202603.json,2026-09-27T09:57:51+09:00
oanda_ny,CAD/HKD,2026-03-31,2026-04-01,6,-191.6585,-347.616,10000,JPY,confirmed,https://www.oanda.jp/service/swappoint/swap_ny4_cadhkd_202603.json,2026-09-27T09:57:51+09:00
oanda_ny,CAD/HKD,2026-04-01,2026-04-02,1,-30.4736,-59.3765,10000,JPY,confirmed,https://www.oanda.jp/service/swappoint/swap_ny4_cadhkd_202604.json,2026-09-27T09:58:06+09:00
oanda_ny,CAD/HKD,2026-04-02,2026-04-03,0,0.0,0.0,10000,JPY,confirmed,https://www.oanda.jp/service/swappoint/swap_ny4_cadhkd_202604.json,2026-09-27T09:58:06+09:00
oanda_ny,CAD/HKD,2026-04-03,2026-04-06,0,0.0,0.0,10000,JPY,confirmed,https://www.oanda.jp/service/swappoint/swap_ny4_cadhkd_202604.json,2026-09-27T09:58:06+09:00
oanda_ny,CAD/HKD,2026-04-06,2026-04-07,0,0.0,0.0,10000,JPY,confirmed,https://www.oanda.jp/service/swappoint/swap_ny4_cadhkd_202604.json,2026-09-27T09:58:06+09:00
oanda_ny,CAD/HKD,2026-04-07,2026-04-08,1,-52.0685,-79.5228,10000,JPY,confirmed,https://www.oanda.jp/service/swappoint/swap_ny4_cadhkd_202604.json,2026-09-27T09:58:06+09:00
oanda_ny,CAD/HKD,2026-04-08,2026-04-09,3,-158.4674,-127.3398,10000,JPY,confirmed,https://www.oanda.jp/service/swappoint/swap_ny4_cadhkd_202604.json,2026-09-27T09:58:06+09:00
oanda_ny,CAD/HKD,2026-04-09,2026-04-10,1,-46.7587,-57.8166,10000,JPY,confirmed,https://www.oanda.jp/service/swappoint/swap_ny4_cadhkd_202604.json,2026-09-27T09:58:06+09:00
oanda_ny,CAD/HKD,2026-04-10,2026-04-13,1,-58.1214,-46.4339,10000,JPY,confirmed,https://www.oanda.jp/service/swappoint/swap_ny4_cadhkd_202604.json,2026-09-27T09:58:06+09:00
oanda_ny,CAD/HKD,2026-04-13,2026-04-14,1,-61.5651,-40.6203,10000,JPY,confirmed,https://www.oanda.jp/service/swappoint/swap_ny4_cadhkd_202604.json,2026-09-27T09:58:06+09:00
oanda_ny,CAD/HKD,2026-04-14,2026-04-15,1,-56.3683,-45.6013,10000,JPY,confirmed,https://www.oanda.jp/service/swappoint/swap_ny4_cadhkd_202604.json,2026-09-27T09:58:06+09:00
oanda_ny,CAD/HKD,2026-04-15,2026-04-16,3,-131.4902,-149.594,10000,JPY,confirmed,https://www.oanda.jp/service/swappoint/swap_ny4_cadhkd_202604.json,2026-09-27T09:58:06+09:00
oanda_ny,CAD/HKD,2026-04-16,2026-04-17,1,-63.7695,-31.247,10000,JPY,confirmed,https://www.oanda.jp/service/swappoint/swap_ny4_cadhkd_202604.json,2026-09-27T09:58:06+09:00
oanda_ny,CAD/HKD,2026-04-17,2026-04-20,1,-81.4078,-28.9379,10000,JPY,confirmed,https://www.oanda.jp/service/swappoint/swap_ny4_cadhkd_202604.json,2026-09-27T09:58:06+09:00
oanda_ny,CAD/HKD,2026-04-20,2026-04-21,1,-59.1193,-38.0281,10000,JPY,confirmed,https://www.oanda.jp/service/swappoint/swap_ny4_cadhkd_202604.json,2026-09-27T09:58:06+09:00
oanda_ny,CAD/HKD,2026-04-21,2026-04-22,1,-54.4575,-42.9253,10000,JPY,confirmed,https://www.oanda.jp/service/swappoint/swap_ny4_cadhkd_202604.json,2026-09-27T09:58:06+09:00
oanda_ny,CAD/HKD,2026-04-22,2026-04-23,3,-158.5157,-132.5768,10000,JPY,confirmed,https://www.oanda.jp/service/swappoint/swap_ny4_cadhkd_202604.json,2026-09-27T09:58:06+09:00
oanda_ny,CAD/HKD,2026-04-23,2026-04-24,1,-46.1026,-43.5413,10000,JPY,confirmed,https://www.oanda.jp/service/swappoint/swap_ny4_cadhkd_202604.json,2026-09-27T09:58:06+09:00
oanda_ny,CAD/HKD,2026-04-24,2026-04-27,1,-48.6459,-51.5262,10000,JPY,confirmed,https://www.oanda.jp/service/swappoint/swap_ny4_cadhkd_202604.json,2026-09-27T09:58:06+09:00
oanda_ny,CAD/HKD,2026-04-27,2026-04-28,1,-48.1792,-52.6759,10000,JPY,confirmed,https://www.oanda.jp/service/swappoint/swap_ny4_cadhkd_202604.json,2026-09-27T09:58:06+09:00
oanda_ny,CAD/HKD,2026-04-28,2026-04-29,4,-244.6669,-153.7175,10000,JPY,confirmed,https://www.oanda.jp/service/swappoint/swap_ny4_cadhkd_202604.json,2026-09-27T09:58:06+09:00
oanda_ny,CAD/HKD,2026-04-29,2026-04-30,1,-45.7086,-46.6743,10000,JPY,confirmed,https://www.oanda.jp/service/swappoint/swap_ny4_cadhkd_202604.json,2026-09-27T09:58:06+09:00
oanda_ny,CAD/HKD,2026-04-30,2026-05-01,0,0.0,0.0,10000,JPY,confirmed,https://www.oanda.jp/service/swappoint/swap_ny4_cadhkd_202604.json,2026-09-27T09:58:06+09:00
oanda_ny,CAD/HKD,2026-05-01,2026-05-04,1,-77.7316,-66.9443,10000,JPY,confirmed,https://www.oanda.jp/service/swappoint/swap_ny4_cadhkd_202605.json,2026-09-27T09:58:20+09:00
oanda_ny,CAD/HKD,2026-05-04,2026-05-05,1,-55.4529,-35.173,10000,JPY,confirmed,https://www.oanda.jp/service/swappoint/swap_ny4_cadhkd_202605.json,2026-09-27T09:58:20+09:00
oanda_ny,CAD/HKD,2026-05-05,2026-05-06,1,-50.6064,-40.1032,10000,JPY,confirmed,https://www.oanda.jp/service/swappoint/swap_ny4_cadhkd_202605.json,2026-09-27T09:58:20+09:00
oanda_ny,CAD/HKD,2026-05-06,2026-05-07,3,-155.8632,-111.4658,10000,JPY,confirmed,https://www.oanda.jp/service/swappoint/swap_ny4_cadhkd_202605.json,2026-09-27T09:58:20+09:00
oanda_ny,CAD/HKD,2026-05-07,2026-05-08,1,-60.5393,-29.3237,10000,JPY,confirmed,https://www.oanda.jp/service/swappoint/swap_ny4_cadhkd_202605.json,2026-09-27T09:58:20+09:00
oanda_ny,CAD/HKD,2026-05-08,2026-05-11,1,-62.5924,-27.3645,10000,JPY,confirmed,https://www.oanda.jp/service/swappoint/swap_ny4_cadhkd_202605.json,2026-09-27T09:58:20+09:00
oanda_ny,CAD/HKD,2026-05-11,2026-05-12,1,-64.059,-25.876,10000,JPY,confirmed,https://www.oanda.jp/service/swappoint/swap_ny4_cadhkd_202605.json,2026-09-27T09:58:20+09:00
oanda_ny,CAD/HKD,2026-05-12,2026-05-13,1,-61.2892,-28.7491,10000,JPY,confirmed,https://www.oanda.jp/service/swappoint/swap_ny4_cadhkd_202605.json,2026-09-27T09:58:20+09:00
oanda_ny,CAD/HKD,2026-05-13,2026-05-14,4,-230.2303,-126.5002,10000,JPY,confirmed,https://www.oanda.jp/service/swappoint/swap_ny4_cadhkd_202605.json,2026-09-27T09:58:20+09:00
oanda_ny,CAD/HKD,2026-05-14,2026-05-15,0,0.0,0.0,10000,JPY,confirmed,https://www.oanda.jp/service/swappoint/swap_ny4_cadhkd_202605.json,2026-09-27T09:58:20+09:00
oanda_ny,CAD/HKD,2026-05-15,2026-05-18,1,-51.6755,-31.3857,10000,JPY,confirmed,https://www.oanda.jp/service/swappoint/swap_ny4_cadhkd_202605.json,2026-09-27T09:58:20+09:00
oanda_ny,CAD/HKD,2026-05-18,2026-05-19,1,-47.613,-35.551,10000,JPY,confirmed,https://www.oanda.jp/service/swappoint/swap_ny4_cadhkd_202605.json,2026-09-27T09:58:20+09:00
oanda_ny,CAD/HKD,2026-05-19,2026-05-20,1,-47.6628,-42.8965,10000,JPY,confirmed,https://www.oanda.jp/service/swappoint/swap_ny4_cadhkd_202605.json,2026-09-27T09:58:20+09:00
oanda_ny,CAD/HKD,2026-05-20,2026-05-21,4,-179.0387,-149.8338,10000,JPY,confirmed,https://www.oanda.jp/service/swappoint/swap_ny4_cadhkd_202605.json,2026-09-27T09:58:20+09:00
oanda_ny,CAD/HKD,2026-05-21,2026-05-22,1,-50.3742,-39.9192,10000,JPY,confirmed,https://www.oanda.jp/service/swappoint/swap_ny4_cadhkd_202605.json,2026-09-27T09:58:20+09:00
oanda_ny,CAD/HKD,2026-05-22,2026-05-25,0,0.0,0.0,10000,JPY,confirmed,https://www.oanda.jp/service/swappoint/swap_ny4_cadhkd_202605.json,2026-09-27T09:58:20+09:00
oanda_ny,CAD/HKD,2026-05-25,2026-05-26,1,-46.1521,-43.9393,10000,JPY,confirmed,https://www.oanda.jp/service/swappoint/swap_ny4_cadhkd_202605.json,2026-09-27T09:58:20+09:00
oanda_ny,CAD/HKD,2026-05-26,2026-05-27,1,-45.2811,-44.6478,10000,JPY,confirmed,https://www.oanda.jp/service/swappoint/swap_ny4_cadhkd_202605.json,2026-09-27T09:58:20+09:00
oanda_ny,CAD/HKD,2026-05-27,2026-05-28,3,-202.184,-65.4962,10000,JPY,confirmed,https://www.oanda.jp/service/swappoint/swap_ny4_cadhkd_202605.json,2026-09-27T09:58:20+09:00
oanda_ny,CAD/HKD,2026-05-28,2026-05-29,1,-53.6055,-36.1599,10000,JPY,confirmed,https://www.oanda.jp/service/swappoint/swap_ny4_cadhkd_202605.json,2026-09-27T09:58:20+09:00
oanda_ny,CAD/HKD,2026-05-29,2026-06-01,1,-48.1756,-41.8367,10000,JPY,confirmed,https://www.oanda.jp/service/swappoint/swap_ny4_cadhkd_202605.json,2026-09-27T09:58:20+09:00
oanda_ny,CAD/HKD,2026-06-01,2026-06-02,1,-43.0709,-46.5546,10000,JPY,confirmed,https://www.oanda.jp/service/swappoint/swap_ny4_cadhkd_202606.json,2026-09-27T09:58:35+09:00
oanda_ny,CAD/HKD,2026-06-02,2026-06-03,1,-39.0251,-50.7643,10000,JPY,confirmed,https://www.oanda.jp/service/swappoint/swap_ny4_cadhkd_202606.json,2026-09-27T09:58:35+09:00
oanda_ny,CAD/HKD,2026-06-03,2026-06-04,3,-118.5949,-148.9552,10000,JPY,confirmed,https://www.oanda.jp/service/swappoint/swap_ny4_cadhkd_202606.json,2026-09-27T09:58:35+09:00
oanda_ny,CAD/HKD,2026-06-04,2026-06-05,1,-38.8492,-42.9552,10000,JPY,confirmed,https://www.oanda.jp/service/swappoint/swap_ny4_cadhkd_202606.json,2026-09-27T09:58:35+09:00
oanda_ny,CAD/HKD,2026-06-05,2026-06-08,1,-43.2552,-38.835,10000,JPY,confirmed,https://www.oanda.jp/service/swappoint/swap_ny4_cadhkd_202606.json,2026-09-27T09:58:35+09:00
oanda_ny,CAD/HKD,2026-06-08,2026-06-09,1,-42.2286,-46.9557,10000,JPY,confirmed,https://www.oanda.jp/service/swappoint/swap_ny4_cadhkd_202606.json,2026-09-27T09:58:35+09:00
oanda_ny,CAD/HKD,2026-06-09,2026-06-10,1,-34.0851,-47.0248,10000,JPY,confirmed,https://www.oanda.jp/service/swappoint/swap_ny4_cadhkd_202606.json,2026-09-27T09:58:35+09:00
oanda_ny,CAD/HKD,2026-06-10,2026-06-11,3,-102.4198,-137.508,10000,JPY,confirmed,https://www.oanda.jp/service/swappoint/swap_ny4_cadhkd_202606.json,2026-09-27T09:58:35+09:00
oanda_ny,CAD/HKD,2026-06-11,2026-06-12,1,-39.9382,-40.2527,10000,JPY,confirmed,https://www.oanda.jp/service/swappoint/swap_ny4_cadhkd_202606.json,2026-09-27T09:58:35+09:00
oanda_ny,CAD/HKD,2026-06-12,2026-06-15,1,-42.7644,-44.6511,10000,JPY,confirmed,https://www.oanda.jp/service/swappoint/swap_ny4_cadhkd_202606.json,2026-09-27T09:58:35+09:00
oanda_ny,CAD/HKD,2026-06-15,2026-06-16,1,-45.312,-37.1306,10000,JPY,confirmed,https://www.oanda.jp/service/swappoint/swap_ny4_cadhkd_202606.json,2026-09-27T09:58:35+09:00
oanda_ny,CAD/HKD,2026-06-16,2026-06-17,4,-239.2383,-86.8813,10000,JPY,confirmed,https://www.oanda.jp/service/swappoint/swap_ny4_cadhkd_202606.json,2026-09-27T09:58:35+09:00
oanda_ny,CAD/HKD,2026-06-17,2026-06-18,1,-53.5019,-28.1589,10000,JPY,confirmed,https://www.oanda.jp/service/swappoint/swap_ny4_cadhkd_202606.json,2026-09-27T09:58:35+09:00
oanda_ny,CAD/HKD,2026-06-18,2026-06-19,0,0.0,0.0,10000,JPY,confirmed,https://www.oanda.jp/service/swappoint/swap_ny4_cadhkd_202606.json,2026-09-27T09:58:35+09:00
oanda_ny,CAD/HKD,2026-06-19,2026-06-22,1,-84.4804,-57.5718,10000,JPY,confirmed,https://www.oanda.jp/service/swappoint/swap_ny4_cadhkd_202606.json,2026-09-27T09:58:35+09:00
oanda_ny,CAD/HKD,2026-06-22,2026-06-23,1,-52.0122,-37.2859,10000,JPY,confirmed,https://www.oanda.jp/service/swappoint/swap_ny4_cadhkd_202606.json,2026-09-27T09:58:35+09:00
oanda_ny,CAD/HKD,2026-06-23,2026-06-24,1,-46.2001,-34.0257,10000,JPY,confirmed,https://www.oanda.jp/service/swappoint/swap_ny4_cadhkd_202606.json,2026-09-27T09:58:35+09:00
oanda_ny,CAD/HKD,2026-06-24,2026-06-25,3,-133.8919,-105.8027,10000,JPY,confirmed,https://www.oanda.jp/service/swappoint/swap_ny4_cadhkd_202606.json,2026-09-27T09:58:35+09:00
oanda_ny,CAD/HKD,2026-06-25,2026-06-26,1,-50.3643,-37.2258,10000,JPY,confirmed,https://www.oanda.jp/service/swappoint/swap_ny4_cadhkd_202606.json,2026-09-27T09:58:35+09:00
oanda_ny,CAD/HKD,2026-06-26,2026-06-29,2,-236.4828,60.4425,10000,JPY,confirmed,https://www.oanda.jp/service/swappoint/swap_ny4_cadhkd_202606.json,2026-09-27T09:58:35+09:00
oanda_ny,CAD/HKD,2026-06-29,2026-06-30,1,-50.0532,-45.6736,10000,JPY,confirmed,https://www.oanda.jp/service/swappoint/swap_ny4_cadhkd_202606.json,2026-09-27T09:58:35+09:00
oanda_ny,CAD/HKD,2026-06-30,2026-07-01,0,0.0,0.0,10000,JPY,confirmed,https://www.oanda.jp/service/swappoint/swap_ny4_cadhkd_202606.json,2026-09-27T09:58:35+09:00
oanda_ny,CAD/HKD,2026-07-01,2026-07-02,3,-170.5121,-139.4242,10000,JPY,confirmed,https://www.oanda.jp/service/swappoint/swap_ny4_cadhkd_202607.json,2026-09-27T09:58:50+09:00
oanda_ny,CAD/HKD,2026-07-02,2026-07-03,1,-50.533,-37.4319,10000,JPY,confirmed,https://www.oanda.jp/service/swappoint/swap_ny4_cadhkd_202607.json,2026-09-27T09:58:50+09:00
oanda_ny,CAD/HKD,2026-07-03,2026-07-06,1,-59.5885,-28.3903,10000,JPY,confirmed,https://www.oanda.jp/service/swappoint/swap_ny4_cadhkd_202607.json,2026-09-27T09:58:50+09:00
oanda_ny,CAD/HKD,2026-07-06,2026-07-07,1,-54.196,-31.0139,10000,JPY,confirmed,https://www.oanda.jp/service/swappoint/swap_ny4_cadhkd_202607.json,2026-09-27T09:58:50+09:00
oanda_ny,CAD/HKD,2026-07-07,2026-07-08,1,-59.2369,-31.6557,10000,JPY,confirmed,https://www.oanda.jp/service/swappoint/swap_ny4_cadhkd_202607.json,2026-09-27T09:58:50+09:00
oanda_ny,CAD/HKD,2026-07-08,2026-07-09,3,-171.9967,-99.2289,10000,JPY,confirmed,https://www.oanda.jp/service/swappoint/swap_ny4_cadhkd_202607.json,2026-09-27T09:58:50+09:00
oanda_ny,CAD/HKD,2026-07-09,2026-07-10,1,-57.588,-33.357,10000,JPY,confirmed,https://www.oanda.jp/service/swappoint/swap_ny4_cadhkd_202607.json,2026-09-27T09:58:50+09:00
oanda_ny,CAD/HKD,2026-07-10,2026-07-13,1,-55.823,-35.1246,10000,JPY,confirmed,https://www.oanda.jp/service/swappoint/swap_ny4_cadhkd_202607.json,2026-09-27T09:58:50+09:00
oanda_ny,CAD/HKD,2026-07-13,2026-07-14,1,-58.5984,-35.6001,10000,JPY,confirmed,https://www.oanda.jp/service/swappoint/swap_ny4_cadhkd_202607.json,2026-09-27T09:58:50+09:00
oanda_ny,CAD/HKD,2026-07-14,2026-07-15,1,-63.0507,-24.0797,10000,JPY,confirmed,https://www.oanda.jp/service/swappoint/swap_ny4_cadhkd_202607.json,2026-09-27T09:58:50+09:00
oanda_ny,CAD/HKD,2026-07-15,2026-07-16,3,-196.9251,-60.8851,10000,JPY,confirmed,https://www.oanda.jp/service/swappoint/swap_ny4_cadhkd_202607.json,2026-09-27T09:58:50+09:00
oanda_ny,CAD/HKD,2026-07-16,2026-07-17,1,-59.6858,-27.6205,10000,JPY,confirmed,https://www.oanda.jp/service/swappoint/swap_ny4_cadhkd_202607.json,2026-09-27T09:58:50+09:00
oanda_ny,CAD/HKD,2026-07-17,2026-07-20,1,-53.4248,-34.0265,10000,JPY,confirmed,https://www.oanda.jp/service/swappoint/swap_ny4_cadhkd_202607.json,2026-09-27T09:58:50+09:00
oanda_ny,CAD/HKD,2026-07-20,2026-07-21,1,-53.267,-33.926,10000,JPY,confirmed,https://www.oanda.jp/service/swappoint/swap_ny4_cadhkd_202607.json,2026-09-27T09:58:50+09:00
oanda_ny,CAD/HKD,2026-07-21,2026-07-22,1,-46.3609,-40.9627,10000,JPY,confirmed,https://www.oanda.jp/service/swappoint/swap_ny4_cadhkd_202607.json,2026-09-27T09:58:50+09:00
oanda_ny,CAD/HKD,2026-07-22,2026-07-23,3,-164.0734,-95.3915,10000,JPY,confirmed,https://www.oanda.jp/service/swappoint/swap_ny4_cadhkd_202607.json,2026-09-27T09:58:50+09:00
oanda_ny,CAD/HKD,2026-07-23,2026-07-24,1,-51.1087,-36.4149,10000,JPY,confirmed,https://www.oanda.jp/service/swappoint/swap_ny4_cadhkd_202607.json,2026-09-27T09:58:50+09:00
oanda_ny,CAD/HKD,2026-07-24,2026-07-27,1,-49.7886,-38.2989,10000,JPY,confirmed,https://www.oanda.jp/service/swappoint/swap_ny4_cadhkd_202607.json,2026-09-27T09:58:50+09:00
oanda_ny,CAD/HKD,2026-07-27,2026-07-28,1,-42.9666,-36.9194,10000,JPY,confirmed,https://www.oanda.jp/service/swappoint/swap_ny4_cadhkd_202607.json,2026-09-27T09:58:50+09:00
oanda_ny,CAD/HKD,2026-07-28,2026-07-29,1,-49.7428,-32.5241,10000,JPY,confirmed,https://www.oanda.jp/service/swappoint/swap_ny4_cadhkd_202607.json,2026-09-27T09:58:50+09:00
oanda_ny,CAD/HKD,2026-07-29,2026-07-30,4,-221.0242,-106.0405,10000,JPY,confirmed,https://www.oanda.jp/service/swappoint/swap_ny4_cadhkd_202607.json,2026-09-27T09:58:50+09:00
oanda_ny,CAD/HKD,2026-07-30,2026-07-31,0,0.0,0.0,10000,JPY,confirmed,https://www.oanda.jp/service/swappoint/swap_ny4_cadhkd_202607.json,2026-09-27T09:58:50+09:00
oanda_ny,CAD/HKD,2026-07-31,2026-08-03,1,-47.8014,-35.774,10000,JPY,confirmed,https://www.oanda.jp/service/swappoint/swap_ny4_cadhkd_202607.json,2026-09-27T09:58:50+09:00
oanda_ny,CAD/HKD,2026-08-03,2026-08-04,1,-46.6977,-39.6316,10000,JPY,confirmed,https://www.oanda.jp/service/swappoint/swap_ny4_cadhkd_202608.json,2026-09-30T14:28:43+09:00
oanda_ny,CAD/HKD,2026-08-04,2026-08-05,1,-48.0439,-38.4967,10000,JPY,confirmed,https://www.oanda.jp/service/swappoint/swap_ny4_cadhkd_202608.json,2026-09-30T14:28:43+09:00
oanda_ny,CAD/HKD,2026-08-05,2026-08-06,3,-132.6141,-104.793,10000,JPY,confirmed,https://www.oanda.jp/service/swappoint/swap_ny4_cadhkd_202608.json,2026-09-30T14:28:43+09:00
oanda_ny,CAD/HKD,2026-08-06,2026-08-07,1,-40.9786,-38.8055,10000,JPY,confirmed,https://www.oanda.jp/service/swappoint/swap_ny4_cadhkd_202608.json,2026-09-30T14:28:43+09:00
oanda_ny,CAD/HKD,2026-08-07,2026-08-10,1,-38.8453,-42.2637,10000,JPY,confirmed,https://www.oanda.jp/service/swappoint/swap_ny4_cadhkd_202608.json,2026-09-30T14:28:43+09:00
oanda_ny,CAD/HKD,2026-08-10,2026-08-11,1,-42.0413,-47.6887,10000,JPY,confirmed,https://www.oanda.jp/service/swappoint/swap_ny4_cadhkd_202608.json,2026-09-30T14:28:43+09:00
oanda_ny,CAD/HKD,2026-08-11,2026-08-12,1,-40.1965,-48.3614,10000,JPY,confirmed,https://www.oanda.jp/service/swappoint/swap_ny4_cadhkd_202608.json,2026-09-30T14:28:43+09:00
oanda_ny,CAD/HKD,2026-08-12,2026-08-13,3,-115.8587,-148.8266,10000,JPY,confirmed,https://www.oanda.jp/service/swappoint/swap_ny4_cadhkd_202608.json,2026-09-30T14:28:43+09:00
oanda_ny,CAD/HKD,2026-08-13,2026-08-14,1,-44.3254,-44.6398,10000,JPY,confirmed,https://www.oanda.jp/service/swappoint/swap_ny4_cadhkd_202608.json,2026-09-30T14:28:43+09:00
oanda_ny,CAD/HKD,2026-08-14,2026-08-17,1,-42.2426,-46.9712,10000,JPY,confirmed,https://www.oanda.jp/service/swappoint/swap_ny4_cadhkd_202608.json,2026-09-30T14:28:43+09:00
oanda_ny,CAD/HKD,2026-08-17,2026-08-18,1,-46.3823,-42.596,10000,JPY,confirmed,https://www.oanda.jp/service/swappoint/swap_ny4_cadhkd_202608.json,2026-09-30T14:28:43+09:00
oanda_ny,CAD/HKD,2026-08-18,2026-08-19,1,-50.4564,-38.7884,10000,JPY,confirmed,https://www.oanda.jp/service/swappoint/swap_ny4_cadhkd_202608.json,2026-09-30T14:28:43+09:00
oanda_ny,CAD/HKD,2026-08-19,2026-08-20,3,-183.9514,-81.1273,10000,JPY,confirmed,https://www.oanda.jp/service/swappoint/swap_ny4_cadhkd_202608.json,2026-09-30T14:28:43+09:00
oanda_ny,CAD/HKD,2026-08-20,2026-08-21,1,-53.5229,-35.7875,10000,JPY,confirmed,https://www.oanda.jp/service/swappoint/swap_ny4_cadhkd_202608.json,2026-09-30T14:28:43+09:00
oanda_ny,CAD/HKD,2026-08-21,2026-08-24,1,-58.9701,-30.7532,10000,JPY,confirmed,https://www.oanda.jp/service/swappoint/swap_ny4_cadhkd_202608.json,2026-09-30T14:28:43+09:00
oanda_ny,CAD/HKD,2026-08-24,2026-08-25,1,-71.2983,-17.6668,10000,JPY,confirmed,https://www.oanda.jp/service/swappoint/swap_ny4_cadhkd_202608.json,2026-09-30T14:28:43+09:00
oanda_ny,CAD/HKD,2026-08-25,2026-08-26,1,-75.4703,-13.8941,10000,JPY,confirmed,https://www.oanda.jp/service/swappoint/swap_ny4_cadhkd_202608.json,2026-09-30T14:28:43+09:00
oanda_ny,CAD/HKD,2026-08-26,2026-08-27,3,-199.5175,-66.1906,10000,JPY,confirmed,https://www.oanda.jp/service/swappoint/swap_ny4_cadhkd_202608.json,2026-09-30T14:28:43+09:00
oanda_ny,CAD/HKD,2026-08-27,2026-08-28,1,-94.1273,5.0336,10000,JPY,confirmed,https://www.oanda.jp/service/swappoint/swap_ny4_cadhkd_202608.json,2026-09-30T14:28:43+09:00
oanda_ny,CAD/HKD,2026-08-28,2026-08-31,1,-70.1844,-19.2849,10000,JPY,confirmed,https://www.oanda.jp/service/swappoint/swap_ny4_cadhkd_202608.json,2026-09-30T14:28:43+09:00
oanda_ny,CAD/HKD,2026-08-31,2026-09-01,1,-79.7657,-24.6894,10000,JPY,confirmed,https://www.oanda.jp/service/swappoint/swap_ny4_cadhkd_202608.json,2026-09-30T14:28:43+09:00
oanda_ny,CAD/HKD,2026-09-01,2026-09-02,1,-71.2101,-18.0399,10000,JPY,confirmed,https://www.oanda.jp/service/swappoint/swap_ny4_cadhkd_202609.json,2026-09-30T14:28:57+09:00
oanda_ny,CAD/HKD,2026-09-02,2026-09-03,4,-270.684,-83.0937,10000,JPY,confirmed,https://www.oanda.jp/service/swappoint/swap_ny4_cadhkd_202609.json,2026-09-30T14:28:57+09:00
oanda_ny,CAD/HKD,2026-09-03,2026-09-04,0,0.0,0.0,10000,JPY,confirmed,https://www.oanda.jp/service/swappoint/swap_ny4_cadhkd_202609.json,2026-09-30T14:28:57+09:00
oanda_ny,CAD/HKD,2026-09-04,2026-09-07,1,-56.4229,-31.6216,10000,JPY,confirmed,https://www.oanda.jp/service/swappoint/swap_ny4_cadhkd_202609.json,2026-09-30T14:28:57+09:00
oanda_ny,CAD/HKD,2026-09-07,2026-09-08,1,-62.8825,-23.6193,10000,JPY,confirmed,https://www.oanda.jp/service/swappoint/swap_ny4_cadhkd_202609.json,2026-09-30T14:28:57+09:00
oanda_ny,CAD/HKD,2026-09-08,2026-09-09,1,-49.0781,-30.3671,10000,JPY,confirmed,https://www.oanda.jp/service/swappoint/swap_ny4_cadhkd_202609.json,2026-09-30T14:28:57+09:00
oanda_ny,CAD/HKD,2026-09-09,2026-09-10,3,-140.1439,-113.5807,10000,JPY,confirmed,https://www.oanda.jp/service/swappoint/swap_ny4_cadhkd_202609.json,2026-09-30T14:28:57+09:00
oanda_ny,CAD/HKD,2026-09-10,2026-09-11,1,-49.0474,-36.479,10000,JPY,confirmed,https://www.oanda.jp/service/swappoint/swap_ny4_cadhkd_202609.json,2026-09-30T14:28:57+09:00
oanda_ny,CAD/HKD,2026-09-11,2026-09-14,1,-46.7921,-36.7652,10000,JPY,confirmed,https://www.oanda.jp/service/swappoint/swap_ny4_cadhkd_202609.json,2026-09-30T14:28:57+09:00
oanda_ny,CAD/HKD,2026-09-14,2026-09-15,1,-45.1104,-40.8432,10000,JPY,confirmed,https://www.oanda.jp/service/swappoint/swap_ny4_cadhkd_202609.json,2026-09-30T14:28:57+09:00
oanda_ny,CAD/HKD,2026-09-15,2026-09-16,1,-50.1664,-36.4012,10000,JPY,confirmed,https://www.oanda.jp/service/swappoint/swap_ny4_cadhkd_202609.json,2026-09-30T14:28:57+09:00
oanda_ny,CAD/HKD,2026-09-16,2026-09-17,3,-134.3514,-124.229,10000,JPY,confirmed,https://www.oanda.jp/service/swappoint/swap_ny4_cadhkd_202609.json,2026-09-30T14:28:57+09:00
oanda_ny,CAD/HKD,2026-09-17,2026-09-18,1,-40.4039,-45.9136,10000,JPY,confirmed,https://www.oanda.jp/service/swappoint/swap_ny4_cadhkd_202609.json,2026-09-30T14:28:57+09:00
oanda_ny,CAD/HKD,2026-09-18,2026-09-21,1,-40.3532,-41.5853,10000,JPY,confirmed,https://www.oanda.jp/service/swappoint/swap_ny4_cadhkd_202609.json,2026-09-30T14:28:57+09:00
oanda_ny,CAD/HKD,2026-09-21,2026-09-22,1,-45.5663,-43.719,10000,JPY,confirmed,https://www.oanda.jp/service/swappoint/swap_ny4_cadhkd_202609.json,2026-09-30T14:28:57+09:00
oanda_ny,CAD/HKD,2026-09-22,2026-09-23,1,-51.9223,-37.4824,10000,JPY,confirmed,https://www.oanda.jp/service/swappoint/swap_ny4_cadhkd_202609.json,2026-09-30T14:28:57+09:00
oanda_ny,CAD/HKD,2026-09-23,2026-09-24,3,-176.6042,-89.689,10000,JPY,confirmed,https://www.oanda.jp/service/swappoint/swap_ny4_cadhkd_202609.json,2026-09-30T14:28:57+09:00
oanda_ny,CAD/HKD,2026-09-24,2026-09-25,1,-59.229,-29.923,10000,JPY,confirmed,https://www.oanda.jp/service/swappoint/swap_ny4_cadhkd_202609.json,2026-09-30T14:28:57+09:00
oanda_ny,CAD/HKD,2026-09-25,2026-09-28,3,-286.7641,24.6381,10000,JPY,confirmed,https://www.oanda.jp/service/swappoint/swap_ny4_cadhkd_202609.json,2026-09-30T14:28:57+09:00
oanda_ny,CAD/HKD,2026-09-28,2026-09-29,0,0.0,0.0,10000,JPY,confirmed,https://www.oanda.jp/service/swappoint/swap_ny4_cadhkd_202609.json,2026-09-30T14:28:57+09:00
oanda_ny,CAD/HKD,2026-09-29,2026-09-30,3,-158.8449,-82.1611,10000,JPY,confirmed,https://www.oanda.jp/service/swappoint/swap_ny4_cadhkd_202609.json,2026-09-30T14:28:57+09:00
oanda_ny,CHF/HKD,2026-08-03,2026-08-04,1,-206.5924,56.7452,10000,JPY,confirmed,https://www.oanda.jp/service/swappoint/swap_ny4_chfhkd_202608.json,2026-09-30T14:28:43+09:00
oanda_ny,CHF/HKD,2026-08-04,2026-08-05,1,-211.9717,60.7786,10000,JPY,confirmed,https://www.oanda.jp/service/swappoint/swap_ny4_chfhkd_202608.json,2026-09-30T14:28:43+09:00
oanda_ny,CHF/HKD,2026-08-05,2026-08-06,3,-622.9988,208.4406,10000,JPY,confirmed,https://www.oanda.jp/service/swappoint/swap_ny4_chfhkd_202608.json,2026-09-30T14:28:43+09:00
oanda_ny,CHF/HKD,2026-08-06,2026-08-07,1,-201.3466,62.9363,10000,JPY,confirmed,https://www.oanda.jp/service/swappoint/swap_ny4_chfhkd_202608.json,2026-09-30T14:28:43+09:00
oanda_ny,CHF/HKD,2026-08-07,2026-08-10,1,-199.4497,57.6736,10000,JPY,confirmed,https://www.oanda.jp/service/swappoint/swap_ny4_chfhkd_202608.json,2026-09-30T14:28:43+09:00
oanda_ny,CHF/HKD,2026-08-10,2026-08-11,1,-208.3482,51.6103,10000,JPY,confirmed,https://www.oanda.jp/service/swappoint/swap_ny4_chfhkd_202608.json,2026-09-30T14:28:43+09:00
oanda_ny,CHF/HKD,2026-08-11,2026-08-12,1,-201.6822,49.4136,10000,JPY,confirmed,https://www.oanda.jp/service/swappoint/swap_ny4_chfhkd_202608.json,2026-09-30T14:28:43+09:00
oanda_ny,CHF/HKD,2026-08-12,2026-08-13,3,-590.6485,135.0175,10000,JPY,confirmed,https://www.oanda.jp/service/swappoint/swap_ny4_chfhkd_202608.json,2026-09-30T14:28:43+09:00
oanda_ny,CHF/HKD,2026-08-13,2026-08-14,1,-204.9267,53.0361,10000,JPY,confirmed,https://www.oanda.jp/service/swappoint/swap_ny4_chfhkd_202608.json,2026-09-30T14:28:43+09:00
oanda_ny,CHF/HKD,2026-08-14,2026-08-17,1,-203.7771,53.0169,10000,JPY,confirmed,https://www.oanda.jp/service/swappoint/swap_ny4_chfhkd_202608.json,2026-09-30T14:28:43+09:00
oanda_ny,CHF/HKD,2026-08-17,2026-08-18,1,-214.3161,62.909,10000,JPY,confirmed,https://www.oanda.jp/service/swappoint/swap_ny4_chfhkd_202608.json,2026-09-30T14:28:43+09:00
oanda_ny,CHF/HKD,2026-08-18,2026-08-19,1,-217.9043,67.1517,10000,JPY,confirmed,https://www.oanda.jp/service/swappoint/swap_ny4_chfhkd_202608.json,2026-09-30T14:28:43+09:00
oanda_ny,CHF/HKD,2026-08-19,2026-08-20,3,-715.5747,257.0992,10000,JPY,confirmed,https://www.oanda.jp/service/swappoint/swap_ny4_chfhkd_202608.json,2026-09-30T14:28:43+09:00
oanda_ny,CHF/HKD,2026-08-20,2026-08-21,1,-224.2207,71.1816,10000,JPY,confirmed,https://www.oanda.jp/service/swappoint/swap_ny4_chfhkd_202608.json,2026-09-30T14:28:43+09:00
oanda_ny,CHF/HKD,2026-08-21,2026-08-24,1,-229.311,76.4935,10000,JPY,confirmed,https://www.oanda.jp/service/swappoint/swap_ny4_chfhkd_202608.json,2026-09-30T14:28:43+09:00
oanda_ny,CHF/HKD,2026-08-24,2026-08-25,1,-247.6378,94.8651,10000,JPY,confirmed,https://www.oanda.jp/service/swappoint/swap_ny4_chfhkd_202608.json,2026-09-30T14:28:43+09:00
oanda_ny,CHF/HKD,2026-08-25,2026-08-26,1,-253.5808,100.4842,10000,JPY,confirmed,https://www.oanda.jp/service/swappoint/swap_ny4_chfhkd_202608.json,2026-09-30T14:28:43+09:00
oanda_ny,CHF/HKD,2026-08-26,2026-08-27,3,-726.6868,269.3911,10000,JPY,confirmed,https://www.oanda.jp/service/swappoint/swap_ny4_chfhkd_202608.json,2026-09-30T14:28:43+09:00
oanda_ny,CHF/HKD,2026-08-27,2026-08-28,1,-303.6138,150.6589,10000,JPY,confirmed,https://www.oanda.jp/service/swappoint/swap_ny4_chfhkd_202608.json,2026-09-30T14:28:43+09:00
oanda_ny,CHF/HKD,2026-08-28,2026-08-31,1,-248.7312,91.9553,10000,JPY,confirmed,https://www.oanda.jp/service/swappoint/swap_ny4_chfhkd_202608.json,2026-09-30T14:28:43+09:00
oanda_ny,CHF/HKD,2026-08-31,2026-09-01,1,-265.2781,84.8311,10000,JPY,confirmed,https://www.oanda.jp/service/swappoint/swap_ny4_chfhkd_202608.json,2026-09-30T14:28:43+09:00
oanda_ny,CHF/HKD,2026-09-01,2026-09-02,1,-251.9532,97.6806,10000,JPY,confirmed,https://www.oanda.jp/service/swappoint/swap_ny4_chfhkd_202609.json,2026-09-30T14:28:58+09:00
oanda_ny,CHF/HKD,2026-09-02,2026-09-03,4,-1037.6774,279.7378,10000,JPY,confirmed,https://www.oanda.jp/service/swappoint/swap_ny4_chfhkd_202609.json,2026-09-30T14:28:58+09:00
oanda_ny,CHF/HKD,2026-09-03,2026-09-04,0,0.0,0.0,10000,JPY,confirmed,https://www.oanda.jp/service/swappoint/swap_ny4_chfhkd_202609.json,2026-09-30T14:28:58+09:00
oanda_ny,CHF/HKD,2026-09-04,2026-09-07,1,-219.2315,72.258,10000,JPY,confirmed,https://www.oanda.jp/service/swappoint/swap_ny4_chfhkd_202609.json,2026-09-30T14:28:58+09:00
oanda_ny,CHF/HKD,2026-09-07,2026-09-08,1,-232.3936,86.5391,10000,JPY,confirmed,https://www.oanda.jp/service/swappoint/swap_ny4_chfhkd_202609.json,2026-09-30T14:28:58+09:00
oanda_ny,CHF/HKD,2026-09-08,2026-09-09,1,-206.2489,73.3291,10000,JPY,confirmed,https://www.oanda.jp/service/swappoint/swap_ny4_chfhkd_202609.json,2026-09-30T14:28:58+09:00
oanda_ny,CHF/HKD,2026-09-09,2026-09-10,3,-604.0127,169.4433,10000,JPY,confirmed,https://www.oanda.jp/service/swappoint/swap_ny4_chfhkd_202609.json,2026-09-30T14:28:58+09:00
oanda_ny,CHF/HKD,2026-09-10,2026-09-11,1,-206.0212,60.7804,10000,JPY,confirmed,https://www.oanda.jp/service/swappoint/swap_ny4_chfhkd_202609.json,2026-09-30T14:28:58+09:00
oanda_ny,CHF/HKD,2026-09-11,2026-09-14,1,-203.3667,55.5226,10000,JPY,confirmed,https://www.oanda.jp/service/swappoint/swap_ny4_chfhkd_202609.json,2026-09-30T14:28:58+09:00
oanda_ny,CHF/HKD,2026-09-14,2026-09-15,1,-199.572,55.2441,10000,JPY,confirmed,https://www.oanda.jp/service/swappoint/swap_ny4_chfhkd_202609.json,2026-09-30T14:28:58+09:00
oanda_ny,CHF/HKD,2026-09-15,2026-09-16,1,-210.0909,64.2259,10000,JPY,confirmed,https://www.oanda.jp/service/swappoint/swap_ny4_chfhkd_202609.json,2026-09-30T14:28:58+09:00
oanda_ny,CHF/HKD,2026-09-16,2026-09-17,3,-601.6032,164.5476,10000,JPY,confirmed,https://www.oanda.jp/service/swappoint/swap_ny4_chfhkd_202609.json,2026-09-30T14:28:58+09:00
oanda_ny,CHF/HKD,2026-09-17,2026-09-18,1,-193.206,45.5222,10000,JPY,confirmed,https://www.oanda.jp/service/swappoint/swap_ny4_chfhkd_202609.json,2026-09-30T14:28:58+09:00
oanda_ny,CHF/HKD,2026-09-18,2026-09-21,1,-191.2477,54.7968,10000,JPY,confirmed,https://www.oanda.jp/service/swappoint/swap_ny4_chfhkd_202609.json,2026-09-30T14:28:58+09:00
oanda_ny,CHF/HKD,2026-09-21,2026-09-22,1,-197.3542,50.8452,10000,JPY,confirmed,https://www.oanda.jp/service/swappoint/swap_ny4_chfhkd_202609.json,2026-09-30T14:28:58+09:00
oanda_ny,CHF/HKD,2026-09-22,2026-09-23,1,-208.5278,61.889,10000,JPY,confirmed,https://www.oanda.jp/service/swappoint/swap_ny4_chfhkd_202609.json,2026-09-30T14:28:58+09:00
oanda_ny,CHF/HKD,2026-09-23,2026-09-24,3,-662.0454,221.8992,10000,JPY,confirmed,https://www.oanda.jp/service/swappoint/swap_ny4_chfhkd_202609.json,2026-09-30T14:28:58+09:00
oanda_ny,CHF/HKD,2026-09-24,2026-09-25,1,-223.356,73.9799,10000,JPY,confirmed,https://www.oanda.jp/service/swappoint/swap_ny4_chfhkd_202609.json,2026-09-30T14:28:58+09:00
oanda_ny,CHF/HKD,2026-09-25,2026-09-28,1,-229.8368,82.0164,10000,JPY,confirmed,https://www.oanda.jp/service/swappoint/swap_ny4_chfhkd_202609.json,2026-09-30T14:28:58+09:00
oanda_ny,CHF/HKD,2026-09-28,2026-09-29,2,-617.9011,328.9213,10000,JPY,confirmed,https://www.oanda.jp/service/swappoint/swap_ny4_chfhkd_202609.json,2026-09-30T14:28:58+09:00
oanda_ny,CHF/HKD,2026-09-29,2026-09-30,3,-639.988,245.9997,10000,JPY,confirmed,https://www.oanda.jp/service/swappoint/swap_ny4_chfhkd_202609.json,2026-09-30T14:28:58+09:00
oanda_ny,EUR/HKD,2026-08-03,2026-08-04,1,-69.0304,-67.0439,10000,JPY,confirmed,https://www.oanda.jp/service/swappoint/swap_ny4_eurhkd_202608.json,2026-09-30T14:28:44+09:00
oanda_ny,EUR/HKD,2026-08-04,2026-08-05,1,-73.4138,-63.4255,10000,JPY,confirmed,https://www.oanda.jp/service/swappoint/swap_ny4_eurhkd_202608.json,2026-09-30T14:28:44+09:00
oanda_ny,EUR/HKD,2026-08-05,2026-08-06,3,-199.658,-175.639,10000,JPY,confirmed,https://www.oanda.jp/service/swappoint/swap_ny4_eurhkd_202608.json,2026-09-30T14:28:44+09:00
oanda_ny,EUR/HKD,2026-08-06,2026-08-07,1,-63.6654,-61.1588,10000,JPY,confirmed,https://www.oanda.jp/service/swappoint/swap_ny4_eurhkd_202608.json,2026-09-30T14:28:44+09:00
oanda_ny,EUR/HKD,2026-08-07,2026-08-10,1,-61.5879,-64.0915,10000,JPY,confirmed,https://www.oanda.jp/service/swappoint/swap_ny4_eurhkd_202608.json,2026-09-30T14:28:44+09:00
oanda_ny,EUR/HKD,2026-08-10,2026-08-11,1,-65.1212,-73.1983,10000,JPY,confirmed,https://www.oanda.jp/service/swappoint/swap_ny4_eurhkd_202608.json,2026-09-30T14:28:44+09:00
oanda_ny,EUR/HKD,2026-08-11,2026-08-12,1,-62.0842,-76.722,10000,JPY,confirmed,https://www.oanda.jp/service/swappoint/swap_ny4_eurhkd_202608.json,2026-09-30T14:28:44+09:00
oanda_ny,EUR/HKD,2026-08-12,2026-08-13,3,-174.0175,-242.1113,10000,JPY,confirmed,https://www.oanda.jp/service/swappoint/swap_ny4_eurhkd_202608.json,2026-09-30T14:28:44+09:00
oanda_ny,EUR/HKD,2026-08-13,2026-08-14,1,-65.6325,-72.7006,10000,JPY,confirmed,https://www.oanda.jp/service/swappoint/swap_ny4_eurhkd_202608.json,2026-09-30T14:28:44+09:00
oanda_ny,EUR/HKD,2026-08-14,2026-08-17,1,-64.2702,-74.8976,10000,JPY,confirmed,https://www.oanda.jp/service/swappoint/swap_ny4_eurhkd_202608.json,2026-09-30T14:28:44+09:00
oanda_ny,EUR/HKD,2026-08-17,2026-08-18,1,-72.4886,-66.9125,10000,JPY,confirmed,https://www.oanda.jp/service/swappoint/swap_ny4_eurhkd_202608.json,2026-09-30T14:28:44+09:00
oanda_ny,EUR/HKD,2026-08-18,2026-08-19,1,-77.6077,-61.376,10000,JPY,confirmed,https://www.oanda.jp/service/swappoint/swap_ny4_eurhkd_202608.json,2026-09-30T14:28:44+09:00
oanda_ny,EUR/HKD,2026-08-19,2026-08-20,3,-281.3886,-133.8497,10000,JPY,confirmed,https://www.oanda.jp/service/swappoint/swap_ny4_eurhkd_202608.json,2026-09-30T14:28:44+09:00
oanda_ny,EUR/HKD,2026-08-20,2026-08-21,1,-80.0655,-60.1766,10000,JPY,confirmed,https://www.oanda.jp/service/swappoint/swap_ny4_eurhkd_202608.json,2026-09-30T14:28:44+09:00
oanda_ny,EUR/HKD,2026-08-21,2026-08-24,1,-87.6537,-51.9807,10000,JPY,confirmed,https://www.oanda.jp/service/swappoint/swap_ny4_eurhkd_202608.json,2026-09-30T14:28:44+09:00
oanda_ny,EUR/HKD,2026-08-24,2026-08-25,1,-109.5311,-30.0574,10000,JPY,confirmed,https://www.oanda.jp/service/swappoint/swap_ny4_eurhkd_202608.json,2026-09-30T14:28:44+09:00
oanda_ny,EUR/HKD,2026-08-25,2026-08-26,1,-114.2895,-25.5111,10000,JPY,confirmed,https://www.oanda.jp/service/swappoint/swap_ny4_eurhkd_202608.json,2026-09-30T14:28:44+09:00
oanda_ny,EUR/HKD,2026-08-26,2026-08-27,3,-298.1502,-110.0862,10000,JPY,confirmed,https://www.oanda.jp/service/swappoint/swap_ny4_eurhkd_202608.json,2026-09-30T14:28:44+09:00
oanda_ny,EUR/HKD,2026-08-27,2026-08-28,1,-150.9255,14.7276,10000,JPY,confirmed,https://www.oanda.jp/service/swappoint/swap_ny4_eurhkd_202608.json,2026-09-30T14:28:44+09:00
oanda_ny,EUR/HKD,2026-08-28,2026-08-31,1,-103.3386,-36.1431,10000,JPY,confirmed,https://www.oanda.jp/service/swappoint/swap_ny4_eurhkd_202608.json,2026-09-30T14:28:44+09:00
oanda_ny,EUR/HKD,2026-08-31,2026-09-01,1,-121.2464,-42.7929,10000,JPY,confirmed,https://www.oanda.jp/service/swappoint/swap_ny4_eurhkd_202608.json,2026-09-30T14:28:44+09:00
oanda_ny,EUR/HKD,2026-09-01,2026-09-02,1,-108.5894,-31.0984,10000,JPY,confirmed,https://www.oanda.jp/service/swappoint/swap_ny4_eurhkd_202609.json,2026-09-30T14:28:59+09:00
oanda_ny,EUR/HKD,2026-09-02,2026-09-03,4,-399.9272,-153.5074,10000,JPY,confirmed,https://www.oanda.jp/service/swappoint/swap_ny4_eurhkd_202609.json,2026-09-30T14:28:59+09:00
oanda_ny,EUR/HKD,2026-09-03,2026-09-04,0,0.0,0.0,10000,JPY,confirmed,https://www.oanda.jp/service/swappoint/swap_ny4_eurhkd_202609.json,2026-09-30T14:28:59+09:00
oanda_ny,EUR/HKD,2026-09-04,2026-09-07,1,-86.1857,-50.3165,10000,JPY,confirmed,https://www.oanda.jp/service/swappoint/swap_ny4_eurhkd_202609.json,2026-09-30T14:28:59+09:00
oanda_ny,EUR/HKD,2026-09-07,2026-09-08,1,-96.035,-38.9065,10000,JPY,confirmed,https://www.oanda.jp/service/swappoint/swap_ny4_eurhkd_202609.json,2026-09-30T14:28:59+09:00
oanda_ny,EUR/HKD,2026-09-08,2026-09-09,1,-74.1985,-48.6467,10000,JPY,confirmed,https://www.oanda.jp/service/swappoint/swap_ny4_eurhkd_202609.json,2026-09-30T14:28:59+09:00
oanda_ny,EUR/HKD,2026-09-09,2026-09-10,3,-211.8282,-189.7628,10000,JPY,confirmed,https://www.oanda.jp/service/swappoint/swap_ny4_eurhkd_202609.json,2026-09-30T14:28:59+09:00
oanda_ny,EUR/HKD,2026-09-10,2026-09-11,1,-73.3474,-61.5331,10000,JPY,confirmed,https://www.oanda.jp/service/swappoint/swap_ny4_eurhkd_202609.json,2026-09-30T14:28:59+09:00
oanda_ny,EUR/HKD,2026-09-11,2026-09-14,1,-72.3542,-62.0877,10000,JPY,confirmed,https://www.oanda.jp/service/swappoint/swap_ny4_eurhkd_202609.json,2026-09-30T14:28:59+09:00
oanda_ny,EUR/HKD,2026-09-14,2026-09-15,1,-52.8521,-73.4057,10000,JPY,confirmed,https://www.oanda.jp/service/swappoint/swap_ny4_eurhkd_202609.json,2026-09-30T14:28:59+09:00
oanda_ny,EUR/HKD,2026-09-15,2026-09-16,1,-59.9565,-67.3282,10000,JPY,confirmed,https://www.oanda.jp/service/swappoint/swap_ny4_eurhkd_202609.json,2026-09-30T14:28:59+09:00
oanda_ny,EUR/HKD,2026-09-16,2026-09-17,3,-160.8449,-231.6757,10000,JPY,confirmed,https://www.oanda.jp/service/swappoint/swap_ny4_eurhkd_202609.json,2026-09-30T14:28:59+09:00
oanda_ny,EUR/HKD,2026-09-17,2026-09-18,1,-49.1397,-85.5031,10000,JPY,confirmed,https://www.oanda.jp/service/swappoint/swap_ny4_eurhkd_202609.json,2026-09-30T14:28:59+09:00
oanda_ny,EUR/HKD,2026-09-18,2026-09-21,1,-44.5267,-74.2111,10000,JPY,confirmed,https://www.oanda.jp/service/swappoint/swap_ny4_eurhkd_202609.json,2026-09-30T14:28:59+09:00
oanda_ny,EUR/HKD,2026-09-21,2026-09-22,1,-49.5334,-79.2534,10000,JPY,confirmed,https://www.oanda.jp/service/swappoint/swap_ny4_eurhkd_202609.json,2026-09-30T14:28:59+09:00
oanda_ny,EUR/HKD,2026-09-22,2026-09-23,1,-64.3092,-71.7295,10000,JPY,confirmed,https://www.oanda.jp/service/swappoint/swap_ny4_eurhkd_202609.json,2026-09-30T14:28:59+09:00
oanda_ny,EUR/HKD,2026-09-23,2026-09-24,3,-225.6519,-182.5999,10000,JPY,confirmed,https://www.oanda.jp/service/swappoint/swap_ny4_eurhkd_202609.json,2026-09-30T14:28:59+09:00
oanda_ny,EUR/HKD,2026-09-24,2026-09-25,1,-71.958,-57.0701,10000,JPY,confirmed,https://www.oanda.jp/service/swappoint/swap_ny4_eurhkd_202609.json,2026-09-30T14:28:59+09:00
oanda_ny,EUR/HKD,2026-09-25,2026-09-28,1,-82.1349,-53.1172,10000,JPY,confirmed,https://www.oanda.jp/service/swappoint/swap_ny4_eurhkd_202609.json,2026-09-30T14:28:59+09:00
oanda_ny,EUR/HKD,2026-09-28,2026-09-29,2,-313.4309,44.0379,10000,JPY,confirmed,https://www.oanda.jp/service/swappoint/swap_ny4_eurhkd_202609.json,2026-09-30T14:28:59+09:00
oanda_ny,EUR/HKD,2026-09-29,2026-09-30,3,-195.3939,-164.5422,10000,JPY,confirmed,https://www.oanda.jp/service/swappoint/swap_ny4_eurhkd_202609.json,2026-09-30T14:28:59+09:00
oanda_ny,GBP/HKD,2026-08-03,2026-08-04,1,16.7435,-155.3529,10000,JPY,confirmed,https://www.oanda.jp/service/swappoint/swap_ny4_gbphkd_202608.json,2026-09-30T14:28:45+09:00
oanda_ny,GBP/HKD,2026-08-04,2026-08-05,1,12.7647,-151.4599,10000,JPY,confirmed,https://www.oanda.jp/service/swappoint/swap_ny4_gbphkd_202608.json,2026-09-30T14:28:45+09:00
oanda_ny,GBP/HKD,2026-08-05,2026-08-06,3,59.2626,-444.5007,10000,JPY,confirmed,https://www.oanda.jp/service/swappoint/swap_ny4_gbphkd_202608.json,2026-09-30T14:28:45+09:00
oanda_ny,GBP/HKD,2026-08-06,2026-08-07,1,18.0702,-157.4309,10000,JPY,confirmed,https://www.oanda.jp/service/swappoint/swap_ny4_gbphkd_202608.json,2026-09-30T14:28:45+09:00
oanda_ny,GBP/HKD,2026-08-07,2026-08-10,1,24.4503,-154.3039,10000,JPY,confirmed,https://www.oanda.jp/service/swappoint/swap_ny4_gbphkd_202608.json,2026-09-30T14:28:45+09:00
oanda_ny,GBP/HKD,2026-08-10,2026-08-11,1,22.3592,-163.6398,10000,JPY,confirmed,https://www.oanda.jp/service/swappoint/swap_ny4_gbphkd_202608.json,2026-09-30T14:28:45+09:00
oanda_ny,GBP/HKD,2026-08-11,2026-08-12,1,27.0638,-168.3502,10000,JPY,confirmed,https://www.oanda.jp/service/swappoint/swap_ny4_gbphkd_202608.json,2026-09-30T14:28:45+09:00
oanda_ny,GBP/HKD,2026-08-12,2026-08-13,3,109.4173,-499.6668,10000,JPY,confirmed,https://www.oanda.jp/service/swappoint/swap_ny4_gbphkd_202608.json,2026-09-30T14:28:45+09:00
oanda_ny,GBP/HKD,2026-08-13,2026-08-14,1,1.1765,-183.0828,10000,JPY,confirmed,https://www.oanda.jp/service/swappoint/swap_ny4_gbphkd_202608.json,2026-09-30T14:28:45+09:00
oanda_ny,GBP/HKD,2026-08-14,2026-08-17,1,24.7612,-165.7364,10000,JPY,confirmed,https://www.oanda.jp/service/swappoint/swap_ny4_gbphkd_202608.json,2026-09-30T14:28:45+09:00
oanda_ny,GBP/HKD,2026-08-17,2026-08-18,1,14.1718,-156.5151,10000,JPY,confirmed,https://www.oanda.jp/service/swappoint/swap_ny4_gbphkd_202608.json,2026-09-30T14:28:45+09:00
oanda_ny,GBP/HKD,2026-08-18,2026-08-19,1,8.2685,-149.4298,10000,JPY,confirmed,https://www.oanda.jp/service/swappoint/swap_ny4_gbphkd_202608.json,2026-09-30T14:28:45+09:00
oanda_ny,GBP/HKD,2026-08-19,2026-08-20,3,-49.6227,-402.2982,10000,JPY,confirmed,https://www.oanda.jp/service/swappoint/swap_ny4_gbphkd_202608.json,2026-09-30T14:28:45+09:00
oanda_ny,GBP/HKD,2026-08-20,2026-08-21,1,5.9285,-148.2107,10000,JPY,confirmed,https://www.oanda.jp/service/swappoint/swap_ny4_gbphkd_202608.json,2026-09-30T14:28:45+09:00
oanda_ny,GBP/HKD,2026-08-21,2026-08-24,1,-23.8212,-160.1979,10000,JPY,confirmed,https://www.oanda.jp/service/swappoint/swap_ny4_gbphkd_202608.json,2026-09-30T14:28:45+09:00
oanda_ny,GBP/HKD,2026-08-24,2026-08-25,1,-33.3391,-119.0683,10000,JPY,confirmed,https://www.oanda.jp/service/swappoint/swap_ny4_gbphkd_202608.json,2026-09-30T14:28:45+09:00
oanda_ny,GBP/HKD,2026-08-25,2026-08-26,1,-39.3694,-113.3361,10000,JPY,confirmed,https://www.oanda.jp/service/swappoint/swap_ny4_gbphkd_202608.json,2026-09-30T14:28:45+09:00
oanda_ny,GBP/HKD,2026-08-26,2026-08-27,4,-99.9021,-463.8312,10000,JPY,confirmed,https://www.oanda.jp/service/swappoint/swap_ny4_gbphkd_202608.json,2026-09-30T14:28:45+09:00
oanda_ny,GBP/HKD,2026-08-27,2026-08-28,1,-124.9019,-220.0652,10000,JPY,confirmed,https://www.oanda.jp/service/swappoint/swap_ny4_gbphkd_202608.json,2026-09-30T14:28:45+09:00
oanda_ny,GBP/HKD,2026-08-28,2026-08-31,0,0.0,0.0,10000,JPY,confirmed,https://www.oanda.jp/service/swappoint/swap_ny4_gbphkd_202608.json,2026-09-30T14:28:45+09:00
oanda_ny,GBP/HKD,2026-08-31,2026-09-01,1,-20.2009,-112.2934,10000,JPY,confirmed,https://www.oanda.jp/service/swappoint/swap_ny4_gbphkd_202608.json,2026-09-30T14:28:45+09:00
oanda_ny,GBP/HKD,2026-09-01,2026-09-02,1,-19.6155,-112.9376,10000,JPY,confirmed,https://www.oanda.jp/service/swappoint/swap_ny4_gbphkd_202609.json,2026-09-30T14:29:00+09:00
oanda_ny,GBP/HKD,2026-09-02,2026-09-03,4,-68.1607,-493.5773,10000,JPY,confirmed,https://www.oanda.jp/service/swappoint/swap_ny4_gbphkd_202609.json,2026-09-30T14:29:00+09:00
oanda_ny,GBP/HKD,2026-09-03,2026-09-04,0,0.0,0.0,10000,JPY,confirmed,https://www.oanda.jp/service/swappoint/swap_ny4_gbphkd_202609.json,2026-09-30T14:29:00+09:00
oanda_ny,GBP/HKD,2026-09-04,2026-09-07,1,1.7326,-130.4633,10000,JPY,confirmed,https://www.oanda.jp/service/swappoint/swap_ny4_gbphkd_202609.json,2026-09-30T14:29:00+09:00
oanda_ny,GBP/HKD,2026-09-07,2026-09-08,1,-17.2124,-121.0608,10000,JPY,confirmed,https://www.oanda.jp/service/swappoint/swap_ny4_gbphkd_202609.json,2026-09-30T14:29:00+09:00
oanda_ny,GBP/HKD,2026-09-08,2026-09-09,1,6.2713,-133.3699,10000,JPY,confirmed,https://www.oanda.jp/service/swappoint/swap_ny4_gbphkd_202609.json,2026-09-30T14:29:00+09:00
oanda_ny,GBP/HKD,2026-09-09,2026-09-10,3,56.3055,-417.9881,10000,JPY,confirmed,https://www.oanda.jp/service/swappoint/swap_ny4_gbphkd_202609.json,2026-09-30T14:29:00+09:00
oanda_ny,GBP/HKD,2026-09-10,2026-09-11,1,13.1238,-139.7842,10000,JPY,confirmed,https://www.oanda.jp/service/swappoint/swap_ny4_gbphkd_202609.json,2026-09-30T14:29:00+09:00
oanda_ny,GBP/HKD,2026-09-11,2026-09-14,1,12.4924,-149.369,10000,JPY,confirmed,https://www.oanda.jp/service/swappoint/swap_ny4_gbphkd_202609.json,2026-09-30T14:29:00+09:00
oanda_ny,GBP/HKD,2026-09-14,2026-09-15,1,22.2198,-149.8696,10000,JPY,confirmed,https://www.oanda.jp/service/swappoint/swap_ny4_gbphkd_202609.json,2026-09-30T14:29:00+09:00
oanda_ny,GBP/HKD,2026-09-15,2026-09-16,1,13.7175,-142.8892,10000,JPY,confirmed,https://www.oanda.jp/service/swappoint/swap_ny4_gbphkd_202609.json,2026-09-30T14:29:00+09:00
oanda_ny,GBP/HKD,2026-09-16,2026-09-17,3,68.6189,-446.088,10000,JPY,confirmed,https://www.oanda.jp/service/swappoint/swap_ny4_gbphkd_202609.json,2026-09-30T14:29:00+09:00
oanda_ny,GBP/HKD,2026-09-17,2026-09-18,1,25.0662,-161.8672,10000,JPY,confirmed,https://www.oanda.jp/service/swappoint/swap_ny4_gbphkd_202609.json,2026-09-30T14:29:00+09:00
oanda_ny,GBP/HKD,2026-09-18,2026-09-21,1,23.5578,-156.9122,10000,JPY,confirmed,https://www.oanda.jp/service/swappoint/swap_ny4_gbphkd_202609.json,2026-09-30T14:29:00+09:00
oanda_ny,GBP/HKD,2026-09-21,2026-09-22,1,26.4621,-151.9007,10000,JPY,confirmed,https://www.oanda.jp/service/swappoint/swap_ny4_gbphkd_202609.json,2026-09-30T14:29:00+09:00
oanda_ny,GBP/HKD,2026-09-22,2026-09-23,1,14.3561,-141.8301,10000,JPY,confirmed,https://www.oanda.jp/service/swappoint/swap_ny4_gbphkd_202609.json,2026-09-30T14:29:00+09:00
oanda_ny,GBP/HKD,2026-09-23,2026-09-24,3,1.7197,-381.5743,10000,JPY,confirmed,https://www.oanda.jp/service/swappoint/swap_ny4_gbphkd_202609.json,2026-09-30T14:29:00+09:00
oanda_ny,GBP/HKD,2026-09-24,2026-09-25,1,-4.0351,-129.1246,10000,JPY,confirmed,https://www.oanda.jp/service/swappoint/swap_ny4_gbphkd_202609.json,2026-09-30T14:29:00+09:00
oanda_ny,GBP/HKD,2026-09-25,2026-09-28,1,-14.2975,-121.8148,10000,JPY,confirmed,https://www.oanda.jp/service/swappoint/swap_ny4_gbphkd_202609.json,2026-09-30T14:29:00+09:00
oanda_ny,GBP/HKD,2026-09-28,2026-09-29,2,-159.1936,-104.2203,10000,JPY,confirmed,https://www.oanda.jp/service/swappoint/swap_ny4_gbphkd_202609.json,2026-09-30T14:29:00+09:00
oanda_ny,GBP/HKD,2026-09-29,2026-09-30,3,-6.8557,-382.2047,10000,JPY,confirmed,https://www.oanda.jp/service/swappoint/swap_ny4_gbphkd_202609.json,2026-09-30T14:29:00+09:00
oanda_ny,HKD/JPY,2026-08-03,2026-08-04,1,0.0548,-15.0228,100000,JPY,confirmed,https://www.oanda.jp/service/swappoint/swap_ny4_hkdjpy_202608.json,2026-09-30T14:28:46+09:00
oanda_ny,HKD/JPY,2026-08-04,2026-08-05,1,0.055,-14.964,100000,JPY,confirmed,https://www.oanda.jp/service/swappoint/swap_ny4_hkdjpy_202608.json,2026-09-30T14:28:46+09:00
oanda_ny,HKD/JPY,2026-08-05,2026-08-06,3,4.1246,-42.9026,100000,JPY,confirmed,https://www.oanda.jp/service/swappoint/swap_ny4_hkdjpy_202608.json,2026-09-30T14:28:46+09:00
oanda_ny,HKD/JPY,2026-08-06,2026-08-07,2,3.0929,-29.0567,100000,JPY,confirmed,https://www.oanda.jp/service/swappoint/swap_ny4_hkdjpy_202608.json,2026-09-30T14:28:46+09:00
oanda_ny,HKD/JPY,2026-08-07,2026-08-10,1,0.99,-13.9709,100000,JPY,confirmed,https://www.oanda.jp/service/swappoint/swap_ny4_hkdjpy_202608.json,2026-09-30T14:28:46+09:00
oanda_ny,HKD/JPY,2026-08-10,2026-08-11,0,0.0,0.0,100000,JPY,confirmed,https://www.oanda.jp/service/swappoint/swap_ny4_hkdjpy_202608.json,2026-09-30T14:28:46+09:00
oanda_ny,HKD/JPY,2026-08-11,2026-08-12,1,0.0,-15.0461,100000,JPY,confirmed,https://www.oanda.jp/service/swappoint/swap_ny4_hkdjpy_202608.json,2026-09-30T14:28:46+09:00
oanda_ny,HKD/JPY,2026-08-12,2026-08-13,3,-2.0078,-41.1593,100000,JPY,confirmed,https://www.oanda.jp/service/swappoint/swap_ny4_hkdjpy_202608.json,2026-09-30T14:28:46+09:00
oanda_ny,HKD/JPY,2026-08-13,2026-08-14,1,0.0,-15.0676,100000,JPY,confirmed,https://www.oanda.jp/service/swappoint/swap_ny4_hkdjpy_202608.json,2026-09-30T14:28:46+09:00
oanda_ny,HKD/JPY,2026-08-14,2026-08-17,1,0.0,-15.0487,100000,JPY,confirmed,https://www.oanda.jp/service/swappoint/swap_ny4_hkdjpy_202608.json,2026-09-30T14:28:46+09:00
oanda_ny,HKD/JPY,2026-08-17,2026-08-18,1,0.0,-15.0683,100000,JPY,confirmed,https://www.oanda.jp/service/swappoint/swap_ny4_hkdjpy_202608.json,2026-09-30T14:28:46+09:00
oanda_ny,HKD/JPY,2026-08-18,2026-08-19,1,1.0016,-16.0336,100000,JPY,confirmed,https://www.oanda.jp/service/swappoint/swap_ny4_hkdjpy_202608.json,2026-09-30T14:28:46+09:00
oanda_ny,HKD/JPY,2026-08-19,2026-08-20,3,8.9345,-51.8286,100000,JPY,confirmed,https://www.oanda.jp/service/swappoint/swap_ny4_hkdjpy_202608.json,2026-09-30T14:28:46+09:00
oanda_ny,HKD/JPY,2026-08-20,2026-08-21,1,0.9982,-16.0902,100000,JPY,confirmed,https://www.oanda.jp/service/swappoint/swap_ny4_hkdjpy_202608.json,2026-09-30T14:28:46+09:00
oanda_ny,HKD/JPY,2026-08-21,2026-08-24,1,1.9961,-17.0346,100000,JPY,confirmed,https://www.oanda.jp/service/swappoint/swap_ny4_hkdjpy_202608.json,2026-09-30T14:28:46+09:00
oanda_ny,HKD/JPY,2026-08-24,2026-08-25,1,3.9969,-19.0612,100000,JPY,confirmed,https://www.oanda.jp/service/swappoint/swap_ny4_hkdjpy_202608.json,2026-09-30T14:28:46+09:00
oanda_ny,HKD/JPY,2026-08-25,2026-08-26,1,4.9429,-20.0181,100000,JPY,confirmed,https://www.oanda.jp/service/swappoint/swap_ny4_hkdjpy_202608.json,2026-09-30T14:28:46+09:00
oanda_ny,HKD/JPY,2026-08-26,2026-08-27,3,11.0025,-54.2287,100000,JPY,confirmed,https://www.oanda.jp/service/swappoint/swap_ny4_hkdjpy_202608.json,2026-09-30T14:28:46+09:00
oanda_ny,HKD/JPY,2026-08-27,2026-08-28,1,8.952,-24.0606,100000,JPY,confirmed,https://www.oanda.jp/service/swappoint/swap_ny4_hkdjpy_202608.json,2026-09-30T14:28:46+09:00
oanda_ny,HKD/JPY,2026-08-28,2026-08-31,1,3.9646,-19.1176,100000,JPY,confirmed,https://www.oanda.jp/service/swappoint/swap_ny4_hkdjpy_202608.json,2026-09-30T14:28:46+09:00
oanda_ny,HKD/JPY,2026-08-31,2026-09-01,1,2.9532,-20.0839,100000,JPY,confirmed,https://www.oanda.jp/service/swappoint/swap_ny4_hkdjpy_202608.json,2026-09-30T14:28:46+09:00
oanda_ny,HKD/JPY,2026-09-01,2026-09-02,1,3.9663,-19.0697,100000,JPY,confirmed,https://www.oanda.jp/service/swappoint/swap_ny4_hkdjpy_202609.json,2026-09-30T14:29:01+09:00
oanda_ny,HKD/JPY,2026-09-02,2026-09-03,4,14.833,-71.7949,100000,JPY,confirmed,https://www.oanda.jp/service/swappoint/swap_ny4_hkdjpy_202609.json,2026-09-30T14:29:01+09:00
oanda_ny,HKD/JPY,2026-09-03,2026-09-04,0,0.0,0.0,100000,JPY,confirmed,https://www.oanda.jp/service/swappoint/swap_ny4_hkdjpy_202609.json,2026-09-30T14:29:01+09:00
oanda_ny,HKD/JPY,2026-09-04,2026-09-07,1,2.0706,-16.9598,100000,JPY,confirmed,https://www.oanda.jp/service/swappoint/swap_ny4_hkdjpy_202609.json,2026-09-30T14:29:01+09:00
oanda_ny,HKD/JPY,2026-09-07,2026-09-08,1,3.0683,-17.7811,100000,JPY,confirmed,https://www.oanda.jp/service/swappoint/swap_ny4_hkdjpy_202609.json,2026-09-30T14:29:01+09:00
oanda_ny,HKD/JPY,2026-09-08,2026-09-09,1,2.1479,-14.88,100000,JPY,confirmed,https://www.oanda.jp/service/swappoint/swap_ny4_hkdjpy_202609.json,2026-09-30T14:29:01+09:00
oanda_ny,HKD/JPY,2026-09-09,2026-09-10,3,1.606,-42.5685,100000,JPY,confirmed,https://www.oanda.jp/service/swappoint/swap_ny4_hkdjpy_202609.json,2026-09-30T14:29:01+09:00
oanda_ny,HKD/JPY,2026-09-10,2026-09-11,1,1.1848,-14.9773,100000,JPY,confirmed,https://www.oanda.jp/service/swappoint/swap_ny4_hkdjpy_202609.json,2026-09-30T14:29:01+09:00
oanda_ny,HKD/JPY,2026-09-11,2026-09-14,1,0.1606,-14.8324,100000,JPY,confirmed,https://www.oanda.jp/service/swappoint/swap_ny4_hkdjpy_202609.json,2026-09-30T14:29:01+09:00
oanda_ny,HKD/JPY,2026-09-14,2026-09-15,1,0.1614,-13.8825,100000,JPY,confirmed,https://www.oanda.jp/service/swappoint/swap_ny4_hkdjpy_202609.json,2026-09-30T14:29:01+09:00
oanda_ny,HKD/JPY,2026-09-15,2026-09-16,1,1.1353,-14.9269,100000,JPY,confirmed,https://www.oanda.jp/service/swappoint/swap_ny4_hkdjpy_202609.json,2026-09-30T14:29:01+09:00
oanda_ny,HKD/JPY,2026-09-16,2026-09-17,6,2.9418,-84.9989,100000,JPY,confirmed,https://www.oanda.jp/service/swappoint/swap_ny4_hkdjpy_202609.json,2026-09-30T14:29:01+09:00
oanda_ny,HKD/JPY,2026-09-17,2026-09-18,1,-0.8732,-12.9345,100000,JPY,confirmed,https://www.oanda.jp/service/swappoint/swap_ny4_hkdjpy_202609.json,2026-09-30T14:29:01+09:00
oanda_ny,HKD/JPY,2026-09-18,2026-09-21,0,0.0,0.0,100000,JPY,confirmed,https://www.oanda.jp/service/swappoint/swap_ny4_hkdjpy_202609.json,2026-09-30T14:29:01+09:00
oanda_ny,HKD/JPY,2026-09-21,2026-09-22,0,0.0,0.0,100000,JPY,confirmed,https://www.oanda.jp/service/swappoint/swap_ny4_hkdjpy_202609.json,2026-09-30T14:29:01+09:00
oanda_ny,HKD/JPY,2026-09-22,2026-09-23,0,0.0,0.0,100000,JPY,confirmed,https://www.oanda.jp/service/swappoint/swap_ny4_hkdjpy_202609.json,2026-09-30T14:29:01+09:00
oanda_ny,HKD/JPY,2026-09-23,2026-09-24,3,3.1464,-46.0553,100000,JPY,confirmed,https://www.oanda.jp/service/swappoint/swap_ny4_hkdjpy_202609.json,2026-09-30T14:29:01+09:00
oanda_ny,HKD/JPY,2026-09-24,2026-09-25,1,1.0523,-16.0699,100000,JPY,confirmed,https://www.oanda.jp/service/swappoint/swap_ny4_hkdjpy_202609.json,2026-09-30T14:29:01+09:00
oanda_ny,HKD/JPY,2026-09-25,2026-09-28,1,2.0286,-16.8996,100000,JPY,confirmed,https://www.oanda.jp/service/swappoint/swap_ny4_hkdjpy_202609.json,2026-09-30T14:29:01+09:00
oanda_ny,HKD/JPY,2026-09-28,2026-09-29,2,20.1835,-49.119,100000,JPY,confirmed,https://www.oanda.jp/service/swappoint/swap_ny4_hkdjpy_202609.json,2026-09-30T14:29:01+09:00
oanda_ny,HKD/JPY,2026-09-29,2026-09-30,3,5.0966,-43.9077,100000,JPY,confirmed,https://www.oanda.jp/service/swappoint/swap_ny4_hkdjpy_202609.json,2026-09-30T14:29:01+09:00
oanda_ny,NZD/HKD,2026-08-03,2026-08-04,1,-25.3328,-37.4925,10000,JPY,confirmed,https://www.oanda.jp/service/swappoint/swap_ny4_nzdhkd_202608.json,2026-09-30T14:28:47+09:00
oanda_ny,NZD/HKD,2026-08-04,2026-08-05,1,-28.0789,-35.2263,10000,JPY,confirmed,https://www.oanda.jp/service/swappoint/swap_ny4_nzdhkd_202608.json,2026-09-30T14:28:47+09:00
oanda_ny,NZD/HKD,2026-08-05,2026-08-06,3,-70.3639,-100.9569,10000,JPY,confirmed,https://www.oanda.jp/service/swappoint/swap_ny4_nzdhkd_202608.json,2026-09-30T14:28:47+09:00
oanda_ny,NZD/HKD,2026-08-06,2026-08-07,1,-23.9976,-39.5704,10000,JPY,confirmed,https://www.oanda.jp/service/swappoint/swap_ny4_nzdhkd_202608.json,2026-09-30T14:28:47+09:00
oanda_ny,NZD/HKD,2026-08-07,2026-08-10,1,-22.4721,-36.5171,10000,JPY,confirmed,https://www.oanda.jp/service/swappoint/swap_ny4_nzdhkd_202608.json,2026-09-30T14:28:47+09:00
oanda_ny,NZD/HKD,2026-08-10,2026-08-11,1,-22.3791,-41.4142,10000,JPY,confirmed,https://www.oanda.jp/service/swappoint/swap_ny4_nzdhkd_202608.json,2026-09-30T14:28:47+09:00
oanda_ny,NZD/HKD,2026-08-11,2026-08-12,1,-21.5991,-42.4268,10000,JPY,confirmed,https://www.oanda.jp/service/swappoint/swap_ny4_nzdhkd_202608.json,2026-09-30T14:28:47+09:00
oanda_ny,NZD/HKD,2026-08-12,2026-08-13,3,-52.296,-120.7422,10000,JPY,confirmed,https://www.oanda.jp/service/swappoint/swap_ny4_nzdhkd_202608.json,2026-09-30T14:28:47+09:00
oanda_ny,NZD/HKD,2026-08-13,2026-08-14,1,-33.8161,-47.3938,10000,JPY,confirmed,https://www.oanda.jp/service/swappoint/swap_ny4_nzdhkd_202608.json,2026-09-30T14:28:47+09:00
oanda_ny,NZD/HKD,2026-08-14,2026-08-17,1,-23.9605,-39.6766,10000,JPY,confirmed,https://www.oanda.jp/service/swappoint/swap_ny4_nzdhkd_202608.json,2026-09-30T14:28:47+09:00
oanda_ny,NZD/HKD,2026-08-17,2026-08-18,1,-28.1576,-36.424,10000,JPY,confirmed,https://www.oanda.jp/service/swappoint/swap_ny4_nzdhkd_202608.json,2026-09-30T14:28:47+09:00
oanda_ny,NZD/HKD,2026-08-18,2026-08-19,1,-30.8908,-33.9799,10000,JPY,confirmed,https://www.oanda.jp/service/swappoint/swap_ny4_nzdhkd_202608.json,2026-09-30T14:28:47+09:00
oanda_ny,NZD/HKD,2026-08-19,2026-08-20,3,-121.3473,-79.61,10000,JPY,confirmed,https://www.oanda.jp/service/swappoint/swap_ny4_nzdhkd_202608.json,2026-09-30T14:28:47+09:00
oanda_ny,NZD/HKD,2026-08-20,2026-08-21,1,-29.0672,-35.0364,10000,JPY,confirmed,https://www.oanda.jp/service/swappoint/swap_ny4_nzdhkd_202608.json,2026-09-30T14:28:47+09:00
oanda_ny,NZD/HKD,2026-08-21,2026-08-24,1,-41.7522,-40.9693,10000,JPY,confirmed,https://www.oanda.jp/service/swappoint/swap_ny4_nzdhkd_202608.json,2026-09-30T14:28:47+09:00
oanda_ny,NZD/HKD,2026-08-24,2026-08-25,1,-45.5444,-23.1626,10000,JPY,confirmed,https://www.oanda.jp/service/swappoint/swap_ny4_nzdhkd_202608.json,2026-09-30T14:28:47+09:00
oanda_ny,NZD/HKD,2026-08-25,2026-08-26,1,-47.5405,-21.4194,10000,JPY,confirmed,https://www.oanda.jp/service/swappoint/swap_ny4_nzdhkd_202608.json,2026-09-30T14:28:47+09:00
oanda_ny,NZD/HKD,2026-08-26,2026-08-27,3,-107.6018,-66.2765,10000,JPY,confirmed,https://www.oanda.jp/service/swappoint/swap_ny4_nzdhkd_202608.json,2026-09-30T14:28:47+09:00
oanda_ny,NZD/HKD,2026-08-27,2026-08-28,1,-77.3345,-21.612,10000,JPY,confirmed,https://www.oanda.jp/service/swappoint/swap_ny4_nzdhkd_202608.json,2026-09-30T14:28:47+09:00
oanda_ny,NZD/HKD,2026-08-28,2026-08-31,1,-38.4639,-24.1699,10000,JPY,confirmed,https://www.oanda.jp/service/swappoint/swap_ny4_nzdhkd_202608.json,2026-09-30T14:28:47+09:00
oanda_ny,NZD/HKD,2026-08-31,2026-09-01,1,-36.8399,-23.0898,10000,JPY,confirmed,https://www.oanda.jp/service/swappoint/swap_ny4_nzdhkd_202608.json,2026-09-30T14:28:47+09:00
oanda_ny,NZD/HKD,2026-09-01,2026-09-02,1,-39.6344,-33.1582,10000,JPY,confirmed,https://www.oanda.jp/service/swappoint/swap_ny4_nzdhkd_202609.json,2026-09-30T14:29:01+09:00
oanda_ny,NZD/HKD,2026-09-02,2026-09-03,4,-123.3573,-127.4352,10000,JPY,confirmed,https://www.oanda.jp/service/swappoint/swap_ny4_nzdhkd_202609.json,2026-09-30T14:29:01+09:00
oanda_ny,NZD/HKD,2026-09-03,2026-09-04,0,0.0,0.0,10000,JPY,confirmed,https://www.oanda.jp/service/swappoint/swap_ny4_nzdhkd_202609.json,2026-09-30T14:29:01+09:00
oanda_ny,NZD/HKD,2026-09-04,2026-09-07,1,-20.936,-37.3316,10000,JPY,confirmed,https://www.oanda.jp/service/swappoint/swap_ny4_nzdhkd_202609.json,2026-09-30T14:29:01+09:00
oanda_ny,NZD/HKD,2026-09-07,2026-09-08,1,-28.3918,-33.3728,10000,JPY,confirmed,https://www.oanda.jp/service/swappoint/swap_ny4_nzdhkd_202609.json,2026-09-30T14:29:01+09:00
oanda_ny,NZD/HKD,2026-09-08,2026-09-09,1,-19.794,-36.8664,10000,JPY,confirmed,https://www.oanda.jp/service/swappoint/swap_ny4_nzdhkd_202609.json,2026-09-30T14:29:01+09:00
oanda_ny,NZD/HKD,2026-09-09,2026-09-10,3,-45.0256,-112.9332,10000,JPY,confirmed,https://www.oanda.jp/service/swappoint/swap_ny4_nzdhkd_202609.json,2026-09-30T14:29:01+09:00
oanda_ny,NZD/HKD,2026-09-10,2026-09-11,1,-18.9241,-37.3566,10000,JPY,confirmed,https://www.oanda.jp/service/swappoint/swap_ny4_nzdhkd_202609.json,2026-09-30T14:29:01+09:00
oanda_ny,NZD/HKD,2026-09-11,2026-09-14,1,-19.3566,-41.1635,10000,JPY,confirmed,https://www.oanda.jp/service/swappoint/swap_ny4_nzdhkd_202609.json,2026-09-30T14:29:01+09:00
oanda_ny,NZD/HKD,2026-09-14,2026-09-15,1,-14.1994,-41.8638,10000,JPY,confirmed,https://www.oanda.jp/service/swappoint/swap_ny4_nzdhkd_202609.json,2026-09-30T14:29:01+09:00
oanda_ny,NZD/HKD,2026-09-15,2026-09-16,1,-15.9345,-42.4104,10000,JPY,confirmed,https://www.oanda.jp/service/swappoint/swap_ny4_nzdhkd_202609.json,2026-09-30T14:29:01+09:00
oanda_ny,NZD/HKD,2026-09-16,2026-09-17,3,-38.9696,-126.4674,10000,JPY,confirmed,https://www.oanda.jp/service/swappoint/swap_ny4_nzdhkd_202609.json,2026-09-30T14:29:01+09:00
oanda_ny,NZD/HKD,2026-09-17,2026-09-18,1,-13.4991,-46.8786,10000,JPY,confirmed,https://www.oanda.jp/service/swappoint/swap_ny4_nzdhkd_202609.json,2026-09-30T14:29:01+09:00
oanda_ny,NZD/HKD,2026-09-18,2026-09-21,1,-15.037,-45.6041,10000,JPY,confirmed,https://www.oanda.jp/service/swappoint/swap_ny4_nzdhkd_202609.json,2026-09-30T14:29:01+09:00
oanda_ny,NZD/HKD,2026-09-21,2026-09-22,1,-14.3217,-42.2243,10000,JPY,confirmed,https://www.oanda.jp/service/swappoint/swap_ny4_nzdhkd_202609.json,2026-09-30T14:29:01+09:00
oanda_ny,NZD/HKD,2026-09-22,2026-09-23,1,-20.2972,-36.3865,10000,JPY,confirmed,https://www.oanda.jp/service/swappoint/swap_ny4_nzdhkd_202609.json,2026-09-30T14:29:01+09:00
oanda_ny,NZD/HKD,2026-09-23,2026-09-24,3,-75.4551,-90.2502,10000,JPY,confirmed,https://www.oanda.jp/service/swappoint/swap_ny4_nzdhkd_202609.json,2026-09-30T14:29:01+09:00
oanda_ny,NZD/HKD,2026-09-24,2026-09-25,1,-31.1081,-29.8737,10000,JPY,confirmed,https://www.oanda.jp/service/swappoint/swap_ny4_nzdhkd_202609.json,2026-09-30T14:29:01+09:00
oanda_ny,NZD/HKD,2026-09-25,2026-09-28,1,-35.2241,-24.9504,10000,JPY,confirmed,https://www.oanda.jp/service/swappoint/swap_ny4_nzdhkd_202609.json,2026-09-30T14:29:01+09:00
oanda_ny,NZD/HKD,2026-09-28,2026-09-29,2,-123.8568,7.8016,10000,JPY,confirmed,https://www.oanda.jp/service/swappoint/swap_ny4_nzdhkd_202609.json,2026-09-30T14:29:01+09:00
oanda_ny,NZD/HKD,2026-09-29,2026-09-30,1,-82.578,-96.4629,10000,JPY,confirmed,https://www.oanda.jp/service/swappoint/swap_ny4_nzdhkd_202609.json,2026-09-30T14:29:01+09:00
oanda_ny,SGD/CHF,2026-08-03,2026-08-04,1,-6.7325,-77.0872,10000,JPY,confirmed,https://www.oanda.jp/service/swappoint/swap_ny4_sgdchf_202608.json,2026-09-30T14:28:47+09:00
oanda_ny,SGD/CHF,2026-08-04,2026-08-05,1,-2.7019,-81.7337,10000,JPY,confirmed,https://www.oanda.jp/service/swappoint/swap_ny4_sgdchf_202608.json,2026-09-30T14:28:47+09:00
oanda_ny,SGD/CHF,2026-08-05,2026-08-06,4,25.5911,-363.7685,10000,JPY,confirmed,https://www.oanda.jp/service/swappoint/swap_ny4_sgdchf_202608.json,2026-09-30T14:28:47+09:00
oanda_ny,SGD/CHF,2026-08-06,2026-08-07,1,7.7632,-85.7371,10000,JPY,confirmed,https://www.oanda.jp/service/swappoint/swap_ny4_sgdchf_202608.json,2026-09-30T14:28:47+09:00
oanda_ny,SGD/CHF,2026-08-07,2026-08-10,1,0.0,0.0,10000,JPY,confirmed,https://www.oanda.jp/service/swappoint/swap_ny4_sgdchf_202608.json,2026-09-30T14:28:47+09:00
oanda_ny,SGD/CHF,2026-08-10,2026-08-11,1,7.8249,-95.9833,10000,JPY,confirmed,https://www.oanda.jp/service/swappoint/swap_ny4_sgdchf_202608.json,2026-09-30T14:28:47+09:00
oanda_ny,SGD/CHF,2026-08-11,2026-08-12,1,10.5508,-89.1869,10000,JPY,confirmed,https://www.oanda.jp/service/swappoint/swap_ny4_sgdchf_202608.json,2026-09-30T14:28:47+09:00
oanda_ny,SGD/CHF,2026-08-12,2026-08-13,3,38.8009,-274.7454,10000,JPY,confirmed,https://www.oanda.jp/service/swappoint/swap_ny4_sgdchf_202608.json,2026-09-30T14:28:47+09:00
oanda_ny,SGD/CHF,2026-08-13,2026-08-14,1,12.9422,-98.4811,10000,JPY,confirmed,https://www.oanda.jp/service/swappoint/swap_ny4_sgdchf_202608.json,2026-09-30T14:28:47+09:00
oanda_ny,SGD/CHF,2026-08-14,2026-08-17,1,15.3259,-93.6916,10000,JPY,confirmed,https://www.oanda.jp/service/swappoint/swap_ny4_sgdchf_202608.json,2026-09-30T14:28:47+09:00
oanda_ny,SGD/CHF,2026-08-17,2026-08-18,1,15.6995,-93.8894,10000,JPY,confirmed,https://www.oanda.jp/service/swappoint/swap_ny4_sgdchf_202608.json,2026-09-30T14:28:47+09:00
oanda_ny,SGD/CHF,2026-08-18,2026-08-19,1,16.0458,-101.1169,10000,JPY,confirmed,https://www.oanda.jp/service/swappoint/swap_ny4_sgdchf_202608.json,2026-09-30T14:28:47+09:00
oanda_ny,SGD/CHF,2026-08-19,2026-08-20,3,53.0721,-286.9183,10000,JPY,confirmed,https://www.oanda.jp/service/swappoint/swap_ny4_sgdchf_202608.json,2026-09-30T14:28:47+09:00
oanda_ny,SGD/CHF,2026-08-20,2026-08-21,1,20.1686,-98.5016,10000,JPY,confirmed,https://www.oanda.jp/service/swappoint/swap_ny4_sgdchf_202608.json,2026-09-30T14:28:47+09:00
oanda_ny,SGD/CHF,2026-08-21,2026-08-24,1,14.3785,-93.1471,10000,JPY,confirmed,https://www.oanda.jp/service/swappoint/swap_ny4_sgdchf_202608.json,2026-09-30T14:28:47+09:00
oanda_ny,SGD/CHF,2026-08-24,2026-08-25,1,13.0107,-91.4402,10000,JPY,confirmed,https://www.oanda.jp/service/swappoint/swap_ny4_sgdchf_202608.json,2026-09-30T14:28:47+09:00
oanda_ny,SGD/CHF,2026-08-25,2026-08-26,1,13.0336,-91.6008,10000,JPY,confirmed,https://www.oanda.jp/service/swappoint/swap_ny4_sgdchf_202608.json,2026-09-30T14:28:47+09:00
oanda_ny,SGD/CHF,2026-08-26,2026-08-27,3,44.1828,-279.5707,10000,JPY,confirmed,https://www.oanda.jp/service/swappoint/swap_ny4_sgdchf_202608.json,2026-09-30T14:28:47+09:00
oanda_ny,SGD/CHF,2026-08-27,2026-08-28,1,22.2872,-107.7516,10000,JPY,confirmed,https://www.oanda.jp/service/swappoint/swap_ny4_sgdchf_202608.json,2026-09-30T14:28:47+09:00
oanda_ny,SGD/CHF,2026-08-28,2026-08-31,1,12.7044,-101.0081,10000,JPY,confirmed,https://www.oanda.jp/service/swappoint/swap_ny4_sgdchf_202608.json,2026-09-30T14:28:47+09:00
oanda_ny,SGD/CHF,2026-08-31,2026-09-01,1,13.06,-100.0678,10000,JPY,confirmed,https://www.oanda.jp/service/swappoint/swap_ny4_sgdchf_202608.json,2026-09-30T14:28:47+09:00
oanda_ny,SGD/CHF,2026-09-01,2026-09-02,1,11.3535,-98.7912,10000,JPY,confirmed,https://www.oanda.jp/service/swappoint/swap_ny4_sgdchf_202609.json,2026-09-30T14:29:01+09:00
oanda_ny,SGD/CHF,2026-09-02,2026-09-03,4,-12.3404,-427.7998,10000,JPY,confirmed,https://www.oanda.jp/service/swappoint/swap_ny4_sgdchf_202609.json,2026-09-30T14:29:01+09:00
oanda_ny,SGD/CHF,2026-09-03,2026-09-04,0,0.0,0.0,10000,JPY,confirmed,https://www.oanda.jp/service/swappoint/swap_ny4_sgdchf_202609.json,2026-09-30T14:29:01+09:00
oanda_ny,SGD/CHF,2026-09-04,2026-09-07,1,9.7778,-93.0921,10000,JPY,confirmed,https://www.oanda.jp/service/swappoint/swap_ny4_sgdchf_202609.json,2026-09-30T14:29:01+09:00
oanda_ny,SGD/CHF,2026-09-07,2026-09-08,1,13.3348,-89.0319,10000,JPY,confirmed,https://www.oanda.jp/service/swappoint/swap_ny4_sgdchf_202609.json,2026-09-30T14:29:01+09:00
oanda_ny,SGD/CHF,2026-09-08,2026-09-09,1,11.3182,-86.8981,10000,JPY,confirmed,https://www.oanda.jp/service/swappoint/swap_ny4_sgdchf_202609.json,2026-09-30T14:29:01+09:00
oanda_ny,SGD/CHF,2026-09-09,2026-09-10,3,34.8715,-251.081,10000,JPY,confirmed,https://www.oanda.jp/service/swappoint/swap_ny4_sgdchf_202609.json,2026-09-30T14:29:01+09:00
oanda_ny,SGD/CHF,2026-09-10,2026-09-11,1,11.6561,-87.2695,10000,JPY,confirmed,https://www.oanda.jp/service/swappoint/swap_ny4_sgdchf_202609.json,2026-09-30T14:29:01+09:00
oanda_ny,SGD/CHF,2026-09-11,2026-09-14,1,7.9506,-92.4638,10000,JPY,confirmed,https://www.oanda.jp/service/swappoint/swap_ny4_sgdchf_202609.json,2026-09-30T14:29:01+09:00
oanda_ny,SGD/CHF,2026-09-14,2026-09-15,1,14.9473,-90.0431,10000,JPY,confirmed,https://www.oanda.jp/service/swappoint/swap_ny4_sgdchf_202609.json,2026-09-30T14:29:01+09:00
oanda_ny,SGD/CHF,2026-09-15,2026-09-16,1,22.3237,-99.0195,10000,JPY,confirmed,https://www.oanda.jp/service/swappoint/swap_ny4_sgdchf_202609.json,2026-09-30T14:29:01+09:00
oanda_ny,SGD/CHF,2026-09-16,2026-09-17,3,62.19,-282.9906,10000,JPY,confirmed,https://www.oanda.jp/service/swappoint/swap_ny4_sgdchf_202609.json,2026-09-30T14:29:01+09:00
oanda_ny,SGD/CHF,2026-09-17,2026-09-18,1,17.7188,-95.662,10000,JPY,confirmed,https://www.oanda.jp/service/swappoint/swap_ny4_sgdchf_202609.json,2026-09-30T14:29:01+09:00
oanda_ny,SGD/CHF,2026-09-18,2026-09-21,1,19.1617,-97.5426,10000,JPY,confirmed,https://www.oanda.jp/service/swappoint/swap_ny4_sgdchf_202609.json,2026-09-30T14:29:01+09:00
oanda_ny,SGD/CHF,2026-09-21,2026-09-22,1,20.9048,-97.1567,10000,JPY,confirmed,https://www.oanda.jp/service/swappoint/swap_ny4_sgdchf_202609.json,2026-09-30T14:29:01+09:00
oanda_ny,SGD/CHF,2026-09-22,2026-09-23,1,21.2645,-97.9377,10000,JPY,confirmed,https://www.oanda.jp/service/swappoint/swap_ny4_sgdchf_202609.json,2026-09-30T14:29:01+09:00
oanda_ny,SGD/CHF,2026-09-23,2026-09-24,3,66.9591,-287.2445,10000,JPY,confirmed,https://www.oanda.jp/service/swappoint/swap_ny4_sgdchf_202609.json,2026-09-30T14:29:01+09:00
oanda_ny,SGD/CHF,2026-09-24,2026-09-25,1,27.1522,-106.3179,10000,JPY,confirmed,https://www.oanda.jp/service/swappoint/swap_ny4_sgdchf_202609.json,2026-09-30T14:29:01+09:00
oanda_ny,SGD/CHF,2026-09-25,2026-09-28,1,24.5807,-109.8734,10000,JPY,confirmed,https://www.oanda.jp/service/swappoint/swap_ny4_sgdchf_202609.json,2026-09-30T14:29:01+09:00
oanda_ny,SGD/CHF,2026-09-28,2026-09-29,1,47.1603,-130.5488,10000,JPY,confirmed,https://www.oanda.jp/service/swappoint/swap_ny4_sgdchf_202609.json,2026-09-30T14:29:01+09:00
oanda_ny,SGD/CHF,2026-09-29,2026-09-30,3,25.5795,-115.569,10000,JPY,confirmed,https://www.oanda.jp/service/swappoint/swap_ny4_sgdchf_202609.json,2026-09-30T14:29:01+09:00
oanda_ny,USD/CNH,2026-08-03,2026-08-04,1,62.7522,-156.2148,10000,JPY,confirmed,https://www.oanda.jp/service/swappoint/swap_ny4_usdcnh_202608.json,2026-09-30T14:28:48+09:00
oanda_ny,USD/CNH,2026-08-04,2026-08-05,1,59.953,-154.1641,10000,JPY,confirmed,https://www.oanda.jp/service/swappoint/swap_ny4_usdcnh_202608.json,2026-09-30T14:28:48+09:00
oanda_ny,USD/CNH,2026-08-05,2026-08-06,3,185.0629,-456.066,10000,JPY,confirmed,https://www.oanda.jp/service/swappoint/swap_ny4_usdcnh_202608.json,2026-09-30T14:28:48+09:00
oanda_ny,USD/CNH,2026-08-06,2026-08-07,1,61.9582,-156.6039,10000,JPY,confirmed,https://www.oanda.jp/service/swappoint/swap_ny4_usdcnh_202608.json,2026-09-30T14:28:48+09:00
oanda_ny,USD/CNH,2026-08-07,2026-08-10,1,61.2698,-156.3878,10000,JPY,confirmed,https://www.oanda.jp/service/swappoint/swap_ny4_usdcnh_202608.json,2026-09-30T14:28:48+09:00
oanda_ny,USD/CNH,2026-08-10,2026-08-11,1,60.5466,-157.0026,10000,JPY,confirmed,https://www.oanda.jp/service/swappoint/swap_ny4_usdcnh_202608.json,2026-09-30T14:28:48+09:00
oanda_ny,USD/CNH,2026-08-11,2026-08-12,1,59.2332,-155.673,10000,JPY,confirmed,https://www.oanda.jp/service/swappoint/swap_ny4_usdcnh_202608.json,2026-09-30T14:28:48+09:00
oanda_ny,USD/CNH,2026-08-12,2026-08-13,3,188.3131,-464.7919,10000,JPY,confirmed,https://www.oanda.jp/service/swappoint/swap_ny4_usdcnh_202608.json,2026-09-30T14:28:48+09:00
oanda_ny,USD/CNH,2026-08-13,2026-08-14,1,60.6265,-157.2096,10000,JPY,confirmed,https://www.oanda.jp/service/swappoint/swap_ny4_usdcnh_202608.json,2026-09-30T14:28:48+09:00
oanda_ny,USD/CNH,2026-08-14,2026-08-17,1,62.2941,-158.3275,10000,JPY,confirmed,https://www.oanda.jp/service/swappoint/swap_ny4_usdcnh_202608.json,2026-09-30T14:28:48+09:00
oanda_ny,USD/CNH,2026-08-17,2026-08-18,1,61.9159,-158.4746,10000,JPY,confirmed,https://www.oanda.jp/service/swappoint/swap_ny4_usdcnh_202608.json,2026-09-30T14:28:48+09:00
oanda_ny,USD/CNH,2026-08-18,2026-08-19,1,58.4856,-154.6877,10000,JPY,confirmed,https://www.oanda.jp/service/swappoint/swap_ny4_usdcnh_202608.json,2026-09-30T14:28:48+09:00
oanda_ny,USD/CNH,2026-08-19,2026-08-20,3,184.2207,-457.1875,10000,JPY,confirmed,https://www.oanda.jp/service/swappoint/swap_ny4_usdcnh_202608.json,2026-09-30T14:28:48+09:00
oanda_ny,USD/CNH,2026-08-20,2026-08-21,1,63.0654,-159.3871,10000,JPY,confirmed,https://www.oanda.jp/service/swappoint/swap_ny4_usdcnh_202608.json,2026-09-30T14:28:48+09:00
oanda_ny,USD/CNH,2026-08-21,2026-08-24,1,62.1615,-157.9906,10000,JPY,confirmed,https://www.oanda.jp/service/swappoint/swap_ny4_usdcnh_202608.json,2026-09-30T14:28:48+09:00
oanda_ny,USD/CNH,2026-08-24,2026-08-25,1,59.164,-155.4912,10000,JPY,confirmed,https://www.oanda.jp/service/swappoint/swap_ny4_usdcnh_202608.json,2026-09-30T14:28:48+09:00
oanda_ny,USD/CNH,2026-08-25,2026-08-26,1,57.0247,-153.4037,10000,JPY,confirmed,https://www.oanda.jp/service/swappoint/swap_ny4_usdcnh_202608.json,2026-09-30T14:28:48+09:00
oanda_ny,USD/CNH,2026-08-26,2026-08-27,3,179.0354,-468.4074,10000,JPY,confirmed,https://www.oanda.jp/service/swappoint/swap_ny4_usdcnh_202608.json,2026-09-30T14:28:48+09:00
oanda_ny,USD/CNH,2026-08-27,2026-08-28,1,67.12,-168.035,10000,JPY,confirmed,https://www.oanda.jp/service/swappoint/swap_ny4_usdcnh_202608.json,2026-09-30T14:28:48+09:00
oanda_ny,USD/CNH,2026-08-28,2026-08-31,1,63.038,-159.5452,10000,JPY,confirmed,https://www.oanda.jp/service/swappoint/swap_ny4_usdcnh_202608.json,2026-09-30T14:28:48+09:00
oanda_ny,USD/CNH,2026-08-31,2026-09-01,1,56.7799,-153.4817,10000,JPY,confirmed,https://www.oanda.jp/service/swappoint/swap_ny4_usdcnh_202608.json,2026-09-30T14:28:48+09:00
oanda_ny,USD/CNH,2026-09-01,2026-09-02,1,56.9427,-153.482,10000,JPY,confirmed,https://www.oanda.jp/service/swappoint/swap_ny4_usdcnh_202609.json,2026-09-30T14:29:02+09:00
oanda_ny,USD/CNH,2026-09-02,2026-09-03,4,210.062,-594.3657,10000,JPY,confirmed,https://www.oanda.jp/service/swappoint/swap_ny4_usdcnh_202609.json,2026-09-30T14:29:02+09:00
oanda_ny,USD/CNH,2026-09-03,2026-09-04,0,0.0,0.0,10000,JPY,confirmed,https://www.oanda.jp/service/swappoint/swap_ny4_usdcnh_202609.json,2026-09-30T14:29:02+09:00
oanda_ny,USD/CNH,2026-09-04,2026-09-07,1,58.1042,-152.706,10000,JPY,confirmed,https://www.oanda.jp/service/swappoint/swap_ny4_usdcnh_202609.json,2026-09-30T14:29:02+09:00
oanda_ny,USD/CNH,2026-09-07,2026-09-08,1,55.7088,-148.7285,10000,JPY,confirmed,https://www.oanda.jp/service/swappoint/swap_ny4_usdcnh_202609.json,2026-09-30T14:29:02+09:00
oanda_ny,USD/CNH,2026-09-08,2026-09-09,1,55.5818,-148.8121,10000,JPY,confirmed,https://www.oanda.jp/service/swappoint/swap_ny4_usdcnh_202609.json,2026-09-30T14:29:02+09:00
oanda_ny,USD/CNH,2026-09-09,2026-09-10,3,181.3665,-446.3818,10000,JPY,confirmed,https://www.oanda.jp/service/swappoint/swap_ny4_usdcnh_202609.json,2026-09-30T14:29:02+09:00
oanda_ny,USD/CNH,2026-09-10,2026-09-11,1,57.0137,-150.1017,10000,JPY,confirmed,https://www.oanda.jp/service/swappoint/swap_ny4_usdcnh_202609.json,2026-09-30T14:29:02+09:00
oanda_ny,USD/CNH,2026-09-11,2026-09-14,1,59.6112,-152.5756,10000,JPY,confirmed,https://www.oanda.jp/service/swappoint/swap_ny4_usdcnh_202609.json,2026-09-30T14:29:02+09:00
oanda_ny,USD/CNH,2026-09-14,2026-09-15,1,59.9261,-152.9579,10000,JPY,confirmed,https://www.oanda.jp/service/swappoint/swap_ny4_usdcnh_202609.json,2026-09-30T14:29:02+09:00
oanda_ny,USD/CNH,2026-09-15,2026-09-16,1,64.892,-160.5382,10000,JPY,confirmed,https://www.oanda.jp/service/swappoint/swap_ny4_usdcnh_202609.json,2026-09-30T14:29:02+09:00
oanda_ny,USD/CNH,2026-09-16,2026-09-17,3,208.9857,-478.8606,10000,JPY,confirmed,https://www.oanda.jp/service/swappoint/swap_ny4_usdcnh_202609.json,2026-09-30T14:29:02+09:00
oanda_ny,USD/CNH,2026-09-17,2026-09-18,1,66.5236,-160.5533,10000,JPY,confirmed,https://www.oanda.jp/service/swappoint/swap_ny4_usdcnh_202609.json,2026-09-30T14:29:02+09:00
oanda_ny,USD/CNH,2026-09-18,2026-09-21,1,69.066,-164.097,10000,JPY,confirmed,https://www.oanda.jp/service/swappoint/swap_ny4_usdcnh_202609.json,2026-09-30T14:29:02+09:00
oanda_ny,USD/CNH,2026-09-21,2026-09-22,1,74.0171,-168.9343,10000,JPY,confirmed,https://www.oanda.jp/service/swappoint/swap_ny4_usdcnh_202609.json,2026-09-30T14:29:02+09:00
oanda_ny,USD/CNH,2026-09-22,2026-09-23,4,416.58,-781.1936,10000,JPY,confirmed,https://www.oanda.jp/service/swappoint/swap_ny4_usdcnh_202609.json,2026-09-30T14:29:02+09:00
oanda_ny,USD/CNH,2026-09-23,2026-09-24,1,80.527,-184.7372,10000,JPY,confirmed,https://www.oanda.jp/service/swappoint/swap_ny4_usdcnh_202609.json,2026-09-30T14:29:02+09:00
oanda_ny,USD/CNH,2026-09-24,2026-09-25,0,0.0,0.0,10000,JPY,confirmed,https://www.oanda.jp/service/swappoint/swap_ny4_usdcnh_202609.json,2026-09-30T14:29:02+09:00
oanda_ny,USD/CNH,2026-09-25,2026-09-28,1,62.7922,-165.8139,10000,JPY,confirmed,https://www.oanda.jp/service/swappoint/swap_ny4_usdcnh_202609.json,2026-09-30T14:29:02+09:00
oanda_ny,USD/CNH,2026-09-28,2026-09-29,8,512.9298,-1341.0365,10000,JPY,confirmed,https://www.oanda.jp/service/swappoint/swap_ny4_usdcnh_202609.json,2026-09-30T14:29:02+09:00
oanda_ny,USD/CNH,2026-09-29,2026-09-30,1,65.3689,-160.623,10000,JPY,confirmed,https://www.oanda.jp/service/swappoint/swap_ny4_usdcnh_202609.json,2026-09-30T14:29:02+09:00
oanda_ny,USD/HKD,2026-08-03,2026-08-04,1,10.3154,-111.7669,10000,JPY,confirmed,https://www.oanda.jp/service/swappoint/swap_ny4_usdhkd_202608.json,2026-09-30T14:28:48+09:00
oanda_ny,USD/HKD,2026-08-04,2026-08-05,1,7.3324,-109.1274,10000,JPY,confirmed,https://www.oanda.jp/service/swappoint/swap_ny4_usdhkd_202608.json,2026-09-30T14:28:48+09:00
oanda_ny,USD/HKD,2026-08-05,2026-08-06,3,36.2361,-318.3366,10000,JPY,confirmed,https://www.oanda.jp/service/swappoint/swap_ny4_usdhkd_202608.json,2026-09-30T14:28:48+09:00
oanda_ny,USD/HKD,2026-08-06,2026-08-07,1,11.6984,-113.9728,10000,JPY,confirmed,https://www.oanda.jp/service/swappoint/swap_ny4_usdhkd_202608.json,2026-09-30T14:28:48+09:00
oanda_ny,USD/HKD,2026-08-07,2026-08-10,1,17.2591,-111.7674,10000,JPY,confirmed,https://www.oanda.jp/service/swappoint/swap_ny4_usdhkd_202608.json,2026-09-30T14:28:48+09:00
oanda_ny,USD/HKD,2026-08-10,2026-08-11,1,15.6811,-118.5173,10000,JPY,confirmed,https://www.oanda.jp/service/swappoint/swap_ny4_usdhkd_202608.json,2026-09-30T14:28:48+09:00
oanda_ny,USD/HKD,2026-08-11,2026-08-12,1,18.7281,-121.5649,10000,JPY,confirmed,https://www.oanda.jp/service/swappoint/swap_ny4_usdhkd_202608.json,2026-09-30T14:28:48+09:00
oanda_ny,USD/HKD,2026-08-12,2026-08-13,3,75.8483,-361.0671,10000,JPY,confirmed,https://www.oanda.jp/service/swappoint/swap_ny4_usdhkd_202608.json,2026-09-30T14:28:48+09:00
oanda_ny,USD/HKD,2026-08-13,2026-08-14,1,-0.4379,-133.1245,10000,JPY,confirmed,https://www.oanda.jp/service/swappoint/swap_ny4_usdhkd_202608.json,2026-09-30T14:28:48+09:00
oanda_ny,USD/HKD,2026-08-14,2026-08-17,1,16.5537,-119.4017,10000,JPY,confirmed,https://www.oanda.jp/service/swappoint/swap_ny4_usdhkd_202608.json,2026-09-30T14:28:48+09:00
oanda_ny,USD/HKD,2026-08-17,2026-08-18,1,9.5926,-112.5082,10000,JPY,confirmed,https://www.oanda.jp/service/swappoint/swap_ny4_usdhkd_202608.json,2026-09-30T14:28:48+09:00
oanda_ny,USD/HKD,2026-08-18,2026-08-19,1,5.674,-108.6758,10000,JPY,confirmed,https://www.oanda.jp/service/swappoint/swap_ny4_usdhkd_202608.json,2026-09-30T14:28:48+09:00
oanda_ny,USD/HKD,2026-08-19,2026-08-20,3,-37.7733,-290.4639,10000,JPY,confirmed,https://www.oanda.jp/service/swappoint/swap_ny4_usdhkd_202608.json,2026-09-30T14:28:48+09:00
oanda_ny,USD/HKD,2026-08-20,2026-08-21,1,3.4795,-106.1125,10000,JPY,confirmed,https://www.oanda.jp/service/swappoint/swap_ny4_usdhkd_202608.json,2026-09-30T14:28:48+09:00
oanda_ny,USD/HKD,2026-08-21,2026-08-24,1,-17.894,-115.2197,10000,JPY,confirmed,https://www.oanda.jp/service/swappoint/swap_ny4_usdhkd_202608.json,2026-09-30T14:28:48+09:00
oanda_ny,USD/HKD,2026-08-24,2026-08-25,1,-24.4593,-85.6075,10000,JPY,confirmed,https://www.oanda.jp/service/swappoint/swap_ny4_usdhkd_202608.json,2026-09-30T14:28:48+09:00
oanda_ny,USD/HKD,2026-08-25,2026-08-26,1,-28.8451,-81.7279,10000,JPY,confirmed,https://www.oanda.jp/service/swappoint/swap_ny4_usdhkd_202608.json,2026-09-30T14:28:48+09:00
oanda_ny,USD/HKD,2026-08-26,2026-08-27,3,-32.8016,-253.2286,10000,JPY,confirmed,https://www.oanda.jp/service/swappoint/swap_ny4_usdhkd_202608.json,2026-09-30T14:28:48+09:00
oanda_ny,USD/HKD,2026-08-27,2026-08-28,1,-79.6416,-78.7664,10000,JPY,confirmed,https://www.oanda.jp/service/swappoint/swap_ny4_usdhkd_202608.json,2026-09-30T14:28:48+09:00
oanda_ny,USD/HKD,2026-08-28,2026-08-31,1,-16.2622,-81.3109,10000,JPY,confirmed,https://www.oanda.jp/service/swappoint/swap_ny4_usdhkd_202608.json,2026-09-30T14:28:48+09:00
oanda_ny,USD/HKD,2026-08-31,2026-09-01,1,-14.9097,-80.249,10000,JPY,confirmed,https://www.oanda.jp/service/swappoint/swap_ny4_usdhkd_202608.json,2026-09-30T14:28:48+09:00
oanda_ny,USD/HKD,2026-09-01,2026-09-02,1,-14.9524,-81.3586,10000,JPY,confirmed,https://www.oanda.jp/service/swappoint/swap_ny4_usdhkd_202609.json,2026-09-30T14:29:02+09:00
oanda_ny,USD/HKD,2026-09-02,2026-09-03,4,-55.7763,-353.8306,10000,JPY,confirmed,https://www.oanda.jp/service/swappoint/swap_ny4_usdhkd_202609.json,2026-09-30T14:29:02+09:00
oanda_ny,USD/HKD,2026-09-03,2026-09-04,0,0.0,0.0,10000,JPY,confirmed,https://www.oanda.jp/service/swappoint/swap_ny4_usdhkd_202609.json,2026-09-30T14:29:02+09:00
oanda_ny,USD/HKD,2026-09-04,2026-09-07,1,-0.8579,-92.6531,10000,JPY,confirmed,https://www.oanda.jp/service/swappoint/swap_ny4_usdhkd_202609.json,2026-09-30T14:29:02+09:00
oanda_ny,USD/HKD,2026-09-07,2026-09-08,1,-14.4068,-86.0168,10000,JPY,confirmed,https://www.oanda.jp/service/swappoint/swap_ny4_usdhkd_202609.json,2026-09-30T14:29:02+09:00
oanda_ny,USD/HKD,2026-09-08,2026-09-09,1,2.9475,-95.1214,10000,JPY,confirmed,https://www.oanda.jp/service/swappoint/swap_ny4_usdhkd_202609.json,2026-09-30T14:29:02+09:00
oanda_ny,USD/HKD,2026-09-09,2026-09-10,3,39.0442,-303.4891,10000,JPY,confirmed,https://www.oanda.jp/service/swappoint/swap_ny4_usdhkd_202609.json,2026-09-30T14:29:02+09:00
oanda_ny,USD/HKD,2026-09-10,2026-09-11,1,9.2911,-101.3399,10000,JPY,confirmed,https://www.oanda.jp/service/swappoint/swap_ny4_usdhkd_202609.json,2026-09-30T14:29:02+09:00
oanda_ny,USD/HKD,2026-09-11,2026-09-14,1,7.5563,-106.6343,10000,JPY,confirmed,https://www.oanda.jp/service/swappoint/swap_ny4_usdhkd_202609.json,2026-09-30T14:29:02+09:00
oanda_ny,USD/HKD,2026-09-14,2026-09-15,1,14.7705,-107.1976,10000,JPY,confirmed,https://www.oanda.jp/service/swappoint/swap_ny4_usdhkd_202609.json,2026-09-30T14:29:02+09:00
oanda_ny,USD/HKD,2026-09-15,2026-09-16,1,16.117,-112.8452,10000,JPY,confirmed,https://www.oanda.jp/service/swappoint/swap_ny4_usdhkd_202609.json,2026-09-30T14:29:02+09:00
oanda_ny,USD/HKD,2026-09-16,2026-09-17,3,75.6451,-356.571,10000,JPY,confirmed,https://www.oanda.jp/service/swappoint/swap_ny4_usdhkd_202609.json,2026-09-30T14:29:02+09:00
oanda_ny,USD/HKD,2026-09-17,2026-09-18,1,27.7182,-128.4427,10000,JPY,confirmed,https://www.oanda.jp/service/swappoint/swap_ny4_usdhkd_202609.json,2026-09-30T14:29:02+09:00
oanda_ny,USD/HKD,2026-09-18,2026-09-21,1,25.3099,-126.626,10000,JPY,confirmed,https://www.oanda.jp/service/swappoint/swap_ny4_usdhkd_202609.json,2026-09-30T14:29:02+09:00
oanda_ny,USD/HKD,2026-09-21,2026-09-22,1,29.2626,-123.5683,10000,JPY,confirmed,https://www.oanda.jp/service/swappoint/swap_ny4_usdhkd_202609.json,2026-09-30T14:29:02+09:00
oanda_ny,USD/HKD,2026-09-22,2026-09-23,1,21.5176,-115.3643,10000,JPY,confirmed,https://www.oanda.jp/service/swappoint/swap_ny4_usdhkd_202609.json,2026-09-30T14:29:02+09:00
oanda_ny,USD/HKD,2026-09-23,2026-09-24,3,29.8729,-314.2706,10000,JPY,confirmed,https://www.oanda.jp/service/swappoint/swap_ny4_usdhkd_202609.json,2026-09-30T14:29:02+09:00
oanda_ny,USD/HKD,2026-09-24,2026-09-25,1,5.2122,-107.7148,10000,JPY,confirmed,https://www.oanda.jp/service/swappoint/swap_ny4_usdhkd_202609.json,2026-09-30T14:29:02+09:00
oanda_ny,USD/HKD,2026-09-25,2026-09-28,1,-0.4318,-101.0429,10000,JPY,confirmed,https://www.oanda.jp/service/swappoint/swap_ny4_usdhkd_202609.json,2026-09-30T14:29:02+09:00
oanda_ny,USD/HKD,2026-09-28,2026-09-29,2,-101.9602,-93.3195,10000,JPY,confirmed,https://www.oanda.jp/service/swappoint/swap_ny4_usdhkd_202609.json,2026-09-30T14:29:02+09:00
oanda_ny,USD/HKD,2026-09-29,2026-09-30,3,21.933,-316.0647,10000,JPY,confirmed,https://www.oanda.jp/service/swappoint/swap_ny4_usdhkd_202609.json,2026-09-30T14:29:02+09:00
